CATEGORY NAME,BRAND,PLCDE,PLDESC,PLTEXT,SIZE,PRICE, VAT,    RRP,B,F,G,O,S,V,BARC - INNER,BARC - OUTER,DONOTSPLIT,PRICE CHANGE SINCE CATALOGUE PUBLISHED,(Last Updated 05:45:13 09 OCT 2025)
NUT & SEED BUTTERS,SUMA,GH121,Smooth Almond Nut Butter,No Added Salt,6 X 1KG,104.02,,23.09,,,,,,V,5017601047230,05017601047223,,04 SEP 25
BODY CARE,ALTER/NATIVE BY SUMA,DY022,Shampoo - Clear & Simple,Sensitive/for all hair types,5L,31.00,1,51.99,,,,,,V,5017601043492,05017601043485,,
CEREALS & MUESLIS,BIO & ME,MX117,Cashew & Almond GF Granola,,5 X 350G,14.91,,3.99,,,G,,,V,5060853640391,15060853640398,,
BODY CARE,DR BRONNER'S,DY489,Baby - Pump Soap,,1 X 355ML,7.56,1,12.35,,F,,O,,V,0018787830543,5018787830548,,
SOFT DRINKS,DASH WATER,JU110,Sparkling Peach,Infused with wonky peaches,12 X 330ML,9.67,1,1.29,,,G,,,V,5060489730206,15060489730203,,
HERBS & SPICES - PREPACKED,SUMA ORGANIC,HE393,Thyme - Organic,,6 X 25G,7.61,,1.69,,,,O,,V,5017601011620,05017601011934,N,
DAIRY CHEESE,HIGH WEALD DAIRY,CV922,Sussex Marble Cheese,Cow's Milk Cheese with Garlic,4 X 150G,15.01,,5.05,,,,O,,,5019693000407,,,
DAIRY CHEESE,LYE CROSS FARM,CV697,Red Leicester Cheese,approx. 2.5Kg,PER KG,12.43,,,,,,O,,,,05027632000067,,
SUPPLEMENTS & REMEDIES,NATURES AID,VM272,Vitamin B12,1000ug Per Tablet,1 X 90 TABS,5.61,1,9.95,,,G,,,V,5023652280090,,,
CHOCOLATE,ORGANIC SEED & BEAN COMPANY,KB155,58% Dark Hazelnut,,10 X 75G,21.01,1,3.39,,F,,O,S,V,5060137140395,15060137140392,N,
GRAINS,SUMA BAGGED DOWN - ORGANIC,QS664,Rice - basmati; white organic,,3 KG,11.75,,,,,,O,,V,5017601008309,,,
SALADS & SPROUTS (CHILLED),SKY SPROUTS,CV503,Mung Bean Sprouts,,200G,1.85,,2.50,,,,O,,V,5060031140071,,,
FRUIT - DRIED,TROPICAL WHOLEFOODS,DR233,Chewy Banana Chips,,6 X 150G,21.67,,4.79,,,,O,,V,,,,
HERB & FRUIT TEA INFUSIONS,YOGI TEA,TE204,Black Chai,Black Tea; Ginger; Cinnamon,6 X 17 BAGS,11.45,,3.85,,,G,O,,V,4012824400658,04012824430655,,
BISCUITS CRACKERS & CRISPBREAD,ARTFUL BAKER,BT107,Sour Cherry & Dark Chocolate,Sweet Biscotti,8 X 100G,18.50,,3.29,,,,,S,,5060387031047,65060387031001,,
BODY CARE,ALTER/NATIVE BY SUMA,DY231,Shampoo - Lavender & Vetiver,For all hair types,6 X 400ML,24.00,1,7.49,,,,,,V,5017601050810,05017601050803,,
GRAINS,BIONA,QS099,Red Camargue Rice Organic,,6 X 500G,19.59,,4.35,,,,O,,V,5032722318748,5032722656130,,
BODY CARE,DR BRONNER'S,DY479,Hand Sanitiser - Peppermint,,1 X 60ML,3.69,1,5.99,,F,,O,,V,0018787362372,5018787362377,,
SOFT DRINKS,DASH WATER,JU170,Sparkling Raspberry,With elderflower extract,12 X 330ML,9.67,1,1.29,,,,,,V,5060489730046,15060489730043,,
HERBS & SPICES - PREPACKED,SUMA ORGANIC,HE091,Whole Nutmeg - organic,,6 X 20G,10.13,,2.25,,,,O,,V,5017601048176,05017601048169,N,
SUPPLEMENTS & REMEDIES,HEMPWELL,VM413,Pure CBD Oil - 1000mg,Natural Flavour,1 X 30ML,21.13,1,39.99,,,,,,V,5060793540317,,,
SNACK BARS & FLAPJACKS,MA BAKER,KB293,Blueberry,,16 X 50G,11.94,,0.99,,,,,,V,5034444102919,05034444105910,N,
OILS & FATS,NATURES AID,GT072,Liquid Coconut Oil - Premium,93% MCTs; great for cooking,6 X 250ML,36.32,,8.95,,,,,,V,5023652374256,5023652374928,,
CHOCOLATE,OTHERLY,ZX258,Oatm*lk Choc Advent Calendar,,4 X 120G,48.56,1,19.99,,,G,,S,V,5060149467442,5060149467459,,
GRAINS,SUMA BAGGED DOWN - ORGANIC,QS668,Rice - basmati; brown organic,,3 KG,10.49,,,,,,O,,V,5017601008316,,,
BURGERS SAUSAGES & TVP MIXES,SHROPSHIRE SPICE,VF309,Parsley & Thyme Stuffing,Gluten-Free,6 X 120G,10.63,,2.36,,,G,,S,V,5026163000911,05026163001192,N,
VEGETABLES,TROPICAL WHOLEFOODS,VF164,Ceps / Porcini Mushrooms,Dried,6 X 30G,23.53,,5.25,,,,,,V,5030131120068,05030131220065,,
HERB & FRUIT TEA INFUSIONS,YOGI TEA,TE169, Blood Orange,,6  X 17 BAGS,12.45,,2.75,,,G,O,,V,4012824406636,4012824436633,,
BODY CARE,ALTER/NATIVE BY SUMA,DY274,Shampoo - Lavender & Vetiver,For all hair types,5L,31.00,1,51.99,,,,,,V,5017601050834,05017601050827,,
CANDLES; INCENSE & HOLDERS,BIO D,NF297,Candle - Soya Rhubarb,Yorkshire Rhubarb,6 X 160G,39.99,1,12.00,,,,,,V,5034938016012,5034938060169,,
BODY CARE,DR BRONNER'S,DY443,Lavender - Pump Soap,,1 X 355ML,8.89,1,14.49,,F,,O,,V,0018787830512,5018787830517,,
FRUIT - DRIED,SUMA PREPACKS - ORGANIC,DR074,Dates - pitted organic,,6 X 250G,11.93,,2.65,,,,O,,V,5017601020783,05017601020776,,
HERBS & SPICES - BULK,BULK MILLED SPICES - ORGANIC,HE732,Turmeric - Organic,,500G,7.32,,,,,,O,,V,5017601026297,,,
HERBS & SPICES - PREPACKED,SUMA ORGANIC,HE387,Parsley - organic,,6 X 15G,7.61,,1.69,,,,O,,V,5017601011569,05017601011552,N,
SUPPLEMENTS & REMEDIES,HEMPWELL,VM414,Pure CBD Oil - 1500mg,Natural Flavour,1 X 30ML,29.06,1,54.99,,,,,,V,5060793540010,,,
SNACK BARS & FLAPJACKS,MA BAKER,KB446,Chocolate Smoothie Bars,Mixed case,20 X 100G,17.91,,1.19,,,,,S,,,05034444104746,N,
SUPPLEMENTS & REMEDIES,NATURES AID,VM259,Concentrated Beetroot,1400mg Beetroot Extract,1 X 60 CAPS,5.61,1,9.95,,,G,,,V,5023652393066,,,
CHOCOLATE,OTHERLY,KB149,Birthday Cake Oatm*lk Choc Bar,,10 X 60G,18.15,1,2.99,,,G,,S,V,5060149468869,5060149468876,N,
GRAINS,SUMA PREPACKS - ORGANIC,QS252,Rice - basmati; brown organic,,6 X 750G,16.88,,3.75,,,,O,,V,5017601034339,05017601034322,,
BURGERS SAUSAGES & TVP MIXES,SHROPSHIRE SPICE,VF038,Plum & Ginger Stuffing,Wholemeal,6 X 150G,7.86,,1.75,,,,,S,V,5026163000775,05026163001123,N,
FRUIT - DRIED,TROPICAL WHOLEFOODS,DR200,Dried Mango,,6 X 100G,21.67,,4.79,,F,,O,,V,5030131120044,05030131220041,,
CAKES,AUTHENTIC BREAD COMPANY,BT123,Luxury Christmas Pudding,,12 X 100G,42.34,,4.75,,,,O,S,V,5035540103626,5035540103800,,
HERB & FRUIT TEA INFUSIONS,YOGI TEA,TE267,Christmas Calendar - Tea,24 Special Organic Teas,6 X 1,47.57,,10.59,,,,O,,V,4012824723856,4012824733855,,
BODY CARE,ALTER/NATIVE BY SUMA,DY021,Shampoo - Pink Grapefruit,Normal/oily hair,6 X 400ML,24.00,1,7.49,,,,,,V,5017601043478,05017601043461,,
VEGETABLES,BIONA,KJ352,Capers in Wine Vinegar,,6 X 140G,14.58,,3.25,,,,O,,V,5032722319479,5032722656871,,
BODY CARE,DR BRONNER'S,DY455,Hand Sanitiser - Lavender,,1 X 60ML,3.69,1,5.99,,F,,O,,V,0018787362358,5018787362353,,
FRUIT - DRIED,SUMA PREPACKS,DR099,Dates - pitted,,6 X 250G,6.71,,1.49,,,,,,V,5017601020165,05017601020158,,
WINES,WHITE WINE,WN012,Deer Point Chardonnay,Polished and Crisp,6 X 75CL,40.46,1,10.79,,,,,,V,5011932011175,05011932011205,,
HERBS & SPICES - PREPACKED,SUMA ORGANIC,HE367,Caraway Seeds - organic,,6 X 30G,8.78,,1.95,,,,O,,V,5017601011361,05017601011675,N,
DAIRY CHEESE,HIGH WEALD DAIRY,CV524,Seven Sisters Cheese,Sheeps Cheese with Seaweed,4 X 125G,18.05,,6.05,,,,O,,,5019693000025,,,
SNACK BARS & FLAPJACKS,MA BAKER,KB580,Smoothie Bar - Wheat Free,Cherry;Banana;Tropical & Berry,20 X 100G,17.91,,1.19,,,,,S,,,05034444105392,N,
SUPPLEMENTS & REMEDIES,NATURES AID,VM180,Sea Buckthorn Oil,High Levels Of Omega-7,1 X 60 CAPS,12.38,1,19.95,,,,,,V,5023652420069,5023652420960,,
CHOCOLATE,OTHERLY,KB157,Cherry Oatm*lk Chocolate bar,,10 X 60G,18.15,1,2.99,,,G,,S,V,5060149468845,5060149468852,N,
DESSERTS; DAIRY (FROZEN),ROSKILLYS,XL170,Clotted Cream Vanilla Ice,,24 X 120ML,30.67,1,2.05,,,,O,S,,5060014403308,5060014404800,,
BURGERS SAUSAGES & TVP MIXES,SHROPSHIRE SPICE,VF091,Parsley;Thyme & Lemon Stuffing,Wholemeal Bread,6 X 150G,7.86,,1.75,,,,,S,V,5026163000744,0502613001093,N,
FRUIT - DRIED,TROPICAL WHOLEFOODS,DR234,Dried Pineapple,,6 X 100G,21.67,,4.79,,,,O,,V,5030131120211,,,
BISCUITS CRACKERS & CRISPBREAD,AUTHENTIC BREAD COMPANY,KB853,Fig & Walnut Cracker,,10 X 120G,34.57,,4.65,,,,O,,,5035540101875,5035540104029,,
HERB & FRUIT TEA INFUSIONS,YOGI TEA,TE597,Choco,Cocoa; Liquorice; Cinnamon,6 X 17 BAGS,12.45,,2.75,,,G,O,,V,4012824432413,4012824402416,,
BODY CARE,ALTER/NATIVE BY SUMA,DY372,Shampoo - Pink Grapefruit,Normal/oily hair,20L,110.00,1,,,,,,,V,5017601044918,05017601044901,,
CEREALS & MUESLIS,BIO & ME,MX013,Cocoa & Hazelnut Granola,Gut Loving,5 X 360G,14.42,,3.79,,,,,,V,5060853640131,25060853640135,,
TOOTH CARE,DR BRONNER'S,DY629,Spearmint Toothpaste,,1 X 105ML,5.78,1,9.25,,F,,,,V,0018787231593,200187878500723,,
FRUIT - DRIED,BULK COMMODITIES,DR017,Dates - Chopped,,10 KG,23.25,,,,,,,,V,,,,
WINES,RED WINE,WN132,Deer Point Cabernet Sauvignon,Blackcurrant Flavours,6 X 75CL,41.34,1,10.99,,,,,,V,5011932011168,05011932011199,,
HERBS & SPICES - PREPACKED,SUMA ORGANIC,HE372,Cloves - organic,,6 X 20G,8.78,,1.95,,,,O,,V,5017601011415,05017601011729,N,
SUPPLEMENTS & REMEDIES,HEMPWELL,VM016,CBD & Pain Starter Pack,1500mg Oil; Deep Relief Cream,EACH,21.13,1,39.99,,,,,,V,5060793541734,,,
SNACK BARS & FLAPJACKS,MA BAKER,KB322,Giant Fruit Bar - Wheat Free,Apple; apricot; banana; cherry,20 X 90G,14.62,,0.99,,,,,S,V,,05034444104098,N,
SUPPLEMENTS & REMEDIES,NATURES AID,VM003,MCT Oil,Great In Coffees And Smoothies,6 X 500ML,76.90,1,20.59,,F,G,,,V,5023652444959,5023652444508,,
CHOCOLATE,OTHERLY,ZX232,Coconut Chocolate Bar,Oatm*lk Chocolate Coated,15 X 40G,22.04,1,2.39,,,,,S,V,5060149467244,5060149467251,N,
DESSERTS; DAIRY (FROZEN),ROSKILLYS,XL171,Chocolate Ice Cream,,24 X 120ML,30.67,1,2.05,,,,O,S,,5060014403315,5060014404817,,
SALADS & SPROUTS (CHILLED),SKY SPROUTS,CV121,Organic Sprouts Protein Pack,Mung; Lentil & Sunflower Seed,175G,2.67,,3.55,,,,O,,V,5060589170032,,,
VEGETABLES,TROPICAL WHOLEFOODS,VF514,Shiitake Mushrooms,Dried,6 X 50G,18.00,,3.99,,,,,,V,5030131120099,05030131220096,,
CAKES,AUTHENTIC BREAD COMPANY,BT039,Luxury Mince Pies,Made Using GF Flour,6 X 300G,36.95,,8.25,,,,O,S,V,5035540103503,5035540104050,,
HERB & FRUIT TEA INFUSIONS,YOGI TEA,TE192,Classic Chai,Cinnamon; Cardamom; Ginger,6 X 17 BAGS,12.45,,2.75,,,G,O,,V,4012824402409,4012824432406,,
BODY CARE,ALTER/NATIVE BY SUMA,DY030,Shampoo - Pink Grapefruit,Normal/oily hair,5L,31.00,1,51.99,,,,,,V,5017601043638,05017601043621,,
SNACK BARS & FLAPJACKS,BIO & ME,KB400,Cocoa & Hazelnut,,18 X 38G,14.63,,1.09,,,G,,,V,5060853640780,15060853640787,N,
TOOTH CARE,DR BRONNER'S,DY544,Peppermint Toothpaste,,1 X 105ML,5.78,1,9.25,,F,,,,V,5018787321107,0018787321102,,
FRUIT - DRIED,SUMA PREPACKS,DR100,Dates - pitted,,6 X 500G,9.68,,2.15,,,,,,V,5017601022947,05017601022930,,
WINES,RED WINE,WN119,Made in Mendoza Malbec,Fair for Life. Plum & Damson,6 X 75CL,47.36,1,12.65,,,,O,,V,5011932012479,05011932012585,,
HERBS & SPICES - PREPACKED,SUMA ORGANIC,HE373,Coriander Seed - organic,,6 X 40G,7.61,,1.69,,,,O,,V,5017601011422,05017601011736,N,
SUPPLEMENTS & REMEDIES,HEMPWELL,VM005,CBD & Sleep Starter Pack,2000mg CBD Oil; Pillow Mist,EACH,21.13,1,39.99,,,,,,V,5060793541727,,,
SNACK BARS & FLAPJACKS,MA BAKER,KB679,Giant Berry Bar - Wheat Free,Straw;Rasp;Cran & Blueberries,20 X 90G,14.62,,0.99,,,,,S,V,,05034444104296,N,
SUPPLEMENTS & REMEDIES,NATURES AID,VM295,Vitamin D3,1000ui Per Tablet,1 X 60 TABS,3.36,1,5.95,,,G,,,V,5023652446069,,,
CHOCOLATE,OTHERLY,ZX141,Gingerbread Oatm*lk Bar,,10 X 60G,18.14,1,2.99,,,G,,S,V,5060149468470,5060149468463,,
GRAINS,SUMA BAGGED DOWN - ORGANIC,QS566,Rice - arborio; organic,,3 KG,17.35,,,,,,O,,V,5017601015161,,,
BURGERS SAUSAGES & TVP MIXES,SHROPSHIRE SPICE,VF185,Parsley & Thyme Stuffing,White Bread,6 X 150G,8.10,,1.80,,,,,S,V,5026163000706,05026163001055,N,
COFFEE,TRUESTART COFFEE,TE471,Columbian Coffee Beans,75mg caffeine per serving,6 X 200G,16.80,,7.49,,,,,,V,5060512100822,5060512100853,,03 OCT 25
CRISPS & SNACKS,AUTHENTIC BREAD COMPANY,BT126,Gingerbread Stars,,10 X 130G,35.71,,4.75,,,,O,S,,5035540101912,503554010,,
HERB & FRUIT TEA INFUSIONS,YOGI TEA,TE348,Relax,Linden; Chamomile; Rosehips,6 X 17 BAGS,12.45,,2.75,,,,O,,V,4012824401167,4012824431164,,
BODY CARE,ALTER/NATIVE BY SUMA,DY009,Shampoo - Patchouli,For all hair types,6 X 400ML,24.00,1,7.49,,,,,,V,5017601043393,05017601043386,,
FAR EASTERN FOOD,BIONA,VF077,Organic Coconut Milk,,8 X 200ML,10.28,,1.69,,,,O,,V,5032722312869,05032722650121,,
FLAKES; BRANS & WHEATGERM,SUMA PREPACKS - ORGANIC,FX092,Organic Pearl Barley Flakes,,6 X 500G,9.86,,2.19,,,,O,,V,5017601022923,5017601022312,,
HERB & FRUIT TEA INFUSIONS,CLIPPER,TE035,Indian Chai,Plastic Free EST Tea Bags,4 X 20BAGS,8.15,,2.75,,F,G,O,,V,5021991941597,5021991971587,,
FRUIT - DRIED,SUMA PREPACKS - ORGANIC,DR252,Dates - pitted organic,,6 X 500G,20.48,,4.55,,,,O,,V,5017601018247,05017601018667,,
WINES,RED WINE,WN058,Ingeno Nero D'Avola,Forest Fruits,6 X 75CL,46.67,1,12.45,,,,O,,V,5011932012295,05011932012394,,
HERBS & SPICES - PREPACKED,SUMA ORGANIC,HE375,Cumin Seed - organic,,6 X 25G,8.78,,1.95,,,,O,,V,5017601011446,05017601011750,N,
SUPPLEMENTS & REMEDIES,HEMPWELL,VM011,CBD & Stress Starter Pack,1500mg Oil; Pulse Point Roller,EACH,21.13,1,39.99,,,,,,V,5060793541741,,,
SNACK BARS & FLAPJACKS,MA BAKER,KB906,Nut Mixed Case,Almond;Hazelnut;Peanut;Walnut,20 X 90G,14.62,,0.99,,,,,S,V,,05034444103992,N,
BISCUITS CRACKERS & CRISPBREAD,NAIRN'S,BT346,Dark Chocolate Chip,,8 X 200G,12.18,,2.05,,,,,S,,061232202556,00061232202563,,
CHOCOLATE,OTHERLY,KB143,Plain Oatm*lk Chocolate Bar,,10 X 60G,18.15,1,2.99,,,G,,S,V,5060149468807,5060149468814,N,
GRAINS,SUMA PREPACKS - ORGANIC,QS677,Rice - arborio; organic,,6 X 500G,18.23,,4.05,,,,O,,V,5017601023401,05017601023395,,
BAKING SUNDRIES,AUTHENTIC BREAD COMPANY,VF053,Luxury Mincemeat with Cognac,,6 X 300G,24.03,,5.35,,,,O,S,V,5035540100496,5035540104111,,
BURGERS SAUSAGES & TVP MIXES,SHROPSHIRE SPICE,VF004,Chestnut & Cranberry Stuffing,With Apple - White Bread,6 X 150G,8.10,,1.80,,,,,S,V,5026163000713,5026163001062,N,
COFFEE,TRUESTART COFFEE,TE465,Columbian Ground Coffee,75mg of caffeine per serving,6 X 200G,16.80,,7.49,,,,,,V,5060512100709,5060512100730,,03 OCT 25
HERB & FRUIT TEA INFUSIONS,YOGI TEA,TE551,Detox,Liquorice; Dandelion; Cinnamon,6 X 17 BAGS,12.45,,2.75,,,G,O,,V,4012824402492,4012824432499,,
BODY CARE,ALTER/NATIVE BY SUMA,DY026,Shampoo - Patchouli,For all hair types,5L,31.00,1,51.99,,,,,,V,5017601043553,05017601043546,,
NUT & SEED BUTTERS,BIONA,GH211,Cashew Nut Butter - og,,6 X 170G,22.78,,5.05,,,,O,,V,5032722305892,05032722642324,,
FLAKES; BRANS & WHEATGERM,BULK COMMODITIES - ORGANIC,FX015,Pearl Barley Flakes - Organic,,20 KG,32.93,,,,,,O,,V,,,,
HERB & FRUIT TEA INFUSIONS,CLIPPER,TE118,After Dinner Mints,Double Mint and Fennel,4 X 20 BAGS,9.59,,3.19,,,,O,,V,5021991938672,05021991974137,,
FRUIT - DRIED,SUMA BAGGED DOWN,DR148,Dates - loosepack,,5 KG,12.99,,,,,,,,V,5017601341482,,,
WINES,WHITE WINE,WN057,Ingeno Pinot Grigio,Terre Siciliane; Rich & Fruity,6 X 75CL,41.67,1,11.15,,,,O,,V,5011932012288,05011932012387,,
HERBS & SPICES - PREPACKED,SUMA ORGANIC,HE388,Peppercorns Black - Organic,,6 X 25G,8.78,,1.95,,,,O,,V,5017601011576,05017601011569,N,
DAIRY CHEESE,HIGH WEALD DAIRY,CV923,Sussex Velvet Cheese,Super-Smooth Continental Style,4 X 150G,14.36,,4.80,,,,O,,,5019693000452,,,
SNACK BARS & FLAPJACKS,MA BAKER,KB262,Raspberry,,16 X 50G,11.94,,0.99,,,,,,V,5034444102926,05034444105927,N,
BISCUITS CRACKERS & CRISPBREAD,NAIRN'S,BT275,Oatcakes - Traditional Rough,,10 X 291G,9.61,,1.27,,,,,,V,061232203072,00061232203096,,
CHOCOLATE,OTHERLY,KB147,Salted Caramel Bar,Oatm*lk Chocolate,10 X 60G,18.15,1,2.99,,,G,,S,V,5060149468821,5060149468838,N,
DESSERTS; DAIRY (FROZEN),ROSKILLYS,XL174,Caramel Crunch Ice Cream,,24 X 120ML,30.67,1,2.05,,,,O,S,,5060014403360,5060014404886,,
BURGERS SAUSAGES & TVP MIXES,SHROPSHIRE SPICE,VF041,Sage; Red Pepper & Shallot,Stuffing Wholemeal,6 X 150G,7.86,,1.75,,,,,S,V,5026163000799,05026163001147,N,
BISCUITS CRACKERS & CRISPBREAD,AUTHENTIC BREAD COMPANY,KB217,Olive & Mature Cheddar Bites,,10 X 100G,47.43,,6.35,,,,O,,,5035540104500,5035540104616,,
COFFEE,TRUESTART COFFEE,TE464,Barista Instant Decaf Coffee,<5mg of caffeine per serving,6 X 100G,30.00,,6.75,,,,,,V,5060512101164,5060512101232,,
HERB & FRUIT TEA INFUSIONS,YOGI TEA,TE208,Echinacea,Echinacea; Rooibos; Caradmom,6 X 17 BAGS,12.45,,2.75,,,G,O,,V,4012824402522,4012824432529,,
BODY CARE,ALTER/NATIVE BY SUMA,DY019,Shampoo - Rose & Geranium,Damaged/coloured hair,6 X 400ML,24.00,1,7.49,,,,,,V,5017601043454,05017601043447,,
OILS & FATS,BIONA,GT069,Virgin Coconut Oil Organic,,6 X 800G,68.42,,15.19,,,,O,,V,5032722311985,05032722648326,,
NUTS & SEEDS,SUMA PREPACKS,NU087,Brazil - whole medium,,6 X 125G,13.94,,3.10,,,,,,V,5017601022206,05017601022190,,
TEAS,CLIPPER,TE989,Organic Pure Green Tea,,6 X 20 BAGS,12.10,,2.75,,F,,O,,V,5021991941009,05021991971020,,
FRUIT - DRIED,SUMA BAGGED DOWN - ORGANIC,DR236,Dates - organic,Whole Pitted Deglet Noor,1 KG,7.55,,,,,,O,,V,5017601009030,,,
WINES,RED WINE,WN030,Pico a Pico Merlot Carmenere,Medium Bodied; Spicy Red Fruit,6 X 75CL,43.33,1,11.55,,F,,,,V,5011932011953,05011932012059,,
HERBS & SPICES - PREPACKED,SUMA ORGANIC,HE389,Poppy Seed Blue - organic,,6 X 40G,8.78,,1.95,,,,O,,V,5017601011583,05017601011897,N,
DAIRY CHEESE,HIGH WEALD DAIRY,CV047,Org Brighton Blue Cheese,Award Winning Mellow Blue,4 X 150G,15.23,,5.10,,,,O,,,0205113300000,5019693000117,,
NUTS & SEEDS,SUMA PREPACKS,NU101,Macadamias,Large halves,6 X 125G,15.08,,3.35,,,,,,V,5017601032533,05017601032526,,
SNACK BARS & FLAPJACKS,NAIRN'S,BT112,Belgian Chocolate,,10 X 160G,21.70,1,3.49,,,G,,,V,612322030315,10612322030312,N,
CHOCOLATE,OTHERLY,ZX867,Salted Caramel Oatm*lk Truffle,Egg Shaped Tin,6 X 125G,78.09,1,24.95,,,,,S,V,5060149466575,5060149466582,,
GRAINS,BULK COMMODITIES - ORGANIC,QS093,Rice - Jasmine; white organic,Fragrant long grain white rice,25 KG,76.00,,,,,,O,,V,,,,
COFFEE,TRUESTART COFFEE,TE462,Barista Grade Instant Coffee,Rich and smooth,6 X 100G,30.00,,6.75,,,,,,V,5060512100600,5060512101225,,
BURGERS SAUSAGES & TVP MIXES,SHROPSHIRE SPICE,VF150,Sage & Onion Stuffing,Wholemeal Bread,6 X 150G,7.86,,1.75,,,,,S,V,5026163000737,05026163001086,N,
BISCUITS CRACKERS & CRISPBREAD,AUTHENTIC BREAD COMPANY,BT161,Shortbread Stars,festive star shapes,10 X 130G,36.42,,4.85,,,,O,S,,5035540101172,5035540104098,,
BODY CARE,ALTER/NATIVE BY SUMA,DY371,Shampoo - Rose & Geranium,Damaged/coloured hair,20L,110.00,1,,,,,,,V,5017601044895,05017601044888,,
PICKLES; CHUTNEYS & MUSTARDS,BIONA,KJ377,Org Cornichons (Mini Gherkins),With dill and mustard seeds,6 X 330G,20.96,,4.65,,,,O,S,V,5032722306172,05032722642591,,
NUTS & SEEDS,SUMA PREPACKS,NU088,Brazil - broken,,6 X 125G,12.38,,2.75,,,,,,V,5017601023487,05017601023470,,
COFFEE,CLIPPER,TE076,Rich Roast Instant Coffee FT,Papua New Guinea,6 X 100G,37.93,,8.45,,F,,O,,V,5021991247613,05021991248610,,
FRUIT - DRIED,SUMA BAGGED DOWN,DR227,Dates - Chopped,,1 KG,4.19,,,,,,,,V,5017601009047,,,
WINES,WHITE WINE,WN032,Pico a Pico Sauvignon Blanc,Fresh and Fruity,6 X 75CL,43.39,1,11.59,,F,,,,V,5011932011960,05011932012066,,
HERBS & SPICES - PREPACKED,SUMA ORGANIC,HE070,Curry Leaves - organic,,6 X 5G,7.61,,1.69,,,,O,,V,5017601048077,05017601048060,N,
DAIRY CHEESE,HIGH WEALD DAIRY,CV082,Org Cow & Sheeps Milk Halloumi,Mediterranean Salty Brined,4 X 150G,13.57,,4.55,,,,O,,,5019693000131,,,
NUTS & SEEDS,SUMA BAGGED DOWN,NU079,Macadamia Nuts - Style 4L,Large halves,1 KG,18.75,,,,,,,,V,5017601032557,,,
BISCUITS CRACKERS & CRISPBREAD,NAIRN'S,BT108,GF Biscuit Breaks Oat & Fruit,,12 X 160G,25.79,,2.89,,,G,,S,V,612322030018,10612322030015,,
MEAT ALTERNATIVES(FROZEN),OUMPH!,XL072,Buffalo Tenders,,10 X 280G,34.57,,4.60,,,,,,V,07316641513919,17316641513916,,
GRAINS,SUMA BAGGED DOWN - ORGANIC,QS106,Rice - Jasmine; white organic,Fragrant long grain white rice,3 KG,18.29,,,,,,O,,V,5017601051114,,,
BURGERS SAUSAGES & TVP MIXES,SHROPSHIRE SPICE,VF310,Sage & Onion Stuffing,Gluten-Free,6 X 120G,10.63,,2.36,,,G,,S,V,5026163000904,05026163001185,N,
CAKES,AUTHENTIC BREAD COMPANY,BT040,Luxury Mince Pies,With Brandy,6 X 300G,34.11,,7.59,,,,O,S,V,5035540100489,5035540104043,,
HERB & FRUIT TEA INFUSIONS,DRAGONFLY TEA,TE440,Cape Malay Rooibos Chai,Spiced Rooibos Tea,4 X 20 BAGS,8.47,,2.85,,,,O,,V,5032558000022,05032558000152,,
BODY CARE,ALTER/NATIVE BY SUMA,DY029,Shampoo - Rose & Geranium,Damaged/coloured hair,5L,31.00,1,51.99,,,,,,V,5017601043614,05017601043607,,
FRUIT & VEGETABLE JUICES,BIONA,JU521,Cranberry Fruit Drink,No Added Sugar,6 X 750ML,23.54,1,6.29,,,,O,,V,5032722302518,05032722640573,,
NUTS & SEEDS,SUMA PREPACKS,NU146,Brazil - broken,,6 X 250G,22.46,,4.99,,,,,,V,5017601023500,05017601023494,,
HERB & FRUIT TEA INFUSIONS,CLIPPER,TE352,Ginger & Turmeric,Ginger; Turmeric; Lemongrass,4 X 20 BAGS,9.59,,3.19,,,,O,,V,5021991943317,5021991974113,,
FRUIT - DRIED,SUMA BAGGED DOWN,DR183,Dates - loosepack,,1 KG,3.79,,,,,,,,V,5017601009054,,,
WINES,WHITE WINE,WN008,Running Duck Chenin Blanc,Fair for Life.Refreshing;zesty,6 X 75CL,45.99,1,12.29,,F,,O,,V,5011932011632,05011932011618,,
HERBS & SPICES - PREPACKED,SUMA ORGANIC,HE062,Cayenne Pepper - organic,,6 X 35G,10.13,,2.25,,,,O,,V,5017601048039,05017601048022,N,
DAIRY CHEESE,HIGH WEALD DAIRY,CV051,Saint Giles Soft Cheese,Continental with Orange Rind,4 X 150G,13.92,,4.65,,,,O,,,5019693000094,,,
MEAT ALTERNATIVES (CHILLED),MACSWEEN,CV385,Veg Haggis 8 x 200g,,8 X 200G,17.66,,2.95,,,,,,V,5026018000066,15026018000063,,
BISCUITS CRACKERS & CRISPBREAD,NAIRN'S,BT243,Caramelised Biscuit Moments,,12 X 170G,23.86,,2.69,,,G,,S,V,612322001896,10612322001893,,
MEAT ALTERNATIVES(FROZEN),OUMPH!,XL074,Crispy Ch*cken,,10 X 360G,34.57,,4.60,,,,,,V,07316641817130,17316641817137,,
GRAINS,SUMA PREPACKS - ORGANIC,QS095,Rice - Jasmine organic,Fragrant long grain white rice,6 X 500G,12.83,,2.85,,,,O,,V,5017601051336,05017601051329,,
SALADS & SPROUTS (CHILLED),SKY SPROUTS,CV509,Radish Sprout,,100G,1.85,,2.50,,,,O,,V,5060031140132,,,
BISCUITS CRACKERS & CRISPBREAD,AUTHENTIC BREAD COMPANY,KB889,Pumpkin & Sunflower Oatcake,,10 X 150G,33.58,,4.49,,,,O,,,5035540101899,5035540104036,,
HERB & FRUIT TEA INFUSIONS,DRAGONFLY TEA,TE339,Moroccan Mint,Gunpowder Green; Peppermint,4 X 20 BAGS,8.47,,2.85,,,,O,,V,5032558000701,05032558000732,,
BODY CARE,ALTER/NATIVE BY SUMA,DY003,Shampoo - Tea Tree & Aloe,Normal/oily hair,6 X 400ML,24.00,1,7.49,,,,,,V,5017601043379,05017601043362,,
VINEGARS,BIONA,KJ350,Coconut Vinegar - Organic,With the Mother,6 X 250ML,15.03,,3.35,,,,O,,V,5032722319363,5032722656765,,
NUTS & SEEDS,SUMA PREPACKS,NU147,Brazil - whole medium,,6 X 250G,26.06,,5.79,,,,,,V,5017601019701,05017601019695,,
HERB & FRUIT TEA INFUSIONS,CLIPPER,TE127,Sleep Time Infusion,Chamomile; Lem Balm; Lavender,4 X 20 BAGS,9.59,,3.19,,,,O,,V,5021991941757,5021991974144,,
FRUIT - DRIED,BULK COMMODITIES,DR018,Dates - Whole Pitted,Sayer Variety Iran/Pakistan,10 KG,19.00,,,,,,,,V,,,,
WINES,WHITE WINE,WN115,Running Duck Chenin Sauv Blanc,Fair for Life. Light Bodied,6 X 75CL,45.99,1,12.25,,F,,O,,V,5011932009752,05011932009684,,
HERBS & SPICES - PREPACKED,SUMA ORGANIC,HE092,Chilli Flakes - organic,,6 X 25G,8.78,,1.95,,,,O,,V,5017601048053,05017601048046,N,
VEGAN CHEESE,I AM NUT OK,CV788,Fetamorphosis Cheese,,6 X 140G,26.91,,5.99,,,,,,V,5060628430080,150606284300878,,
NUTS & SEEDS,BULK COMMODITIES,NU076,Macadamia Nuts 25lbs,Style 4; large halves,11.34 KG,176.91,,,,,,,,V,,,,
BISCUITS CRACKERS & CRISPBREAD,NAIRN'S,BT572,GF Dark Choc&C'nut Chunky Bisc,,6 X 160G,12.90,,2.89,,,G,,S,,612322000783,10612322000780,,
MEAT ALTERNATIVES(FROZEN),OUMPH!,XL059,Kebab Pieces,,10 X 360G,34.57,,4.60,,,,,,V,07316641817178,17316641817175,,
DESSERTS; DAIRY (FROZEN),ROSKILLYS,XL173,Mint Choc Chip Ice Cream,,24 X 120ML,30.67,1,2.05,,,,O,S,,5060014403346,5060014404831,,
BURGERS SAUSAGES & TVP MIXES,SHROPSHIRE SPICE,VF078,Sage Lemon & Chestnut Stuffing,White Bread,6 X 150G,8.10,,1.80,,,,,S,V,5026163000720,5026163001079,N,
BISCUITS CRACKERS & CRISPBREAD,AUTHENTIC BREAD COMPANY,KB092,Beetroot & Rosemary Biscuits,,10 X 100G,32.71,,4.39,,,,O,,,5035540101868,5035540104005,,
HERB & FRUIT TEA INFUSIONS,DRAGONFLY TEA,TE234,Swirling Mist White Tea,Mellow White Tea,4 X 20 BAGS,9.27,,3.09,,,,O,,V,5032558000817,05032558000831,,
BISCUITS CRACKERS & CRISPBREAD,AUTHENTIC BREAD COMPANY,KB852,Sea Salt & Cracked Pepper,Biscuits,10 X 100G,32.15,,4.29,,,,O,,,5035540101882,5035540104012,,
BODY CARE,ALTER/NATIVE BY SUMA,DY365,Shampoo - Tea Tree & Aloe,Normal/oily hair,20L,110.00,1,0.00,,,,,,V,5017601044819,05017601044802,,
SUGARS & SYRUPS,BIONA,LJ182,Dark Agave Syrup,,6 X 350G,19.13,,4.25,,,,O,,V,5032722311596,05032722647893,,
NUTS & SEEDS,SUMA PREPACKS - ORGANIC,NU219,Brazils - organic,,6 X 250G,33.53,,7.45,,,,O,,V,5017601021421,05017601021414,,
TEAS,CLIPPER,TE726,Fairtrade One Cup Teabags,,440 BAGS,11.42,,15.25,,F,,,,V,5021991942013,,,
FRUIT - DRIED,SUMA BAGGED DOWN - ORGANIC,DR062,Dates - Medjool Organic,Succulent; Ready to Eat,1 KG,14.15,,,,,,O,,V,5017601031550,,,
WINES,ROSE WINE,WN118,Running Duck Shiraz Rose,Fair for Life; Straw\blckberry,6 X 75CL,46.92,1,12.55,,F,,O,,V,5011932009783,05011932009714,,
HERBS & SPICES - PREPACKED,SUMA ORGANIC,HE060,Fenugreek Seeds - organic,,6 X 40G,8.78,,1.95,,,,O,,V,5017601048015,05017601048008,N,
VEGAN CHEESE,I AM NUT OK,CV786,Bluffalo Notzzarella Cheese,,6 X 200G,22.46,,4.99,,,,,,V,5060628430134,150606284301318,,
MEAT ALTERNATIVES (CHILLED),MACSWEEN,CV390,Veg Haggis 6 x 400g,,6 X 400G,25.79,,5.70,,,,,,V,5026018000028,25026018000022,,
BISCUITS CRACKERS & CRISPBREAD,NAIRN'S,BT149,Caramelised Onion Flatbreads,,6 X 150G,10.76,,2.39,,,G,,S,,612322001025,10612322001022,,
MEAT ALTERNATIVES(FROZEN),OUMPH!,XL076,Swedish Balls,,10 X 360G,34.57,,4.60,,,,,,V,07316641817116,17316641817113,,
DESSERTS; DAIRY (FROZEN),ROSKILLYS,XL172,Strawberry Ice Cream,,24 X 120ML,30.67,1,2.05,,,,O,S,,5060014403322,5060014404855,,
HERB & FRUIT TEA INFUSIONS,DRAGONFLY TEA,TE376,Rooibos Vanilla,,4 X 40 BAGS,9.78,,3.25,,,,O,,V,5032558000404,05032558001241,,
BISCUITS CRACKERS & CRISPBREAD,AUTHENTIC BREAD COMPANY,KB224,Savoury Biscuit Selection Pack,,5 X 215G,34.29,,9.15,,,,O,S,,5035540104548,5035540104623,,
BODY CARE,ALTER/NATIVE BY SUMA,DY025,Shampoo - Tea Tree & Aloe,Normal/oily hair,5L,31.00,1,51.99,,,,,,V,5017601043539,05017601043522,,
SUGARS & SYRUPS,BIONA,HY020,Organic Date Syrup,,6 X 350G,20.04,,4.45,,,,O,,V,5032722313088,05032722650343,,
NUTS & SEEDS,SUMA BAGGED DOWN,NU078,Brazil - broken,,1 KG,14.75,,,,,,,,V,5017601770787,,,
OILS & FATS,CLEARSPRING,GT035,Flax Oil Organic,,8 X 250ML,32.34,,5.39,,,,O,,V,5021554002642,05021554002635,,
FRUIT - DRIED,SUMA PREPACKS - ORGANIC,DR159,Dates - Medjool Organic,Succulent; Ready to Eat,6 X 250G,21.11,,4.69,,,,O,,V,5017601026839,05017601026822,,
WINES,WHITE WINE,WN019,Stellar Org. Sauvignon Blanc,Fair for Life. Vibrant. Dry,6 X 75CL,45.99,1,12.25,,F,,O,,V,5011932010079,05011932010000,,
HERBS & SPICES - PREPACKED,SUMA ORGANIC,HE089,Star Anise - organic,,6 X 15G,8.78,,1.95,,,,O,,V,5017601048152,05017601048145,N,
VEGAN CHEESE,I AM NUT OK,CV787,C'e Dairy Cheese,Cheddar & Acai,6 X 120G,31.46,,6.99,,,,,,V,5060628430004,150606284300014,,
READY MEALS (FROZEN),MAGPYE,XL268,Mince & Onion Pie,,8 X 210G,24.57,,4.10,,,,,,V,5070002075929,15070002075926,,
BISCUITS CRACKERS & CRISPBREAD,NAIRN'S,ZX338,Original Flatbread,,6 X 150G,10.76,,2.39,,,G,,S,V,612322000769,10612322000766,,
MEAT ALTERNATIVES(FROZEN),OUMPH!,XL068,Smash Burgers,4 burgers per pack,10 X 320G,34.57,,4.60,,,,,,V,07316641817185,17316641817182,,
GRAINS,SUMA PREPACKS - ORGANIC,QS213,Rice - white basmati; organic,,6 X 750G,17.51,,3.89,,,,O,,V,5017601034353,05017601034346,,
HERB & FRUIT TEA INFUSIONS,DRAGONFLY TEA,TE367,Rooibos Earl Grey,,4 X 40 BAGS,9.78,,3.25,,,,O,,V,5032558000411,05032558001258,,
CAKES,AUTHENTIC BREAD COMPANY,BT154,Vegan Christmas Cake,Made Using Rice Flour,4 X 450G,38.51,,12.85,,,,O,S,V,5035540101684,5035540104081,,
BODY CARE,ALTER/NATIVE BY SUMA,DY607,Travel Soap Tin - Single Size,Al tin with 1 drainage insert,1 X TIN,2.54,1,4.15,,,,,,V,5017601048817,05017601048800,,
CHOCOLATE,BIONA,ZX218,Dark Chocolate Roasted Almonds,,10 X 30G,14.52,1,2.29,,,G,O,S,V,5032722320048,5032722657489,N,
NUTS & SEEDS,BULK COMMODITIES,NU016,Brazil Nuts - Broken 44lbs,,19.96 KG,292.86,,,,,,,,V,,,,
BISCUITS CRACKERS & CRISPBREAD,CLEARSPRING,BT629,Rice Cakes - No Added Salt;Org,,12 X 130G,16.11,,1.79,,,G,O,,V,5021554000242,05021554000303,,
FRUIT - DRIED,BULK COMMODITIES - ORGANIC,DR524,Dates - Medjool Organic,Succulent ready to eat,3 KG,33.22,,,,,,O,,V,6253809390191,,,
WINES,RED WINE,WN138,Stellar Organics Merlot,Fair for Life.No added sulphur,6 X 75CL,48.03,1,12.79,,F,,O,,V,5011932010840,05011932010833,,
HERBS & SPICES - PREPACKED,SUMA ORGANIC,HE094,Smoked Paprika - organic,,6 X 25G,8.78,,1.95,,,,O,,V,5017601048138,05017601048121,N,
VEGAN CHEESE,I AM NUT OK,CV004,Crack On Pepper Log Cheese,,6 X 120G,26.91,,5.99,,,,,,V,5060628430172,150606284301936,,
READY MEALS (FROZEN),MAGPYE,XL269,Mushroom & Roasted Garlic Pie,,8 X 210G,24.57,,4.10,,,,,,V,5070002075950,15070002075957,,
CRISPS & SNACKS,NAIRN'S,ZX335,Sea Salt & Rosemary Flatbread,,6 X 150G,10.76,,2.39,,,G,,S,,612322000776,10612322000773,,
VEGAN & OAT MILK,OVERHERD,SY257,Oat Milk Powder,,9 X 400G,67.41,,9.99,,,G,,,V,5070002576617,9508799263138,,
GRAINS,BULK COMMODITIES,QS501,Rice - white pudding,,25 KG,48.25,,,,,,,,V,,,,
HERB & FRUIT TEA INFUSIONS,DRAGONFLY TEA,TE363,Rooibos,,4 X 40 BAGS,9.78,,3.25,,,,O,,V,5032558000428,05032558001265,,
CAKES,AUTHENTIC BREAD COMPANY,BT155,Christmas Pudding,Made Using Rice Flour,4 X 450G,37.14,,12.39,,,,O,S,V,5035540101691,5035540104074,,
BODY CARE,ALTER/NATIVE BY SUMA,DY110,Organic Cotton Soap Bag,Fits one bar of soap,1 X BAG,1.27,1,2.15,,,,O,,V,5017601045519,05017601045502,,
CHOCOLATE,BIONA,ZX222,Dark Chocolate Cherries,,10 X 45G,22.12,1,3.55,,,G,O,S,V,5032722320062,5032722657502,N,
NUTS & SEEDS,SUMA BAGGED DOWN,NU017,Brazil - broken,,5 KG,72.65,,,,,,,,V,5017601770176,,,
BISCUITS CRACKERS & CRISPBREAD,CLEARSPRING,BT630,Rice Cakes - Lightly Salted,,12 X 130G,16.11,,1.79,,,G,O,,V,5021554000310,05021554000327,,
FRUIT - DRIED,SUMA BAGGED DOWN - ORGANIC,DR080,Dates - organic,Whole Pitted Deglet Noor,2.5 KG,16.85,,,,,,O,,V,5017601340805,,,
WINES,ORANGE WINE,WN023,Winzer Krems Gruner Veltliner,Fermented in skins for 21 days,6 X 75CL,56.65,1,15.09,,,G,,,V,900511070475,9005511170472,,
HERBS & SPICES - PREPACKED,SUMA,HE152,Paprika,,6 X 45G,6.71,,1.49,,,,,,V,5017601049630,05017601049623,N,
VEGAN CHEESE,I AM NUT OK,CV790,G.O.A.T. Tangy Cheese,,6 X 120G,31.46,,6.99,,,,,,V,5060628430042,150606284300496,,
READY MEALS (FROZEN),MAGPYE,XL245,Plant Based Steak & Ale Pie,,8 X 210G,24.57,,4.10,,,,,,V,5070002075905,15070002075902,,
BISCUITS CRACKERS & CRISPBREAD,NAIRN'S,BT046,Oatcakes - Fruit & Seed,,8 X 225G,10.63,,1.80,,,,,S,V,612322000202,10612322000209,,
CHOCOLATE,OXFAM FAIR TRADE,WS295,Bite To Fight Brazil Nut Bar,Milk Chocolate,35 X 45G,31.57,1,1.45,B,F,,,S,,5400164141024,5400164241021,N,
GRAINS,SUMA BAGGED DOWN,QS079,Rice - white pudding,,5 KG,14.45,,,,,,,,V,5017601480792,,,
HERB & FRUIT TEA INFUSIONS,DRAGONFLY TEA,TE420,Sleepy Mint & Honeybush Tea,,4 X 20 BAGS,8.97,,2.99,,,,O,,V,5032558000749,05032558001272,,
SUPPLEMENTS & REMEDIES,ARBOR VITAMINS,VM464,Trinity Multi-Nutrients,Morning; Day & Night Formulas,1 X 90 CAPS,9.28,,24.99,,,G,,,V,5065012795035,5065012795103,,
TOOTH CARE,ALTER/NATIVE BY SUMA,DY705,Bamboo Toothbrush Child Soft,Flat bamboo toothbrush,EACH,1.86,1,2.99,,,,,,V,5017601051930,05017601051923,,
CHOCOLATE,BIONA,ZX237,Dark Chocolate Strawberries,,10 X 45G,22.12,1,3.55,,,G,O,S,V,5032722320079,5032722657519,N,
NUTS & SEEDS,SUMA BAGGED DOWN,NU077,Brazil - whole; medium,,1 KG,21.55,,,,,,,,V,5017601770770,,,
BISCUITS CRACKERS & CRISPBREAD,CLEARSPRING,BT631,Rice Cakes - 3 Grain; Thin;Org,,12 X 130G,16.11,,1.79,,,G,O,,V,5021554000358,05021554000365,,
FRUIT - DRIED,BULK COMMODITIES - ORGANIC,DR112,Dates - Whole Pitted Organic,Whole Pitted Deglet Noor,10 KG,52.80,,,,,,O,,V,,,,
DRINKS (CHILLED),EQUINOX,CV830,Grapefruit & Guava Kombucha,,12 X 275ML,19.75,1,2.65,,,,O,S,V,5060452360065,25060452360069,,
HERBS & SPICES - PREPACKED,SUMA,HE155,Piri Piri Seasoning,,6 X 40G,6.71,,1.49,,,,,,V,5017601051558,05017601051541,N,
VEGAN CHEESE,I AM NUT OK,CV805,Oh Grate Cheese,,6 X 100G,22.46,,4.99,,,,,,V,5060628430073,15606284300700,,
SALT & SEASONINGS,MALDON,LJ006,Sea Salt-Flaky Crystals,TUBS 6 X 570G,6 X 570G,40.79,,8.99,,,,,,V,5011428000409,05011428000416,,
BISCUITS CRACKERS & CRISPBREAD,NAIRN'S,BT267,GF Biscuit Breaks Stem Ginger,,12 X 160G,25.79,,2.89,,,G,,S,V,612322000028,10612322000025,,
GRAINS,SUMA BAGGED DOWN - ORGANIC,QS038,Rice-short grain brown organic,,10 KG,35.99,,,,,,O,,V,5017601480389,,,
HERB & FRUIT TEA INFUSIONS,DRAGONFLY TEA,TE427,Sweet Rosehip & Raspberry Tea,,4 X 20 BAGS,8.97,,2.99,,,,O,,V,5032558000756,05032558001289,,
WATERS,ACTIPH WATER,WA015,Alkaline Still Spring Water,9.8pH w/electrolytes; minerals,12 X 330ML,7.14,1,1.05,,,G,,,V,5060477670378,015060477670375,,
TOOTH CARE,ALTER/NATIVE BY SUMA,DY706,Bamboo Toothbrush Travel Case,Travel case fits 1 adult brush,EACH,4.97,1,7.95,,,,,,V,5017601051954,05017601051947,,
CEREALS & MUESLIS,DELICIOUSLY ELLA,MX089,Deluxe Granola,,6 X 380G,18.58,,4.09,,,G,,S,V,5060482843491,15060482843498,,
NUTS & SEEDS,BULK COMMODITIES,NU014,Brazil Nuts - Whole 44lbs,,19.96 KG,392.86,,,,,,,,V,5017601048237,,,02 SEP 25
VEGETABLES,CLEARSPRING,VF339,Sauerkraut,Demeter standard In glass jars,6 X 360G,8.96,,1.99,B,,,O,,V,5021554989158,05021554989165,,
CANDLES; INCENSE & HOLDERS,DALIT GOODS,NF005,Rahul Miniature Clay Candles,4hr burn time,1 X 10,11.99,1,19.99,,,,,,,5065022745099,,,
DRINKS (CHILLED),EQUINOX,CV736,Ginger Kombucha,,12 X 275ML,19.75,1,2.65,,,,O,S,V,5060452360010,25060452360014,,
HERBS & SPICES - PREPACKED,SUMA,HE156,Poppy Seeds,,6 X 40G,6.71,,1.49,,,,,,V,5017601049654,05017601049647,N,
VEGAN CHEESE,I AM NUT OK,CV791,Minerthreat Charcoal Cheese,,6 X 120G,31.46,,6.99,,,,,,V,5060628430035,250606284300394,,
SALT & SEASONINGS,MALDON,LJ226,Sea Salt Flakes with Chilli,,6 X 500G,57.14,,12.69,,,,,,V,5011428000676,15011428000673,,
BISCUITS CRACKERS & CRISPBREAD,NAIRN'S,BT558,Cracked Black Pepper Cracker,,8 X 137G,14.36,,2.39,,,G,,S,V,612322001759,10612322001756,,
GRAINS,BULK COMMODITIES - ORGANIC,QS037,Rice-short grain brown organic,,25 KG,68.75,,,,,,O,,V,,,,
HERB & FRUIT TEA INFUSIONS,DRAGONFLY TEA,TE404,Three Mint Medley Tea,,4 X 20 BAGS,8.97,,2.99,,,,O,,V,5032558000763,05032558001296,,
HERB & FRUIT TEA INFUSIONS,YOGI TEA,TE194,Green Energy,Green Tea; Guarana; Ginger,6 X 17 BAGS,12.45,,2.75,,,G,O,,V,4012824401969,04012824431966,,
WATERS,ACTIPH WATER,WA010,Alkaline Still Spring Water,9.8pH w/electrolytes; minerals,12 X 750ML,12.96,1,1.85,,,G,,,V,5060477670057,015060477670054,,
TOOTH CARE,ALTER/NATIVE BY SUMA,DY702,Bamboo Toothbrush Adult Medium,Flat bamboo toothbrush,EACH,1.86,1,2.99,,,,,,V,5017601051893,05017601051886,,
HOUSEHOLD CLEANING PRODUCTS,BIO D,HJ234,Dishwasher Tablets,40% Less weight than std tabs,8 X 30 TABS,39.97,1,7.99,,,,,,V,5034938500191,5034938300296,,
NUTS & SEEDS,SUMA BAGGED DOWN,NU015,Brazil - whole; medium,,5 KG,108.05,,,,,,,,V,5017601770152,,,
FAR EASTERN FOOD,CLEARSPRING,JP011,Instant White Miso Paste OG,,8 X 60G,19.74,,3.29,,,,O,,V,5021554988175,05021554988182,,
SWEET SNACKS,SAVVY SWEETS,ZX879,Berry Bears,with Prebiotic Fibre,12 X 50G,15.00,1,1.99,,,G,,,V,9324956001159,19324956001156,N,
DRINKS (CHILLED),EQUINOX,CV737,Original Kombucha,,12 X 275ML,19.75,1,2.65,,,,O,S,V,5060452360003,25060452360007,,
HERBS & SPICES - PREPACKED,SUMA,HE170,Rendang,,6 X 40G,7.88,,1.75,,,,,,V,5017601051596,05017601051589,N,
VEGAN CHEESE,I AM NUT OK,CV798,Nerominded Truffle Cheese,,6 X 120G,32.80,,6.99,,,,,,V,5060628430066,150606284300632,,
SALT & SEASONINGS,MALDON,LJ219,Sea Salt Flakes with Chilli,,12 X 100G,31.43,,3.49,,,,,,V,5011428000515,15011428000512,,
CRISPS & SNACKS,NAIRN'S,ZX631,Mini Cheese Bakes,,14 X 45G,12.01,,1.15,,,G,,S,,612322001704,10612322001701,N,
GRAINS,SUMA BAGGED DOWN - ORGANIC,QS039,Rice-short grain brown organic,,3 KG,10.89,,0.00,,,,O,,V,5017601480396,,,
HERB & FRUIT TEA INFUSIONS,DRAGONFLY TEA,TE813,Digestive Pu'er Tea,Carefully fermented tea,4 X 20 BAGS,8.47,,2.85,,,,O,,V,5032558001340,05032558001357,,
HERB & FRUIT TEA INFUSIONS,YOGI TEA,TE098,Gift Box,,EACH,8.55,,11.39,,,,O,,V,,,,
WATERS,ACTIPH WATER,WA012,Alkaline Still Spring Water,9.8pH w/electrolytes; minerals,24 X 330ML,17.48,1,1.29,,,G,,,V,5060477670040,015060477670047,,
TOOTH CARE,ALTER/NATIVE BY SUMA,DY703,Bamboo Toothbrush Adult Soft,Flat bamboo toothbrush,EACH,1.86,1,2.99,,,,,,V,5017601051916,05017601051909,,
HOUSEHOLD CLEANING PRODUCTS,BIO D,HJ103,Washing Powder Concentrated,Bulk,12.5 KG,39.30,1,62.99,,,,,,V,5034938100032,,,
NUTS & SEEDS,SUMA BAGGED DOWN - ORGANIC,NU278,Brazils Whole - organic,,1 KG,23.99,,,,,,O,,V,5017601014898,,,
BISCUITS CRACKERS & CRISPBREAD,CROSTA & MOLLICA,BT160,Almond Cantucci,,8 X 170G,22.86,,3.81,,,,,S,,5060198648373,5060198649004,,
SWEET SNACKS,SAVVY SWEETS,ZX885,Fruits & Cream Bears,With Prebiotic Fibre,12 X 50G,15.00,1,1.99,,,G,,,V,9324956001180,19324956001187,N,
DRINKS (CHILLED),EQUINOX,CV741,Raspberry Elderflower Kombucha,,12 X 275ML,19.75,1,2.65,,,,O,S,V,5060452360027,25060452360021,,
HERBS & SPICES - PREPACKED,SUMA,HE164,Star Anise,,6 X 15G,6.71,,1.49,,,,,,V,5017601049234,05017601049227,N,
VEGAN CHEESE,I AM NUT OK,CV811,Paparica Smoked Cheese,,6 X 120G,31.46,,6.99,,,,,,V,5060628430059,150606284300564,,
SALT & SEASONINGS,MALDON,LJ225,Sea Salt Flakes with Garlic,,12 X 100G,31.43,,3.49,,,,,,V,5011428000522,15011428000529,,
BISCUITS CRACKERS & CRISPBREAD,NAIRN'S,BT559,W/Grain Super Seeded Cracker,,8 X 137G,14.36,,2.39,,,G,,S,,612322001766,10612322001763,,
GRAINS,SUMA PREPACKS - ORGANIC,QS101,Rice-short grain brown organic,,6 X 750G,16.88,,3.75,,,,O,,V,5017601035718,05017601035701,,
HERB & FRUIT TEA INFUSIONS,DRAGONFLY TEA,TE419,Lively Lemon & Ginger Tea,,4 X 20 BAGS,8.97,,2.99,,,,O,,V,5032558000770,05032558001364,,
HERB & FRUIT TEA INFUSIONS,YOGI TEA,TE835,Ginger,Ginger; Black Pepper,6 X 17 BAGS,12.45,,2.75,,,G,O,,V,4012824431829,4012824401822,,
DRINKS (CHILLED),CHERRY ACTIVE,CV095,Cherry Active Concentrate,Conc Montmorency Cherry Juice,12 X 946ML,266.20,1,35.49,,,,,,V,5060142250010,05060142250256,,
BODY CARE,ALTER/NATIVE BY SUMA,DY444,Boxed Soap Tea Tree & E'lyptus,Antiseptic - with nettle leaf,6 X 95G,11.82,1,3.15,,,,,,V,5017601039198,05017601039181,,
HOUSEHOLD CLEANING PRODUCTS,BIO D,HJ081,Washing Powder Concentrated,,1 KG,3.27,1,5.25,,,,,,V,5034938100018,5034938300128,,
NUTS & SEEDS,SUMA PREPACKS - ORGANIC,NU344,Brazils - organic,,6 X 125G,17.78,,3.95,,,,O,,V,5017601024446,05017601024439,,
BREADS & BREAD MIXES,CROSTA & MOLLICA,BT131,Chilli Crostini,,10 X 150G,18.29,,2.44,,,,,,V,5060198640070,5060198647710,,
SOFT DRINKS,DOT DOT,JU107,Lychee Rose Bubble Tea,,12 X 250ML,23.66,1,3.80,,,G,,,V,5065016737017,5065016737086,,
DRINKS (CHILLED),EQUINOX,CV742,Wild Berry Kombucha,,12 X 275ML,19.75,1,2.65,,,,O,S,V,5060452360034,65060452360036,,
HERBS & SPICES - PREPACKED,SUMA,HE901,Retail Display Rack,61.5cm wide x 56.5cm high,EACH,10.00,,,,,,,,,,,,
BISCUITS CRACKERS & CRISPBREAD,ISLAND BAKERY ORGANICS,BT121,Apple Crumbles Organic Biscuit,,12 X 125G,36.39,,4.05,,,,O,S,,5060027070160,05060027070443,,
BISCUITS CRACKERS & CRISPBREAD,NAIRN'S,BT419,Coconut and Chia Oat Biscuit,,10 X 200G,15.24,,2.05,,,,,S,V,612322001063,10612322001060,,
HONEY,ROWSE,HY267,Squeezable Organic Honey,,6 X 340G,19.65,,4.35,,,,O,,,5011273040339,05011273640331,,
HERB & FRUIT TEA INFUSIONS,DRAGONFLY TEA,TE338,Moonlight Jasmine,Green Tea; Jasmine Flowers,4 X 20 BAGS,8.47,,2.85,,,,O,,V,5032558001456,05032558001432,,
HERB & FRUIT TEA INFUSIONS,YOGI TEA,TE836,Ginger Orange & Vanilla,Ginger; Orange Peel; Vanilla,6 X 17 BAGS,12.45,,2.75,,,G,O,,V,4012824402546,04012824432543,,
DRINKS (CHILLED),CHERRY ACTIVE,CV108,Cherry Active Concentrate,Conc Montmorency Cherry Juice,12 X 473ML,136.80,1,18.25,,,,,,V,5060142250041,05060142250324,,
BODY CARE,ALTER/NATIVE BY SUMA,BK004,Sticker - For Store Windows,ALTER/NATIVE by Suma'In-Store',EACH,0.00,,,,,,,,V,,,,
HOUSEHOLD CLEANING PRODUCTS,BIO D,HJ082,Washing Powder Concentrated,,2 KG,6.28,1,10.10,,,,,,V,5034938100025,05034938300081,,
NUTS & SEEDS,SUMA BAGGED DOWN - ORGANIC,NU032,Brazils Whole - organic,,2.5 KG,58.95,,,,,,O,,V,5017601032298,05017601032281,,
FLOURS & BREAD MIXES,COCONUT MERCHANT,FG073,Organic Coconut Flour,,6 X 500G,18.17,,4.05,,,,O,,V,779140006486,47791400064860,N,
SOFT DRINKS,DOT DOT,JU116,Sparkling Mango Bubble Tea,With Passionfruit,12 X 250ML,20.40,1,2.75,,,G,,,V,5065016737222,5065016737338,,
HOUSEHOLD PRODUCTS,ECOLIVING,NF013,Cleaning Cloths - Compostable,Pack 6; Rainbow design,10 X 6 PACK,41.99,1,7.00,,,,,,V,5060636880624,15060636880621,,
HERBS & SPICES - PREPACKED,SUMA,HE166,Tagine Seasoning,,6 X 40G,7.88,,1.75,,,,,,V,5017601051572,05017601051565,N,
BISCUITS CRACKERS & CRISPBREAD,ISLAND BAKERY ORGANICS,BT163,Chocolate Gingers,,12 X 133G,38.11,1,5.09,,,,O,S,,5060027070115,5060027070276,,01 SEP 25
BISCUITS CRACKERS & CRISPBREAD,NAIRN'S,BT571,GF Blueb&Rasp Chunky Buscuits,,6 X 160G,12.90,,2.89,,,G,,S,V,612322000790,10612322000797,,
GRAINS,BULK COMMODITIES,QS008,Sushi Rice,,10 KG,18.92,,,,,,,,V,,,,
BURGERS SAUSAGES & TVP MIXES,SHROPSHIRE SPICE,VF029,Sage and Roast Onion Stuffing,White Bread,6 X 150G,8.10,,1.80,,,,,S,V,5026163000690,5026163001048,N,
HERB & FRUIT TEA INFUSIONS,DRAGONFLY TEA,TE546,Night Sky Calm,Camomile; Valerian; Sage,4 X 20 BAGS,9.27,,3.09,,,,O,,V,5032558000244,05032558001517,,
HERB & FRUIT TEA INFUSIONS,YOGI TEA,TE293,Ginger Lemon,Ginger; Lemon; Peppermint,6 X 17 BAGS,12.45,,2.75,,,G,O,,V,4012824432505,4012824402508,,
BISCUITS CRACKERS & CRISPBREAD,ADONIS,BT432,Black Pepper & Sea Salt,,10 X 60G,25.00,,3.35,,,,O,,V,5060474941280,5060474941327,,
BEANS & PULSES - DRIED,BULK COMMODITIES,PU016,Cannellini Beans - Alubia,,25 KG,58.43,,,,,,,,V,,,,
HOUSEHOLD CLEANING PRODUCTS,BIO D,HJ097,Washing Up Liquid,Fragrance Free,5L,8.11,1,12.99,,,,,,V,5034938100131,5034938400019,,
NUTS & SEEDS,BULK COMMODITIES - ORGANIC,NU890,Brazils Whole - organic,44lbs,19.96 KG,424.00,,,,,,O,,V,,,,
VEGAN & OAT MILK,COCONUT MERCHANT,VF082,Coconut Milk Powder,,6 X 250G,38.83,,8.65,,,,O,,V,5060468010916,55060468010911,,
SOFT DRINKS,DOT DOT,JU108,Mango Passionfruit Bubble Tea,,12 X 250ML,23.66,1,3.80,,,G,,,V,5065016737024,5065016737093,,
HOUSEHOLD PRODUCTS,ECOLIVING,NF016,Sponge - Compostable,Biodegradable sponge,30 X 1,42.99,1,2.50,,,,,,V,5060636881324,15060636881338,,
HERBS & SPICES - PREPACKED,SUMA,HE159,Tarragon,,6 X 10G,6.08,,1.35,,,,,,V,5017601049678,05017601049661,N,
BISCUITS CRACKERS & CRISPBREAD,SWEET FA,BT358,Cranberry & Orange Cookies,,12 X 125G,33.85,,3.79,,,G,O,S,V,5060027071808,05060027071846,,
BISCUITS CRACKERS & CRISPBREAD,NAIRN'S,BT375,Choc Orange Oat Biscuits,,6 X 200G,9.14,,2.05,,,,,S,,612322001414,10612322001411,,
GRAINS,SUMA PREPACKS,QS222,Rice - sushi,,6 X 500G,9.23,,2.05,,,,,,V,5017601024262,05017601024255,,
SALADS & SPROUTS (CHILLED),SKY SPROUTS,CV131,Organic Sprouts Superfood Pack,Alf RamboRadish Kohlrabi Kale,110G,2.67,,3.55,,,,O,,V,5060589170049,,,
HERB & FRUIT TEA INFUSIONS,DRAGONFLY TEA,TE581,Mint Garden Digestif,Peppermint; Fennel; Dandelion,4 X 20 BAGS,9.27,,3.09,,,,O,,V,5032558000268,05032558001531,,
HERB & FRUIT TEA INFUSIONS,YOGI TEA,TE615,Good Night,Hops; Lavender Oil; Chamomile,6 X 17 BAGS,12.45,,2.75,,,G,O,,V,4012824405684,04012824435681,,
SUPERFOODS & SPORTS NUTRITION,ADONIS,VM433,Chocolate Keto Protein Powder,,6 X 350G,80.56,,17.90,,,,O,,V,5060474941709,5060474941778,,
HOUSEHOLD CLEANING PRODUCTS,BIO D,HJ004,Fabric Conditioner,Fragrance Free,12 X 1L,27.79,1,3.69,,,,,,V,5034938100063,05034938300036,,
DRINKS (CHILLED),BIOTIFUL DAIRY,CV342,Kefir Milk Drink,,6 X 500ML,13.02,,2.90,,,G,O,,,5060337220071,15060337220078,,
BREADS & BREAD MIXES,CROSTA & MOLLICA,BT191,Mini Panettone,,16 X 100G,22.63,,1.89,,,,,S,,5060198645044,5060198648434,,
SWEET SNACKS,SAVVY SWEETS,ZX881,Raspberry/Blueberry Sour Bears,With Prebiotic Fibre,12 X 50G,15.00,1,1.99,,,G,,,V,9324956001166,19324956001163,N,
HOUSEHOLD PRODUCTS,ECOLIVING,NF020,Dishbrush Replacement Head,For wooden dishbrushes,20 X HEADS,31.99,1,2.75,,,,,,V,5060636880440,15060636880447,N,
HERBS & SPICES - PREPACKED,SUMA,HE130,Tikka Masala,,6 X 40G,6.71,,1.49,,,,,,V,5017601051411,05017601051404,N,
BISCUITS CRACKERS & CRISPBREAD,SWEET FA,BT359,Double Choc Chip Cookies,,12 X 125G,33.85,,3.79,,,G,O,S,V,5060027071792,05060027071839,,
BISCUITS CRACKERS & CRISPBREAD,NAIRN'S,BT259,Gluten Free Salted Crackers,,5 X 125G,9.95,,2.65,,,G,,S,V,612322001889,10612322001886,,
GRAINS,BULK COMMODITIES,QS402,Rice - Basmati; White,,25 KG,60.42,,,,,,,,V,,,,
BURGERS SAUSAGES & TVP MIXES,SHROPSHIRE SPICE,VF109,Mushroom & Garlic Stuffing,With Herbs - Wholemeal Bread,6 X 150G,7.86,,1.75,,,,,S,V,5026163000805,5026163001154,N,
HERB & FRUIT TEA INFUSIONS,DRAGONFLY TEA,TE588,Cape Rooibos & Honeybush Tea,Caffeine Free Tea,4 X 20 BAGS,8.47,,2.85,,,,O,,V,5032558000282,05032558001555,,
HERB & FRUIT TEA INFUSIONS,YOGI TEA,TE195,Green Balance,Green Tea; L\grass; Peppermint,6 X 17 BAGS,12.45,,2.75,,,G,O,,V,4012824401914,04012824431911,,
SNACK BARS & FLAPJACKS,ADONIS,KB381,Keto Hazelnut & Cocoa Prot Bar,Protein Bar,16 X 45G,19.89,1,1.99,,,,,,V,5060474940566,5060474940573,N,
HOUSEHOLD CLEANING PRODUCTS,BIO D,HJ215,Fabric Conditioner,Fragrance Free,20L,34.09,1,54.89,,,,,,V,5034938020040,,,
WATERS,BOTTLE UP,WA002,Still Spring Water,Dark Blue,6 X 500ML,9.56,1,2.55,,,,,,V,8719327113707,8719327243619,,
BREADS & BREAD MIXES,CROSTA & MOLLICA,BT139,Durum Wheat Mini Piadina,,16 X 100G,15.54,,1.29,,,,,,V,5060198642562,05060198642579,,
SWEET SNACKS,SAVVY SWEETS,ZX880,Sour Cola Bears,with Prebiotic Fibre,12 X 50G,15.00,1,1.99,,,G,,,V,9324956001173,19324956001170,N,
HOUSEHOLD PRODUCTS,ECOLIVING,NF011,Dish Brush w\ Replaceable head,Grey; Grip silicone handle,12 X PACK,41.99,1,6.00,,,,,,V,5060636880464,15060636880461,,
BISCUITS CRACKERS & CRISPBREAD,ISLAND BAKERY ORGANICS,BT392,Lemon Melts Tin,,6 X 180G,58.47,1,15.49,,,,O,,,5060027071457,5060027071631,,
BISCUITS CRACKERS & CRISPBREAD,NAIRN'S,BT426,Salted Caramel Oat Biscuits,,6 X 200G,9.14,,2.05,,,,,S,,612322001421,10612322001428,,
GRAINS,SUMA BAGGED DOWN,QS074,Rice - basmati; white,,3 KG,9.49,,,,,,,,V,5017601480747,,,
SNACK BARS & FLAPJACKS,SESAME SNAPS,KB001,Sesame Snaps,,24 X 30G,5.86,1,0.45,,,,,S,V,50991716,5011424500019,N,
HERB & FRUIT TEA INFUSIONS,ELEVEN 0'CLOCK,TE381,Rooibos,Naturally Caffeine Free,4 X 40 BAGS,8.86,,2.95,,,,O,,V,6001478058061,5032558002064,,
HERB & FRUIT TEA INFUSIONS,YOGI TEA,TE209,Green Chai,Green Tea; Cinnamon; Ginger,6 X 17 BAGS,12.45,,2.75,,,G,O,,V,4012824400757,04012824430754,,
BISCUITS CRACKERS & CRISPBREAD,ADONIS,BT237,Mediterranean Style,,10 X 60G,25.44,,3.39,,,,O,,V,5060474941624,5060474941631,,
HOUSEHOLD CLEANING PRODUCTS,BIO D,HJ608,Fabric Conditioner,Fragrance Free,5L,9.30,1,14.89,,,,,,V,5034938100155,5034938400033,,
WATERS,BOTTLE UP,WA004,Still Spring Water,Pink,6 X 500ML,9.56,1,2.55,,,,,,V,8719327113721,8719327243602,,
BREADS & BREAD MIXES,CROSTA & MOLLICA,BT178,Durum Wheat Piadina,,12 X 300G,20.57,,2.29,,,,,,V,5060198642760,05060198642777,,
SOFT DRINKS,DOT DOT,JU119,Sparkling Lychee Bubble Tea,With Rose,12 X 250ML,20.40,1,2.75,,,G,,,V,5065016737215,5065016737321,,
TOOTH CARE,ECOLIVING,DY279,Dental Floss,Plant-Based,6 X 50M,14.70,1,4.20,,,,O,,V,5060636881072,15060636881079,,
BISCUITS CRACKERS & CRISPBREAD,ISLAND BAKERY ORGANICS,BT006,Lime Melts,,12 X 133G,38.11,1,5.09,,,,O,S,,5060027070139,5060027070290,,
BISCUITS CRACKERS & CRISPBREAD,NAIRN'S,BT027,Sourdough Flatbreads,,6 X 125G,10.76,,2.39,,,G,,S,V,612322001629,10612322001626,,
CHOCOLATE,OXFAM FAIR TRADE,WS297,Bite To Fight Coffee Cream bar,Dark Chocolate,35 X 45G,31.57,1,1.45,B,F,,,S,,05400164141284,05400164241281,N,
GRAINS,BULK COMMODITIES,QS565,Wild Rice 50lbs,,22.68 KG,261.16,,,,,,,,V,,,,
SNACK BARS & FLAPJACKS,SESAME SNAPS,KB777,Sesame Snaps Chocolate Coated,,24 X 30G,9.52,1,0.65,,,,,S,V,5011424530030,5011424530429,N,
HERB & FRUIT TEA INFUSIONS,ELEVEN 0'CLOCK,TE382,Rooibos,Naturally Caffeine Free,4 X 80 BAGS,17.31,,5.77,,,,O,,V,6001478058054,05032558002071,,
HERB & FRUIT TEA INFUSIONS,YOGI TEA,TE787,Green Tea Matcha Lemon,Matcha; Lemon Grass; Lime,6 X 17 BAGS,12.45,,2.75,,,G,O,,V,4012824403277,04012824433274,,
HOUSEHOLD CLEANING PRODUCTS,BIO D,HJ333,Fabric Conditioner Lavender,Lavender,5L,10.63,1,16.99,,,,,,V,5034938100193,5034938300197,,
COFFEE,CHEERFUL BUDDHA,TE032,Lion's Mane Mushroom Coffee,Coffee blend,6 X 150G,62.78,,13.95,,,,,,V,0794712103905,,,
OILS & FATS,COCONUT MERCHANT,GT029,MCT Oil with C8,,6 X 500ML,135.77,,30.19,,,,,,V,5060468010848,55060468010843,,
SOFT DRINKS,DOT DOT,JU109,Yuzu Lemon Bubble Tea,,12 X 250ML,23.66,1,3.80,,,G,,,V,5065016737031,5065016737109,,
TOOTH CARE,ECOLIVING,DY169,Toothpaste Tablets w\Fluoride,125 Tabs per compostable pack,10 X 125 TAB,32.99,1,5.50,,,,,,V,5060636882253,25060636882257,,
BISCUITS CRACKERS & CRISPBREAD,ISLAND BAKERY ORGANICS,BT164,Lemon Melts,,12 X 133G,38.11,1,5.09,,,,O,S,,5060027070122,5060027070283,,
BISCUITS CRACKERS & CRISPBREAD,NAIRN'S,BT557,Wholegrain Cracker,,8 X 160G,14.36,,2.39,,,G,,S,V,612322001742,10612322001749,,
CHOCOLATE,OXFAM FAIR TRADE,WS296,Bite To Fight Dark Chocolate,Dark Chocolate,35 X 50G,31.57,1,1.45,B,F,,,S,,05400164141031,05400164241038,N,
DESSERTS & PUDDINGS (CHILLED),RADEKS,CV311,Brownie with Pecans & Dates,,12 X 60G,27.00,,3.00,,,,O,S,V,0750258905151,0780627355195,,
SNACK BARS & FLAPJACKS,SESAME SNAPS,KB587,Sesame Snaps Coconut,,24 X 30G,6.15,1,0.45,,,,,S,V,5011424500453,5011424500460,N,
HERB & FRUIT TEA INFUSIONS,DRAGONFLY TEA,TE569,Golden Balance Turmeric Tea,Turmeric; Aniseed; Cardamom,4 X 20 BAGS,9.27,,3.09,,,,O,,V,5032558000251,05032558001562,,
HERB & FRUIT TEA INFUSIONS,YOGI TEA,TE162,Happy Belly,barley grass; dandelion nettle,6 X 17 BAGS,12.45,,2.75,,,,O,,V,4012824436695,4012824406698,,
HOUSEHOLD CLEANING PRODUCTS,BIO D,HJ232,Floor Cleaner 750ml,Concentrate. For hard floors,12 X 750ML,29.87,1,3.99,,,,,,V,5034938100560,5034938120016,,
FLAKES; BRANS & WHEATGERM,BULK COMMODITIES - ORGANIC,FX027,Buckwheat Flakes - Organic,,15 KG,58.75,,,,,,O,,V,,,,
BREADS & BREAD MIXES,CROSTA & MOLLICA,BT132,Oregano Crostini,,12 X 150G,18.43,,2.46,,,,,,V,5060198640643,5060198647703,,
SNACK BARS & FLAPJACKS,Deliciously Ella,KB175,Apple & Almond Breakfast Bakes,,6  X 3 X 50G,12.16,,2.69,,,G,,S,V,5060482843736,15060482843733,,
SNACK BARS & FLAPJACKS,DELICIOUSLY ELLA,WS071,Almond Butter Ball,,12 X 36G,11.93,1,1.59,,,G,,,V,5060482840407,15060482840404,N,
BISCUITS CRACKERS & CRISPBREAD,ISLAND BAKERY ORGANICS,BT162,Oat Crumbles,,12 X 125G,30.69,,3.39,,,,O,S,,5060027070153,05060027070399,,
BISCUITS CRACKERS & CRISPBREAD,NAIRN'S,BT424,Gluten Free Oatcakes - Cheese,,8 X 180G,15.49,,2.59,,,G,,,,612322000394,10612322000391,,
CHOCOLATE,OXFAM FAIR TRADE,WS300,Bite To Fight Caramel Sea Salt,Milk chocolate,35 X 47G,31.57,1,1.45,B,F,,,S,,5400164141277,5400164241274,N,
CHOCOLATE,RADEKS,ZX433,75% Dark CBD Bar,contains 35mg CBD,10 X 67G,40.00,1,6.40,,,,O,S,V,0742776741557,0780627355126,N,
SNACK BARS & FLAPJACKS,SESAME SNAPS,KB180,Sesame Snaps (Multipack),,30 X 4 X 1,28.29,1,1.55,,,,,S,V,5011424500026,05011424500231,N,
HERB & FRUIT TEA INFUSIONS,TICK TOCK,TE430,Rooibos - organic,,4 X 40 BAGS,8.67,,2.89,,,,O,,V,5032558000183,05032558003146,,
HERB & FRUIT TEA INFUSIONS,YOGI TEA,TE645,Heartwarming,Basil; Orange Peel; Chili,6 X 17 BAGS,12.45,,2.75,,,G,O,,V,4012824431720,4012824401723,,
HOUSEHOLD CLEANING PRODUCTS,BIO D,HJ414,Fabric Conditioner Frsh Cotton,,12 X 1L,35.71,1,5.09,,,,,,V,5034938100452,5034938120061,,
SUGARS & SYRUPS,BUCKWUD,HY002,Maple Syrup,,6 X 620G,50.10,,10.99,,,G,,,V,5011273024100,05011273624102,,
NUT & SEED BUTTERS,COCONUT MERCHANT,GH076,Coconut Butter,Rich and Creamy,12 X 300G,56.91,,6.29,,,G,O,,V,779140006479,57791400064799,,
BABY & CHILD FOOD,ELLA'S KITCHEN,BB001,Apples & Bananas,from 4 months,7 X 120G,7.39,,1.40,,,,O,,V,5060107330276,05060107330283,N,
BISCUITS CRACKERS & CRISPBREAD,ISLAND BAKERY ORGANICS,BT253,Orange Melts,,12 X 133G,38.11,1,5.09,,,,O,S,,5060027070184,05060027070511,,
CEREALS & MUESLIS,NAIRN'S,MX154,Muesli - Gluten Free,,5 X 450G,13.47,,3.59,,,G,,S,V,061232202471,10612322000339,,
CHOCOLATE,OXFAM FAIR TRADE,WS298,Bite To Fight Milk Chocolate,,35 X 50G,31.57,1,1.45,B,F,,,,,05400164141000,05400164241007,N,
COCOA,RADEKS,TE029,CBD Drinking Chocolate,Collab with Bristol CBD,6 X 175G,50.40,,11.25,,,,O,S,V,0660111146082,0780627355249,,
SNACK BARS & FLAPJACKS,SESAME SNAPS,KB778,Sesame Snaps Yoghurt Coated,,24 X 30G,6.89,1,0.50,,,,,S,,5011424530610,5011424530634,N,
HERB & FRUIT TEA INFUSIONS,TICK TOCK,TE659,Earl Grey,,4 X 40 BAGS,9.16,,3.05,,,,,,V,5032558022994,05032558003214,,
HERB & FRUIT TEA INFUSIONS,YOGI TEA,TE187,Himalaya,Ginger; Fennel; Cinnamon,6 X 17 BAGS,12.45,,2.75,,,G,O,,V,4012824430105,4012824400108,,
HOUSEHOLD CLEANING PRODUCTS,BIO D,HJ415,Fabric Conditioner Frsh Cotton,,5L,8.93,1,15.29,,,,,,V,5034938500375,5034938040239,,
SUGARS & SYRUPS,BUCKWUD,HY001,Maple Syrup,,6 X 250G,29.72,,6.65,,,G,O,,V,5011273014903,05011273614905,,
BREADS & BREAD MIXES,CROSTA & MOLLICA,BT138,Olive & Rosemary Ovali,,12 X 120G,24.17,,2.69,,,,,,V,5060198644191,5060198644542,,
BABY & CHILD FOOD,ELLA'S KITCHEN,BB109,Baby Brekkie - Banana,from 6 months,6 X 100G,6.69,,1.49,,,,O,,,5060107330788,05060107330795,N,
BISCUITS CRACKERS & CRISPBREAD,SWEET FA,BT362,Oat & Raisin Cookies,,12 X 125G,33.85,,3.79,,,G,O,S,V,5060027071785,05060027071822,,
SALT & SEASONINGS,MALDON,LJ004,Sea Salt - Crystals Smoked,,12 X 125G,30.33,,3.39,,,,,,V,5011428300028,05011428200120,,
BISCUITS CRACKERS & CRISPBREAD,NAIRN'S,BT420,Gluten Free Oatcakes,,8 X 213G,15.49,,2.59,,,G,,,V,612322000387,10612322000384,,
CHOCOLATE,OXFAM FAIR TRADE,WS299,Bite To Fight Praline Bar,Milk Chocolate,35 X 47G,31.57,1,1.45,B,F,,,S,,05400164141260,05400164241267,N,
CHOCOLATE,RADEKS,WS101,Silky Almond Chocolate Eggs,In Tin,10 X 115G,62.00,1,9.99,,,,O,S,V,0750258905212,0780627355218,,
CRISPS & SNACKS,SUMA PREPACKS,ZX202,Sesame Sticks,,6 X 125G,6.08,,1.35,,,,,,V,5017601021209,05017601021193,,
HERB & FRUIT TEA INFUSIONS,TICK TOCK,TE434,Rooibos - organic,,4 X 80 BAGS,16.89,,5.65,,,,O,,V,5032558000190,05032558003337,,
HERB & FRUIT TEA INFUSIONS,YOGI TEA,TE028,Happy Nature Chai,Mango; Tangerine; Vanilla,6 X 17 BAGS,12.45,,2.75,,,,O,,V,4012824405929,4012824435926,,
CEREALS & MUESLIS,BIO & ME,MX075,Fruit & Nut Muesli,gut loving,5 X 450G,14.42,,3.79,,,,,,V,5060853640698,15060853640695,,
FLAKES; BRANS & WHEATGERM,SUMA PREPACKS - ORGANIC,FX024,Buckwheat Flakes - organic,,6 X 500G,17.78,,3.95,,,,O,,V,5017601037835,05017601037828,,
BREADS & BREAD MIXES,CROSTA & MOLLICA,BT183,Wholeblend Piadina,,12 X 300G,21.43,,2.39,,,,O,,V,5060198641251,05060198642784,,
BABY & CHILD FOOD,ELLA'S KITCHEN,BB037,Berry Oaty Smooshy,,3 X 4 X 90G,10.79,,4.80,,,,O,,V,5060503505711,5060503505728,N,
BISCUITS CRACKERS & CRISPBREAD,SWEET FA,BT364,Peanut Butter Cookies,,12 X 125G,33.85,,3.79,,,G,O,S,V,5060027071815,05060027071853,,
FLOURS & BREAD MIXES,DOVES FARM,FG005,Maize Flour - organic,,25 KG,56.07,,,,,G,O,,V,,,,
CEREALS & MUESLIS,NAIRN'S,MX152,Gluten Free Porridge Oats,,5 X 450G,11.68,,3.09,,,G,,,V,612322030193,10612322030190,,
CHOCOLATE,OXFAM FAIR TRADE,WS294,Bite To Fight Salty Corn Bar,Milk Chocolate,35 X 45G,31.57,1,1.45,B,F,,,S,,05400164141291,05400164241298,N,
SNACK BARS & FLAPJACKS,RADEKS,KB203,Flapjack,Chia Seeds & Golden Mulberries,12 X 70G,22.20,,2.50,,,,O,S,V,0750258905274,780627355188,,
CRISPS & SNACKS,BULK COMMODITIES,ZX036,Sesame Sticks - Soya,,5 KG,20.25,,,,,,,,V,05017601042983,5017601042990,,
HERB & FRUIT TEA INFUSIONS,TICK TOCK,TE436,Rooibos Loose Leaf - organic,,6 X 100G,12.89,,2.89,,,,O,,V,5032558003818,05032558003740,,
HERB & FRUIT TEA INFUSIONS,YOGI TEA,TE998,Inner Harmony,Lemon Balm; Rooibos; Cinnamon,6 X 17 BAGS,12.45,,2.75,,,G,O,,V,4012824403796,4012824433793,,
PASTA,BIONA,WT332,Wholewheat Spelt Fusilli Org,Traditionally Rolled,10 X 500G,21.99,,2.95,,,,O,,V,5032722305038,05032722641747,,
GRAINS,SUMA PREPACKS,QS111,Bulgur Wheat,,6 X 500G,7.88,,1.75,,,,,,V,5017601022541,05017601022534,,
BREADS & BREAD MIXES,CROSTA & MOLLICA,BT190,Piadina Emiliana,,12 X 300G,20.57,,2.29,,,,,,V,5060198640407,0506019843927,,
BABY & CHILD FOOD,ELLA'S KITCHEN,BB003,Broccoli; Pear & Peas,from 4 months,7 X 120G,7.39,,1.40,,,,O,,V,5060107330245,05060107330252,N,
BISCUITS CRACKERS & CRISPBREAD,ISLAND BAKERY ORGANICS,BT165,Shortbread Biscuits,,12 X 125G,30.69,,3.39,,,,O,S,,5060027070146,5060027070382,,
FLOURS & BREAD MIXES,SUMA PREPACKS - ORGANIC,FG128,Maize Flour - organic,,6 X 500G,11.66,,2.59,,,,O,,V,5017601022329,5017601037422,,
BISCUITS CRACKERS & CRISPBREAD,NAIRN'S,BT549,GF Super Seeded Oatcake,,8 X 180G,15.49,,2.59,,,G,,,V,612322000417,10612322000414,,
VEGETABLES (FROZEN),PACK'D,XL119,Organic Cauliflower,,12 X 450G,24.04,,2.69,,,,O,,V,5060465810960,25060465810964,,
COCOA,RADEKS,TE010,Lion's Mane Drinking Chocolate,Collab with Bristol Fungarium,6 X 175G,50.40,,11.25,,,,O,S,V,0660111146136,0780627355256,,
SUGARS & SYRUPS,ST LAWRENCE GOLD,HY034,Grade A Maple Syrup Gift Box,1st Tapped & Late Harvest,6 X 2 X 330G,71.95,,15.99,,,,,,V,5060584300465,15060584300462,,
HERB & FRUIT TEA INFUSIONS,TICK TOCK,TE110,Bedtime,Camomile; Lemon Balm; Lavender,6 X 20 BAGS,10.53,,2.35,,,,,,V,503255800350,05032558003986,,
HERB & FRUIT TEA INFUSIONS,YOGI TEA,TE785,Immune Support,Echinacea; Cherry; Elderberry,6 X 17 BAGS,12.45,,2.75,,,G,O,,V,4012824403222,4012824433229,,
BEANS & PULSES - DRIED,BULK COMMODITIES - ORGANIC,PU220,Cannellini Beans - organic,,25 KG,84.75,,,,,,O,,V,,,,07 OCT 25
DRINKS (CHILLED),KARMA,CV256,Ginger Kombucha,,6 X 1L,19.72,1,5.29,B,F,,O,,V,3760192497770,03760192497787,,
OILS & FATS,COCONUT MERCHANT,GT042,Raw Extra Virgin Coconut Oil,,12 X 500ML,93.94,,10.45,,,,O,,V,779140006462,57791400064621,,
BABY & CHILD FOOD,ELLA'S KITCHEN,BB049,Butternut Squash; Carrot,Apples & Prunes,7 X 120G,7.39,,1.40,,,,O,,V,5060107330467,05060107330474,N,
BISCUITS CRACKERS & CRISPBREAD,ISLAND BAKERY ORGANICS,BT385,Classic Recipe Shortbread Tin,Organic,6 X 175G,46.53,,10.49,,,,O,,,5060027071464,5060027071648,,
CRISPS & SNACKS,MANOMASA,ZX462,Tortilla - Chipotle & Lime,,10 X 140G,16.61,,2.25,,,,,,V,5017764003395,05017764003401,N,
BISCUITS CRACKERS & CRISPBREAD,NAIRN'S,BT013,Marmite & Cheese Oatcakes,,8 X 200G,10.88,,1.80,,,,,S,,612322001698,10612322001695,,
VEGETABLES (FROZEN),PACK'D,XL228,Organic Petit Pois,,12 X 450G,24.04,,2.69,,,,O,,V,5060465810984,25060465810988,,
CHOCOLATE,RADEKS,ZX437,Lion's Mane Bar,Collab with Bristol Fungarium,10 X 67G,40.00,1,6.40,,,,O,S,V,0660111146020,0780627355157,N,
BAKING SUNDRIES,STEENBERGS,LJ116,Almond Extract,,6 X 100ML,33.00,,7.35,,,,,,V,5060073387670,15060073387677,,
HERB & FRUIT TEA INFUSIONS,TICK TOCK,TE057,Chai Relax,Cinnamon; Ginger; Cardamom,6 X 20 BAGS,10.53,,2.35,,,,,,V,5032558000381,05032558003993,,
HERB & FRUIT TEA INFUSIONS,YOGI TEA,TE193,Liquorice,Liquorice; OrangePl; Caradamom,6 X 17 BAGS,12.45,,2.75,,,G,O,,V,4012824402423,4012824432420,,
BEANS & PULSES - DRIED,SUMA PREPACKS - ORGANIC,PU225,Cannellini Beans - organic,,6 X 500G,15.08,,3.35,,,,O,,V,5017601023609,05017601023593,,
DRINKS (CHILLED),KARMA,CV425,Ginger Kombucha,,6 X 500ML,13.49,1,3.65,B,,,O,,V,3760192490641,3760192490658,,
BREADS & BREAD MIXES,CROSTA & MOLLICA,BT144,Classic Torinesi,,12 X 120G,14.40,,1.60,,,,,,V,5060198640261,5060198640315,,
BABY & CHILD FOOD,ELLA'S KITCHEN,BB006,Carrot; Apple & Parsnip,from 4 months,7 X 120G,7.39,,1.40,,,,O,,V,5060107330214,05060107330221,N,
HERBS & SPICES - PREPACKED,SUMA,HE137,Za'atar Spice Mix,,6 X 50G,7.88,,1.75,,,,,,V,5017601051510,05017601051503,N,
BISCUITS CRACKERS & CRISPBREAD,IBIS,BT258,Bean & Rice Cake with Kep Salt,,12 X 130G,17.91,,1.99,,,G,O,,V,8847100570215,18847100571288,,
FAR EASTERN FOOD,MANI,JP164,Garlic with Herbs in Oil,Extra Virgin Olive Oil,6 X 185G,20.21,,4.49,,F,,O,,V,5202423134170,5202423137171,,
BISCUITS CRACKERS & CRISPBREAD,NAIRN'S,BT386,Oatcakes -Organic Super Seeded,,8 X 200G,10.63,,1.59,,,,O,,V,612322000127,10612322000124,,
VEGETABLES (FROZEN),PACK'D,XL239,Organic Super Sweet Sweetcorn,,12 X 450G,24.04,,2.69,,,,O,,V,5060465810991,25060465810995,,
CHOCOLATE,RADEKS,KB204,Lions Mane Chocolate Bar,,12 X 30G,25.80,1,3.50,,,,O,S,V,0660111146112,0780627355324,,
HERBS & SPICES - PREPACKED,STEENBERGS,HE015,Kala Namak,Black Salt,12 X 100G,24.86,,2.75,,,,,,V,5060073385157,15060073385154,,
HERB & FRUIT TEA INFUSIONS,TICK TOCK,TE431,Green Rooibos - organic,,4 X 40 BAGS,9.16,,3.05,,,,O,,V,5032558003047,05032558004020,,
HERB & FRUIT TEA INFUSIONS,YOGI TEA,TE638,Lime Mint,Lime; Liquorice; Peppermint,6 X 17 BAGS,12.45,,2.75,,,G,O,,V,4012824400542,04012824430549,,
FLOURS & BREAD MIXES,AMISA,FG085,Chestnut Flour - Organic,,6 X 350G,26.89,,5.99,,,G,O,,V,5032722313866,05032722651159,N,
CEREALS & MUESLIS,BIONA,MX133,Nutty Clusters Granola,,6 X 375G,26.89,,5.99,,,,O,S,V,5032722319523,5032722656925,,
SWEET SNACKS,CNDY,ZX212,Berry Sugar Free Sweets,,7 X 40G,9.90,1,2.49,,,,,,V,96208038,5065015164548,N,
BABY & CHILD FOOD,ELLA'S KITCHEN,BB199,Baby Brekkie - Blueberry/Pear,,6 X 100G,6.69,,1.49,,,,O,,,5060107330740,05060107330757,N,
HOUSEHOLD PRODUCTS,GREENER CLEANER,NF365,Soft Bristle Dustpan & Brush,Cream Coloured,6 X 1,16.20,1,5.40,,,,,,V,5060217081396,15060217081393,,
BISCUITS CRACKERS & CRISPBREAD,IBIS,BT256,Bean & Rice Cake Original,,12 X 130G,17.91,,1.99,,,G,O,,V,8847100570154,18847100571264,,
CRISPS & SNACKS,MANOMASA,ZX603,Tortilla - Lemon & Peppercorn,,12 X 140G,19.94,,2.25,,,,,,V,5017764003258,05017764003265,N,
BISCUITS CRACKERS & CRISPBREAD,NAIRN'S,BT324,GF Biscuit Breaks Choc Chip,,12 X 160G,25.79,,2.89,,,G,,S,,612322030087,10612322030084,,
VEGETABLES (FROZEN),PACK'D,XL203,Organic Sweet Potato Chunks,,12 X 450G,24.04,,2.69,,,,O,,V,5060465810977,25060465810971,,
CHOCOLATE,RADEKS,WS100,Silky Almond Chocolate Rabbit,,10 X 50G,31.20,1,4.99,,,,O,S,V,0742776741434,0780627355225,,
HERBS & SPICES - PREPACKED,STEENBERGS,HE114,Mulled Wine Sachets,,6 X 20G,11.36,,2.49,,,,O,,V,5060073387694,15060073387691,N,
HERB & FRUIT TEA INFUSIONS,DRAGONFLY TEA,TE139,Happy Times Tulsi,Tulsi; Lemon Balm; Hemp Seed,4 X 20 BAGS,9.27,,3.09,,,,O,,V,5032558000305,05032558001579,,
HERB & FRUIT TEA INFUSIONS,YOGI TEA,TE837,Liquorice Mint,Liquorice; Peppermint;Cardamom,6 X 17 BAGS,12.45,,2.75,,,G,O,,V,4012824402447,4012824432444,,
BISCUITS CRACKERS & CRISPBREAD,ADONIS,BT433,Olive & Chia Seeds,,10 X 60G,25.00,,3.35,,,,O,,V,5060474941273,05060474941310,,
CEREALS & MUESLIS,AMISA,MX029,Spelt Puffs - Organic,,6 X 200G,11.37,,2.55,,,,O,,V,5032722307179,05032722644595,,
CEREALS & MUESLIS,BIONA,MX132,Oaty Clusters Granola,,6 X 375G,20.50,,4.55,,,,O,,V,5032722319516,5032722656918,,
SWEET SNACKS,CNDY,ZX209,Lemon Sugar Free Sweets,,7 X 40G,9.90,1,2.49,,,,,,V,96208021,5065015164531,N,
BABY & CHILD FOOD,ELLA'S KITCHEN,BB198,Banana & Apricot Baby Rice,,7 X 120G,7.39,,1.40,,,,O,,V,5060107331983,05060107332010,N,
HOUSEHOLD PRODUCTS,GREENER CLEANER,NF364,Dish Brush,Cream Coloured,12 X 1,20.30,1,3.35,,,,,,V,5060217081631,15060217081638,,
BISCUITS CRACKERS & CRISPBREAD,IBIS,BT179,Wholegrain Salted Rice Cake,,12 X 130G,16.98,,1.89,,F,,O,,V,8847100570451,98847100572342,,
CRISPS & SNACKS,MANOMASA,ZX455,Tortilla - Manchego & Olive,,12 X 140G,19.94,,2.25,,,,,,,5017764003371,5017764003388,N,
SNACK BARS & FLAPJACKS,NAKD,KB378,Apple & Cinnamon,,16 X 44G,11.20,1,1.09,,,G,,,V,5060088700556,15060088700553,N,
FRUIT (FROZEN),PACK'D,XL083,Organic Acai Drops,,10 X 300G,43.21,,5.79,,,,O,,V,5060465811417,25060465811411,,
FRUIT - DRIED,SUMA PREPACKS,DR113,Raisins - Thompson Seedless,,6 X 250G,10.58,,2.35,,,,,,V,5017601023043,05017601023036,,
BAKING SUNDRIES,STEENBERGS,LJ117,Orange Flower Water Organic,,6 X 100ML,18.85,,4.19,,,,O,,V,5060073387663,15060073387660,,
HOUSEHOLD PRODUCTS,D2W,NF102,Swing Bin Liner Drawtape 50L,100% Degradable; 61x73cm White,50 X 15 BAG,66.86,1,2.15,,,,,,V,5020072108416,05020072084116,,
HERB & FRUIT TEA INFUSIONS,YOGI TEA,TE620,Classic Chai,Ayurvedic Spice Infusion,8 X 90G,17.70,,2.95,,,,O,,V,4012824529267,4012824539266,,
SNACK BARS & FLAPJACKS,ADONIS,KB384,Keto Peanut Butter & Cocoa,Protein Bar,16 X 45G,19.89,1,1.99,,,,,,V,5060474940535,5060474940542,N,
CEREALS & MUESLIS,AMISA,MX007,Spelt Crispy Flakes - Organic,,6 X 250G,14.57,,3.25,,,,O,,,5032722307421,05032722644021,,
OLIVES,BIONA,KJ345,Green Olives in Brine,Bella di Cerignola Olive,5 X 280G,12.52,,3.35,,,G,O,S,V,5032722319455,5032722656857,,
SWEET SNACKS,CNDY,ZX201,Mint Sugar Free Sweets,,7 X 40G,9.90,1,2.49,,,,,,V,96208014,5065015164517,N,
BABY & CHILD FOOD,ELLA'S KITCHEN,BB196,Apple & Pear Baby Rice,,7 X 120G,7.39,,1.40,,,,O,,V,5060107331990,05060107332027,N,
HOUSEHOLD PRODUCTS,GREENER CLEANER,NF362,Dual Ended Brush,Cream Coloured,12 X 1,21.38,1,3.55,,,,,,V,5060217084366,15060217084363,,
BISCUITS CRACKERS & CRISPBREAD,IBIS,BT182,Wholegrain Unsalted Rice Cake,,12 X 130G,16.98,,1.89,,F,,O,,V,8847100570321,98847100571109,,
FAR EASTERN FOOD,MANI,JP163,Mediterranean Mix in Oil,Extra Virgin Olive Oil,6 X 190G,20.21,,4.49,,F,,O,,V,5202423134101,5202423137102,,
SNACK BARS & FLAPJACKS,NAKD,KB395,Strawberry & Raspberry,,16 X 44G,11.20,1,1.09,,,G,,,V,5060088700532,15060088700539,N,
FRUIT (FROZEN),PACK'D,XL304,Organic Blackberries,,10 X 300G,33.24,,4.45,,,,O,,V,5060465811080,35060465811081,,
FRUIT - DRIED,SUMA PREPACKS,DR167,Raisins - Thompson Seedless,,6 X 500G,17.96,,3.99,,,,,,V,5017601023067,05017601023050,,
BAKING SUNDRIES,STEENBERGS,LJ085,Rose Water Organic,,6 X 100ML,18.85,,4.19,,,,O,,V,5060073386925,15060073386922,,
HOUSEHOLD PRODUCTS,D2W,NF406,Refuse Sacks 70L,100% Degradable; 74x86cm,24 X 10 BAGS,26.92,1,1.79,,,,,,V,5020072108102,05020072081016,,
HERB & FRUIT TEA INFUSIONS,YOGI TEA,TE163,Mango Chai,,6 X 17 BAGS,12.45,,2.75,,,,O,,V,4012824406575,4012824436572,,
BISCUITS CRACKERS & CRISPBREAD,AMISA,BT185,Crispbread - Buckwheat W/grain,,12 X 120G,26.38,,2.95,,,G,O,,V,5032722315570,05032722652972,,
OLIVES,BIONA,KJ313,Organic Sliced Green Olives,In Brine,5 X 280G,14.04,,3.69,,,,O,,V,5032722319806,05032722657212,,
CHOCOLATE,CATHERINE'S ORIGINALS,KB044,Selection Box,Vegan Chocolates,8 X 300G,75.43,1,15.00,,,G,,S,V,5070002733102,5070002733133,,
CEREALS & MUESLIS,DELICIOUSLY ELLA,MX020,Almond Butter Granola,,6 X 350G,15.81,,3.49,,,G,,S,V,5060482843835,15060482843832,,
BABY & CHILD FOOD,ELLA'S KITCHEN,BB058,Kitchen Vegetable Bake,from 7 months,6 X 130G,8.70,,1.95,,,,O,,V,5060107332157,05060107332164,N,
HOUSEHOLD PRODUCTS,GREENER CLEANER,NF363,Pot & Pan Brush,Cream Coloured,12 X 1,17.50,1,2.90,,,G,,,V,5060217081365,15060217081362,,
BISCUITS CRACKERS & CRISPBREAD,IBIS,BT187,W'grn Salt & Pepper Rice Cake,with Kampot Pepper,12 X 130G,16.98,,1.89,,F,,O,,V,8847100570338,98847100571116,,
OLIVES,MANI,KJ385,Mixed Olives With Rosemary,,6 X 175G,17.94,,3.99,,F,,O,,V,,,,
SNACK BARS & FLAPJACKS,NAKD,KB708,Protein Cocoa Hazelnut,,16 X 45G,11.20,1,1.09,,,G,,,V,5060088700105,15060088700102,N,
VEGETABLES (FROZEN),PACK'D,XL129,Organic Broccoli,,9 X 450G,19.99,,2.99,,,,O,,V,5060465811318,25060465811312,,
FRUIT - DRIED,SUMA PREPACKS,DR668,Raisins - Dark Flame,,6 X 250G,10.13,,2.25,,,,,,V,5017601019169,05017601019152,,
PASTRY (FROZEN),ST JAMES,XL106,Filo Pastry,,10 X 400G,15.76,,2.10,,,,,,V,5017522000017,05017522000024,,
HOUSEHOLD PRODUCTS,D2W,NF407,Swing Bin Liners 50L White,100% Degradable; 59x76cm,50 X 15 BAG,68.51,1,2.19,,,,,,V,5020072108034,05020072080316,,
SNACK BARS & FLAPJACKS,ADONIS,KB351,Keto Pecan; Hazelnut & Cocoa,,16 X 35G,21.49,,1.79,,,G,,,V,5060474940030,5060474940290,N,
HERB & FRUIT TEA INFUSIONS,YOGI TEA,TE181,Mental Clarity Tea,Ginseng; Lemon Balm;Eucalyptus,6 X 17 BAGS,12.45,,2.75,,,G,O,,V,4012824406070,04012824436077,,
MIDDLE EASTERN & AFRICAN FOOD,AMISA,KJ105,Falafel Mix,,6 X 160G,12.28,,2.75,,,G,O,,V,5032722313217,05032722650473,,
HOUSEHOLD CLEANING PRODUCTS,BIO D,HJ165,Washing Up Liquid,Grapefruit,5L,9.66,1,15.39,,,,,,V,5034938500085,05034938450069,,
CHOCOLATE,CATHERINE'S ORIGINALS,KB045,Wonky Cherry & Caramel Buttons,Filled buttons,25 X 100G,71.43,1,4.59,,,G,,S,V,5070002733119,5070002733126,,
SNACK BARS & FLAPJACKS,DELICIOUSLY ELLA,KB030,Apple and Raisin Oat Bar,,12 X 3X50G,22.11,,2.49,,,G,,,V,5060482840179,15060482840176,N,
BABY & CHILD FOOD,ELLA'S KITCHEN,BB229,Big Smiles Cheesy Pie,from 7 months,6 X 130G,8.70,,1.95,,,,O,,,5060107332188,05060107332195,N,
HOUSEHOLD PRODUCTS,GREENER CLEANER,NF366,Window Wiper,Cream Coloured,12 X 1,20.30,1,3.35,,,,,,V,5060217081402,15060217081409,,
HOUSEHOLD PRODUCTS,IF YOU CARE,NF185,Tall Kitchen Refuse Sacks 49L,Compostable Bags,12 X 12 BAGS,44.91,1,5.99,,,,,,V,770000250651,10770009250658,,
OILS & FATS,MANI,GT068,Extra Virgin Olive Oil,greek olive oil,2 X 3LTR,77.24,,102.99,,F,,O,,V,5202423101875,5202423102872,,
SNACK BARS & FLAPJACKS,NAKD,KB707,Protein Peanut Butter,,16 X 45G,11.20,1,1.09,,,G,,,V,5060088700082,15060088700089,N,
READY MEALS (FROZEN),PACK'D,XL359,Thai Green Curry Bowl,,12 X 350G,38.25,,4.25,,,,,S,V,5060465811271,15060465811278,,
FRUIT - DRIED,SUMA BAGGED DOWN,DR667,Raisins - Dark flame,Chile,1 KG,6.25,,,,,,,,V,5017601009184,,,
GRAVY; STOCK & BOUILLON,MARIGOLD,LJ070,Bouillon Powder - Reduced Salt,Vegan/Yeast Free,6 X 150G,11.03,,2.45,,,G,,,V,5016084293660,15016084000203,,
BURGERS SAUSAGES & TVP MIXES,BULK COMMODITIES,SY014,Vegan TVP Mince - Serbia,Natural no colour additive,15 KG,61.39,,,,,,,,V,,,,
SNACK BARS & FLAPJACKS,ADONIS,KB371,Keto Vanilla & Coconut Bar,,16 X 35G,21.49,,1.79,,,G,,,V,5060474940047,5060474940306,N,
HERB & FRUIT TEA INFUSIONS,YOGI TEA,TE552,Men's Tea,Ginger; Ginseng; Chili,6 X 17 BAGS,12.45,,2.75,,,,O,,V,04012824401389,4012824431386,,
CRISPS & SNACKS,AMAIZIN,ZX543,Bio Corn Chips Natural,Minimum 4 Weeks Shelf Life,10 X 150G,15.24,,2.05,,,G,O,,V,8718976009751,8718976018074,N,
NUT & SEED BUTTERS,BIONA,GH141,ORGANIC HAZELNUT BUTTER,,6 X 170G,28.71,,6.39,,,,O,,V,5032722305847,05032722642287,,
CHOCOLATE,CATHERINE'S ORIGINALS,WS194,Eggstravaganza,Vegan Milk chocolate,10 X 270G,97.14,1,14.00,,F,G,,S,V,5070002733188,15070002733185,,
SNACK BARS & FLAPJACKS,DELICIOUSLY ELLA,KB268,Mixed Berry Oat Bar,,12 X 3 X 50G,22.21,,2.49,,,G,,S,V,5060482843989,15060482843986,,
BABY & CHILD FOOD,ELLA'S KITCHEN,BB231,First Taste Pears Pears Pears,,7 X 70G,6.38,,1.10,,,,O,,V,5060107332621,05060107332669,N,
SOFT DRINKS,GENIE,JU301,Blueberry & Raspberry Kombucha,,12 X 330ML,15.09,1,2.05,,,,,S,V,5060269370378,15060629370375,,
GRAINS,SUMA PREPACKS,QS102,Rice - wild,,6 X 125G,12.38,,2.75,,,,,,V,5017601018476,05017601018896,,
OLIVES,MANI,KJ386,Mixed Olives With Herbs,,6 X 175G,17.94,,3.99,,F,,O,,V,5202423133333,5202423136334,,
SNACK BARS & FLAPJACKS,NAKD,KB719,Protein Caramel,,16 X 45G,11.20,1,1.09,,,G,,,V,5060088700129,15060088700126,N,
READY MEALS (FROZEN),PACK'D,XL362,Smokey Mexican Bean Bowl,,12 X 350G,38.25,,4.25,,,,,,V,5060465811288,15060465811285,,
FRUIT - DRIED,BULK COMMODITIES,DR143,Raisins - Dark Flame,Chile,10 KG,41.46,,,,,,,,V,,,,
GRAVY; STOCK & BOUILLON,MARIGOLD,LJ044,Bouillon Powder,,6 X 500G,31.05,,6.89,,,G,,,V,0160848111785,05016084813134,,
VEGAN CHEESE,TYNE CHEASE,CV073,Ethiopian Spice Vegan Cheese,,6 X 120G,35.15,,7.80,,,,,,V,5060595700070,5060595700077,,
SUPERFOODS & SPORTS NUTRITION,ADONIS,VM432,Vanilla Keto Protein Powder,,6 X 350G,80.56,,17.90,,,,,,V,5060474941693,5060474941785,,
HERB & FRUIT TEA INFUSIONS,YOGI TEA,TE380,Morning Energy,,6 X 17 BAGS,12.45,,2.75,,,G,O,,V,4012824406391,4012824436398,,
BISCUITS CRACKERS & CRISPBREAD,AMISA,BT289,Crispbread - Quinoa Fibre Plus,,12 X 100G,17.25,,1.89,,,,O,,V,5032722314153,05032722651517,,
PICKLES; CHUTNEYS & MUSTARDS,BIONA,LJ664,Harissa Relish - prepared,Organic,6 X 125G,16.85,,3.75,,,,O,,V,5032722306011,5032722642447,,
CHOCOLATE,CATHERINE'S ORIGINALS,KB056,Crunchy Almond & H*ney O'Bar,,15 X 200G,98.14,1,10.49,,,G,,S,V,15070002733157,15070002733154,,
CEREALS & MUESLIS,DELICIOUSLY ELLA,MX001,Nutty Granola,,6 X 380G,15.81,,3.49,,,G,,,V,5060482841565,15060482841562,,
BABY & CHILD FOOD,ELLA'S KITCHEN,BB233,First Taste Mango Mango Mango,,7 X 70G,6.38,,1.10,,,,O,,V,5060107332645,05060107332683,N,
SOFT DRINKS,GENIE,JU157,Dry Apple Kombucha,,12 X 330ML,15.09,1,2.05,,,,,S,V,5060629370255,15060629370252,,
GRAINS,SUMA BAGGED DOWN,QS033,Rice - wild,,2.5 KG,34.95,,,,,,,,V,5017601029199,,,
OLIVES,MANI,KJ388,Green Olives with Pink Peppers,,6 X 205G,17.94,,3.99,,F,,O,,V,5202423133210,05202423136211,,
SNACK BARS & FLAPJACKS,NAKD,ZX609,Salted Caramel,,18 X 35G,9.59,1,0.85,,,G,,,V,5060088707937,5060088707944,N,
VEGETABLES (FROZEN),PACK'D,XL189,Organic Loose Leaf Spinach,,12 X 450G,24.04,,2.69,,,,O,,V,5060465810953,25060465810957,,
FRUIT - DRIED,SUMA PREPACKS,DR089,Raisins - Dark Flame,,6 X 500G,16.61,,3.69,,,,,,V,5017601032038,05017601032021,,
GRAVY; STOCK & BOUILLON,MARIGOLD,LJ043,Bouillon Powder,,6 X 150G,11.53,,2.55,,,G,,,V,50160884,05016084305516,,
VEGAN CHEESE,TYNE CHEASE,CV114,Marinara Chease,,6 X 120G,31.28,,6.95,,,,,,V,5060595700476,5060595700445,,
MAYONNAISE & SALAD DRESSINGS,ALL DRESSED UP,KJ408,Everyday House Dressing,,6 X 250ML,25.65,,5.75,,,G,,,,5070002997009,15070002997006,,
HERB & FRUIT TEA INFUSIONS,YOGI TEA,TE252,Positive Energy Cranberry Hib,Mate; Hibiscus; Cranberry,6 X 17 BAGS,12.45,,2.75,,,G,O,,V,4012824402218,4012824432215,,
CRISPS & SNACKS,AMAIZIN,ZX482,Spring Roll Wrappers,,12 X 100G,21.20,,2.39,,,G,O,,V,8718976020510,8718976020527,,
HOUSEHOLD CLEANING PRODUCTS,BIO D,HJ235,Handwash - Geranium,Anti Bacterial,6 X 500ML,17.16,1,4.85,,,,,,V,5034938100377,5034938560034,,
GRAINS,SUMA PREPACKS - ORGANIC,QS300,Bulgur Wheat - Organic,,6 X 500G,11.48,,2.55,,,,O,,V,5017601018483,05017601018902,,
CHOCOLATE,CATHERINE'S ORIGINALS,WS189,Punchy Pistachio O'bar,,15 X 200G,106.72,1,11.49,,F,G,,S,V,5065022942054,15065022942051,,
CEREALS & MUESLIS,DELICIOUSLY ELLA,MX006,Almond Apple & Raisin Granola,with coconut chips & cinnamon,6 X 400G,15.81,,3.49,,,G,,,V,5060482841510,15060482841517,,
BABY & CHILD FOOD,ELLA'S KITCHEN,BB164,The Pink One,multi pack,3 X 5 X 90G,14.76,,6.59,,,,O,,V,5060107335844,05060107335851,N,
SOFT DRINKS,GENIE,JU150,Fiery Ginger Kombucha,,12 X 330ML,15.09,1,2.05,,,,,S,V,506029370262,15060629370269,,
PASTA,IRIS,WT084,Fusilli White Pasta,,5 KG,12.25,,,,,,O,,V,8015197010581,,,
CRISPS & SNACKS,MANOMASA,ZX535,Tortilla - Chilli & Honey,,12 X 140G,19.94,,2.25,,,,,,,5017764003319,05017764003326,N,
SNACK BARS & FLAPJACKS,NAKD,KB877,Bakewell Tart Bar,,18 X 35G,9.59,1,0.85,,,G,,,V,5060088703168,05060088703175,N,
FRUIT (FROZEN),PACK'D,XL355,Organic Sliced Banana,,10 X 300G,18.73,,2.50,,,,O,,V,5060465810618,35060465810619,,
FRUIT - DRIED,SUMA BAGGED DOWN - ORGANIC,DR053,Raisins - organic,,1 KG,7.75,,,,,,O,,V,5017601031451,,,
ALCOHOL FREE AND LOW ALCOHOL BE,ST PETER'S,JU037,St Peter's Without - Gold,sweet malt; subtle citrus,8 X 500ML,12.09,1,2.45,,,,,,V,688444500661,00688444508667,,
MAYONNAISE & SALAD DRESSINGS,ALL DRESSED UP,KJ412,Miso & Sesame Dressing,,6 X 250ML,25.65,,5.75,,,G,,,,5070002997016,15070002997013,,
VEGAN CHEESE,TYNE CHEASE,CV072,Applewood Vegan Cheese,,6 X 120G,35.15,,7.80,,,,,,V,5060595700278,5060595700275,,
HERB & FRUIT TEA INFUSIONS,YOGI TEA,TE001,Rooibos,Rooibos; Cinnamon; Cloves,6 X 17 BAGS,12.45,,2.75,,,G,O,,V,4012824400252,04012824430259,,
BISCUITS CRACKERS & CRISPBREAD,AMISA,BT560,Chestnut Crispbread,,12 X 100G,21.82,,2.39,,,G,O,,V,5032722315730,05032722653139,,
HOUSEHOLD CLEANING PRODUCTS,BIO D,HJ119,Handwash - Lime & Aloe Vera,Anti Bacterial,6 X 500ML,17.16,1,4.85,,,,,,V,5034938500023,5034938560027,,
GRAINS,BULK COMMODITIES,QS990,Bulgur Wheat,Medium,25 KG,33.14,,,,,,,,V,,,,
CHOCOLATE,CATHERINE'S ORIGINALS,WS192,Raspberry Ripple O'bar,White Vegan Chocolate,15 X 200G,106.72,1,11.49,,F,G,,S,V,5065022942047,15065022942044,,
SNACK BARS & FLAPJACKS,DELICIOUSLY ELLA,KB676,Protein Ball,,12 X 40G,11.94,1,1.59,,,G,,,V,5060482843675,15060482843672,N,
BABY & CHILD FOOD,ELLA'S KITCHEN,BB137,Greek Yoghurt & Berries,,6 X 90G,7.19,,1.59,,,,O,,,5060107335875,05060107336100,N,
CONVENIENCE FOODS,GEO ORGANICS,VF090,Thick Vegetable Hot Pot,,6 X 400G,15.30,,3.45,,,,O,,V,5060005460303,5060005460310,,
PASTA,IRIS,WT086,Fusilli Wholewheat Pasta,,5 KG,12.25,,,,,,O,,V,8015197053250,,,
BEANS & PULSES - DRIED,SUMA PREPACKS,PU072,Marrowfat Peas,,6 X 500G,10.76,,2.39,,,,,,V,5017601020967,05017601020950,,
SNACK BARS & FLAPJACKS,NAKD,KB756,Berry Delight Bar,,18 X 35G,9.59,1,0.85,,,G,,,V,5000088701966,05060088701973,N,
FRUIT (FROZEN),PACK'D,XL252,Organic Blueberries,,10 X 300G,34.97,,4.69,,,,O,,V,5060465810502,35060465810503,,
FRUIT - DRIED,SUMA BAGGED DOWN - ORGANIC,DR145,Raisins - organic,,2.5 KG,17.35,,,,,,O,,V,5017601341451,,,
VERAGES,,,,,,,,,,,,,,,,,,
BEANS & PULSES - DRIED,BULK COMMODITIES - ORGANIC,PU200,Aduki Beans - Organic,,25 KG,84.77,,,,,,O,,V,,,,
VEGAN CHEESE,TYNE CHEASE,CV109,Garlic Vegan Cheese,,6 X 120G,35.15,,7.80,,,,,,V,5060595700025,5060595700308,,
HERB & FRUIT TEA INFUSIONS,YOGI TEA,TE283,Rose,Rose; Hibiscus; Lavender,6 X 17 BAGS,12.45,,2.75,,,G,O,,V,4012824402461,04012824432468,,
FLOURS & BREAD MIXES,AMISA,FG065,Chickpea Flour,,6 X 400G,15.48,,3.45,,,G,O,,V,5032722316270,05032722653672,N,
HOUSEHOLD CLEANING PRODUCTS,BIO D,HJ362,Hand Wash Lime & Aloe,Lime & Aloe,20L,54.06,1,88.51,,,,,,V,,5034938020101,,
GRAINS,SUMA BAGGED DOWN,QS112,Bulgur Wheat,,3 KG,5.99,,,,,,,,V,5017601008231,,,
CHOCOLATE,CATHERINE'S ORIGINALS,WS188,Summer Selection Box,,8 X 190G,56.57,1,11.99,,F,G,,S,V,5065022942061,15065022942068,,
SNACK BARS & FLAPJACKS,Deliciously Ella,KB177,Peanut Butter Breakfast Bakes,,6 X 3 X50G,12.16,,2.69,,,G,,S,V, 5060482843729,15060482843726,,
BABY & CHILD FOOD,ELLA'S KITCHEN,BB138,Greek Yoghurt & Strawberries,,6 X 90G,7.19,,1.59,,,,O,,,5060107335882,05060107336117,N,
INDIAN FOOD,GEO ORGANICS,VF740,Balti Curry Paste,,6 X 180G,20.59,,4.55,,,,O,,V,5060005460815,5060005460822,,
PASTA,IRIS,WT081,Penne White Pasta,,5 KG,12.25,,,,,,O,,V,8015197010529,,,
BEANS & PULSES - DRIED,BULK COMMODITIES,PU032,Marrowfat Peas,,12.5 KG,27.92,,,,,,,,V,,,,
SNACK BARS & FLAPJACKS,NAKD,KB779,Blueberry Muffin Multipack,,12 X 4 X 35G,22.33,1,2.95,,,G,,,V,5060088706534,05060088706541,,
FRUIT (FROZEN),PACK'D,XL148,Organic Cherries,,10 X 300G,33.24,,4.45,,,,O,,V,5060465810472,35060465810473,,
FRUIT - DRIED,BULK COMMODITIES,DR039,Raisins - Thompson Seedless,,12.5 KG,58.08,,,,,,,,V,,,,
GRAVY; STOCK & BOUILLON,MARIGOLD,LJ321,Yeast Free Bouillon Stock Cube,Gluten Free,12 X 84G,11.48,,1.29,,,G,O,,V,5016084504582,05016088533335,N,
BEANS & PULSES - DRIED,SUMA BAGGED DOWN - ORGANIC,PU212,Aduki Beans - Organic,,3 KG,13.45,,,,,,O,,V,5017601015567,,,
HERB & FRUIT TEA INFUSIONS,YOGI TEA,TE428,Sweet Chilli,Chili; Cocoa Shells; Liquorice,6 X 17 BAGS,12.45,,2.75,,,G,O,,V,4012824402430,04012824432437,,
BISCUITS CRACKERS & CRISPBREAD,AMISA,BT119,Chickpea Crispbread,,12 X 100G,19.99,,2.19,,,G,O,,V,5032722317000,05032722654402,,
HOUSEHOLD CLEANING PRODUCTS,BIO D,HJ116,Handwash - Lime & Aloe Vera,Anti Bacterial,5L,13.96,1,23.46,,,,,,V,5034938500047,5034938450021,,
GRAINS,SUMA BAGGED DOWN - ORGANIC,QS030,Bulgur Wheat - Organic,,3 KG,9.99,,,,,,O,,V,5017601008248,,,
CHOCOLATE,CATHERINE'S ORIGINALS,WS193,White Choc Eggstravaganza,,10 X 270G,110.71,1,17.99,,F,G,,S,V,5070002733188,15070002733185,,
SNACK BARS & FLAPJACKS,DELICIOUSLY ELLA,KB026,Peanut Butter Oat Bar,,12 X 3X50G,22.11,,2.49,,,G,,,V,5060482840766,15060482840763,N,
BABY & CHILD FOOD,ELLA'S KITCHEN,BB139,The White One - Multi Pack,,3 X 4 X 90G,12.40,,5.55,,,,O,,V,5060107335936,05060107335943,N,
INDIAN FOOD,GEO ORGANICS,VF249,Bhuna Curry Paste,,6 X 180G,20.54,,4.56,,,,O,,V,5060005460648,05060005460679,,
PASTA,IRIS,WT082,Penne Wholewheat Pasta,,5 KG,12.25,,,,,,O,,V,8015197053267,,,
GRAVY; STOCK & BOUILLON,MARIGOLD,LJ195,Gravy Granules - Instant,Catering Size,1 X 2KG,14.62,,19.49,,,G,,,V,5016084000282,,,
SNACK BARS & FLAPJACKS,NAKD,KB532,Blueberry Muffin,,18 X 35G,9.59,1,0.85,,,G,,,V,5060088705940,05060088705957,N,
FRUIT (FROZEN),PACK'D,XL356,Organic Mango,,10 X 300G,33.24,,4.45,,,,O,,V,5060465810496,35060465810497,,
FRUIT - DRIED,SUMA BAGGED DOWN,DR171,Raisins - Thompson Seedless,,1 KG,6.75,,,,,,,,V,5017601061717,,,
GRAVY; STOCK & BOUILLON,MARIGOLD,LJ073,Bouillon Powder - Organic,Vegan,6 X 150G,9.76,,2.19,,,G,O,,V,5016084123455,05016084234564,,
BEANS & PULSES - DRIED,SUMA PREPACKS - ORGANIC,PU202,Aduki Beans - Organic,,6 X 500G,14.63,,3.25,,,,O,,V,5017601023340,05017601023333,,
HERB & FRUIT TEA INFUSIONS,YOGI TEA,TE211,Sweet Chai,Anise; Fennel; Liquorice,6 X 17 BAGS,12.45,,2.75,,,G,O,,V,4012824402454,4012824432451,,
BISCUITS CRACKERS & CRISPBREAD,AMISA,BT159,Protein Lentil Crispbread,,12 X 100G,20.90,,2.29,,,G,O,,V,5032722317345,05032722654747,,
HOUSEHOLD CLEANING PRODUCTS,BIO D,HJ107,Handwash - Antibacterial,Fragrance Free,5L,11.76,1,19.70,,,,,,V,5034938500030,5034938450014,,
GRAINS,BULK COMMODITIES - ORGANIC,QS250,Bulgur Wheat - Organic,,25 KG,68.00,,,,,,O,,V,,,,
COCOA,BULK COMMODITIES - ORGANIC,LJ173,Cocoa Powder Org Fairly Traded,10-12% Fat; Alkalised,25 KG,322.92,,,,F,,O,,V,,,,
PICKLES; CHUTNEYS & MUSTARDS,DELOUIS,KJ007,Organic Wholegrain Mustard,,6 X 180G,15.25,,3.40,,,,O,,V,3258831012656,13258831012653,,
BABY & CHILD FOOD,ELLA'S KITCHEN,BB012,First Taste Prunes Prunes,,7 X 70G,6.38,,1.10,,,,O,,V,5060107336056,05060107336063,N,
CONVENIENCE FOODS,GEO ORGANICS,VF074,Bombay Potatoes,,6 X 400G,15.30,,3.45,,,,O,S,V,5060005460280,5060005460297,,
PASTA,IRIS,WT076,Spaghetti White Pasta,,5 KG,12.25,,0.00,,,,O,,V,8015197010512,,,
BAKING SUNDRIES,ENGEVITA,LJ148,Super Yeast Flakes Vit D & B12,,6 X 100G,21.65,,4.79,,,G,,,V,5016084000107,15016084000104,,
SNACK BARS & FLAPJACKS,NAKD,KB554,Cashew Cookie Bar,,18 X 35G,9.59,1,0.85,,,G,,,V,5060088701607,05060088701614,N,
FRUIT (FROZEN),PACK'D,XL300,Organic Pineapple,,10 X 300G,33.24,,4.45,,,,O,,V,5060465811110,35060465811111,,
FRUIT - DRIED,SUMA BAGGED DOWN,DR109,Raisins - Thompson Seedless,,2.5 KG,14.99,,,,,,,,V,5017601032151,,,
GRAVY; STOCK & BOUILLON,MARIGOLD,LJ238,Bouillon Powder - Organic,Vegan,6 X 500G,29.65,,6.59,,,G,O,,V,5016084811376,05016084811383,,
MAYONNAISE & SALAD DRESSINGS,ALL DRESSED UP,KJ413,Spicy Harissa Dressing,,6 X 250ML,26.65,,5.75,,,G,,,,5070002997030,15070002997037,,
HERB & FRUIT TEA INFUSIONS,YOGI TEA,TE414,Soul Balm,Cinnamon; Liqorice; CocoaShell,6 X 17 BAGS,12.45,,2.75,,,G,O,,V,04012824405530,04012824435537,,
CEREALS & MUESLIS,AMISA,FX016,Organic Porridge Oats,,6 X 325G,12.28,,2.75,,,G,O,,V,5032722312241,05032722648586,,
HOUSEHOLD CLEANING PRODUCTS,BIO D,HJ117,Handwash - Fragrance Free,Anti Bacterial,6 X 500ML,16.13,1,4.47,,,,,,V,5034938500016,5034938450010,,
BEANS & PULSES - DRIED,SUMA PREPACKS,PU066,Butter Beans,,6 X 500G,11.66,,2.59,,,,,,V,5017601021247,05017601021230,,
COCOA,SUMA BAGGED DOWN - ORGANIC,LJ149,Cocoa Powder - Organic,Fairly Traded,3 KG,42.29,,,,F,,O,,V,5017601028352,,,
PATES; DIPS & TAPAS (CHILLED),DELPHI FOODS,CV285,Three Bean Salad,,6 X 220G,11.10,,2.49,,,,,,V,5018811000480,,,
BABY & CHILD FOOD,ELLA'S KITCHEN,BB126,Sweet Potato;Broccoli;Carrot,from 4 months,7 X 120G,7.26,,1.40,,,,O,,V,5060107330931,05060107330948,N,
CONVENIENCE FOODS,GEO ORGANICS,KJ182,Chickpea & Apricot Tagine,,6 X 400G,15.30,,3.45,,,,O,S,V,5060005462543,5060005460198,,
PASTA,IRIS,WT079,Spaghetti Wholewheat Pasta,,5 KG,12.25,,,,,,O,,V,8015197041486,,,
GRAVY; STOCK & BOUILLON,MARIGOLD,LJ193,Organic Bouillon Reduced Salt,Vegan,6 X 500G,30.03,,6.69,,,,O,,V,5016084000121,25016084000125,,
SNACK BARS & FLAPJACKS,NAKD,KB757,Cocoa Delight Bar,,18 X 35G,9.59,1,0.85,,,G,,,V,5060088701942,05060088701959,N,
FRUIT (FROZEN),PACK'D,XL133,Organic Raspberries,,10 X 300G,43.21,,5.79,,,,O,,V,5060465810465,35060465810466,,
FRUIT - DRIED,SUMA BAGGED DOWN,DR078,Raisins - Thompson Seedless,,5 KG,28.85,,,,,,,,V,5017601340782,,,
ALCOHOL FREE AND LOW ALCOHOL BE,ST PETER'S,JU038,St Peter's Without Original,rich & malty,8 X 500ML,12.09,1,2.45,,,,,,V,688444500562,00688444508568,,
MAYONNAISE & SALAD DRESSINGS,ALL DRESSED UP,KJ409,Tahini & Lime Dressing,,6 X 250ML,26.65,,5.75,,,G,,,,5070002997023,15070002997020,,
HERB & FRUIT TEA INFUSIONS,YOGI TEA,TE350,Stomach Ease,Cardamom; Fennel; Ginger,6 X 17 BAGS,12.45,,2.75,,,,O,,V,4012824402478,4012824432475,,
FRUIT (FROZEN),WINDMILL HILL,XL282,British Organic Blackcurrants,,12 X 400G,33.93,,3.75,,,,O,,V,5060243800046,5060243800107,,
BREADS & BREAD MIXES,AMISA,BT125,Olive Ciabatta,gluten free,9 X 180G,25.27,,3.75,,,G,O,,V,5032722314221,05032722657472,,
GRAINS,BIONA,QS096,Jasmine Brown Rice,,6 X 500G,17.76,,3.95,,,,O,,V,5032722318755,05032722656147,,
BEANS & PULSES - DRIED,SUMA BAGGED DOWN,PU030,Butter Beans,,3 KG,10.49,,,,,,,,V,5017601060031,,,
COCOA,SUMA PREPACKS - ORGANIC,LJ189,Cocoa Powder - Organic,Fairtrade,6 X 250G,22.46,,4.99,,F,,O,,V,5017601027652,05017601027645,,
CANDLES; INCENSE & HOLDERS,DALIT GOODS,NF328,Alok 3 Wick Clay Pot Candle,Coconut scented,EACH,19.50,1,32.99,,,,,,,5065022745259,,,
BABY & CHILD FOOD,ELLA'S KITCHEN,BB238,The Green One - Multi Pack,apple; pear; banana; kiwi,3 X 5 X 90G,12.81,,5.74,,,,O,,V,5060107330405,05060107334854,N,
SNACK BARS & FLAPJACKS,ORGANICA,KB703,Golden Coconut Delight,Vegan,24 X 40G,26.04,1,1.73,,,,O,S,V,5060005460907,05060005461393,N,
BAKING SUNDRIES,ISLANDS CHOCOLATE,KB915,65% Dark Choc Buttons,for baking; cooking & snacking,1 X 2KG,54.00,,,,,,,,V,5060697871135,,,
GRAVY; STOCK & BOUILLON,MARIGOLD,LJ178,Bouillon Reduced Salt,Purple,1 X 2KG,16.88,,22.49,,F,G,,,V,5016084000343,,,
SNACK BARS & FLAPJACKS,NAKD,KB556,Cocoa Orange Bar,,18 X 35G,9.59,1,0.85,,,G,,,V,5060088701447,05060088701454,N,
FRUIT (FROZEN),PACK'D,XL135,Organic Strawberries,,10 X 300G,33.24,,4.45,,,,O,,V,5060465810489,35060465810480,,
VERAGES,,,,,,,,,,,,,,,,,,
HERB & FRUIT TEA INFUSIONS,YOGI TEA,TE554,Throat Comfort,Liquorice; Fennel; Thyme,6 X 17 BAGS,12.45,,2.75,,,G,O,,V,4012824402515,4012824432512,,
FRUIT (FROZEN),WINDMILL HILL,XL279,British Raspberries,,12 X 300G,33.93,,3.75,,,,,,V,5060243800008,5060243800060,,
BREADS & BREAD MIXES,AMISA,BT239,White Ciabatta Rolls,,9 X 180G,23.90,,3.55,,,G,O,,V,5032722320017,05032722657441,,
PICKLES; CHUTNEYS & MUSTARDS,BIONA,KJ036,Sauerkraut - Organic,Not tested for gluten levels,6 X 360G,11.37,,2.55,B,,,O,,V,5032722301160,05032722641341,,
BEANS & PULSES - DRIED,BULK COMMODITIES,PU111,Butter Beans (Lima),,25 KG,67.96,,,,,,,,V,,,,
NUTS & SEEDS,SUMA PREPACKS - ORGANIC,NU041,Coconut - desiccated; organic,,6 X 125G,7.88,,1.75,,,,O,,V,5017601022640,05017601022633,,
SNACK BARS & FLAPJACKS,DELICIOUSLY ELLA,KB790,Apple Raisin Cinnamon Oat Bar,,16 X 50G,10.62,,0.89,,,G,,,V,5060482840209,15060482840206,N,
BABY & CHILD FOOD,ELLA'S KITCHEN,BB048,The Green One - smoothie fruit,apple;pear;banana;kiwi,12 X 90G,12.26,,1.39,,,,O,,V,5060107330412,05060107330443,N,
CONVENIENCE FOODS,GEO ORGANICS,VF079,Chickpea & Lentil Dahl,Canned,6 X 400G,14.40,,3.20,,,,O,,V,5060005460204,5060005461829,,
BAKING SUNDRIES,ISLANDS CHOCOLATE,KB902,55% Milk Chocolate Buttons,for baking; cooking & snacking,1 X 2KG,55.39,,,,,,,,,5060697871128,,,
CONVENIENCE FOODS,MARIGOLD,SY022,Braised Tofu - Cans,,12 X 225G,33.75,,3.75,,,,,,V,5016084210759,05016084395685,,
SNACK BARS & FLAPJACKS,NAKD,KB971,Fruit & Fibre Apple & Cinnamon,,12 X 3 X 44G,20.87,1,2.79,,,G,,,V,5060088700563,15060088700560,N,
FRUIT (FROZEN),PACK'D,XL188,Organic Summer Berries,,10 X 300G,34.97,,4.69,,,,O,,V,5060465810663,35060465810664,,
GRAVY; STOCK & BOUILLON,MARIGOLD,LJ237,Bouillon Powder - Reduced Salt,Vegan/Yeast Free,6 X 500G,33.30,,7.39,,,G,,,V,5016084811277,05016084813172,,
HERB & FRUIT TEA INFUSIONS,YOGI TEA,TE349,Tulsi Relax,Tulsi; Basil; Liquorice,6 X 17 BAGS,12.45,,2.75,,,G,O,,V,4012824435629,04012824435629,,
FRUIT (FROZEN),WINDMILL HILL,XL283,British Summer Fruits,,12 X 330G,33.93,,3.75,,,,,,V,5060243800022,5060243800084,,
BREADS & BREAD MIXES,AMISA,BT168,Organic Seeded Bread Rolls,,9 X 180G,23.90,,3.55,,,G,O,S,V,5032722320208,05032722657670,,
PICKLES; CHUTNEYS & MUSTARDS,BIONA,KJ283,Biona Sauerkraut Golden Turmer,,6 X 350G,11.83,,2.65,B,,,O,S,V,5032722317437,05032722654839,,
BEANS & PULSES - DRIED,BULK COMMODITIES - ORGANIC,PU210,Butter Beans; Chinese - org,,25 KG,163.75,,,,,,O,,V,,,,
FAR EASTERN FOOD,KTC,GT023,Creamed Coconut,Block,12 X 200G,18.28,,2.05,,,,,,V,5013635301454,05013635301126,,
PATES; DIPS & TAPAS (CHILLED),DELPHI FOODS,CV430,Aubergine Dip,,6 X 170G,11.10,,2.49,,,,,,V,5018811000107,,,
SNACK BARS & FLAPJACKS,DELICIOUSLY ELLA,WS072,Hazelnut Nut Butter Ball,,12 X 36G,11.93,1,1.59,,,G,,,V,5060482840414,15060482840411,N,
BEANS & PULSES - CANNED,GEO,VF133,Edamame Beans in Water,,6 X 400G,14.81,,3.29,,,,,,V,5060005460402,05060005460556,,
BAKING SUNDRIES,ISLANDS CHOCOLATE,KB924,70% Dark Chocolate Buttons,for baking; cooking & snacking,1 X 2KG,54.57,,,,,,,,V,5060697871401,,,
GRAVY; STOCK & BOUILLON,MARIGOLD,LJ032,Engevita with B12 Y/Flakes,,1 X 650G,14.99,,19.99,,,G,,,V,5016084000176,,,
SNACK BARS & FLAPJACKS,NAKD,KB973,Fruit & Fibre Srawb & Raspb,,12 X 3 X 44G,20.87,1,2.79,,,G,,,V,5060088700549,15060088700546,N,
COFFEE,PACT COFFEE,TE071,Coffee Advent Calendar -Ground,,8 X 1,106.29,,34.95,,,G,,,V,,,,03 OCT 25
GRAVY; STOCK & BOUILLON,KALLO,LJ147,Yeast Free Veg.Stock Cubes,,15 X 66G,23.29,,2.09,,,G,,,V,5013665101420,05013665103523,N,
HERB & FRUIT TEA INFUSIONS,YOGI TEA,TE088,Turmeric Orange,Turmeric; Cinnamon; Ginger,6 X 17 BAGS,12.45,,2.75,,,G,O,,V,4012824404526,04012824434523,,
FRUIT (FROZEN),WINDMILL HILL,XL084,British Sweet Eating Selection,,12 X 330G,33.93,,3.75,,,,,,V,5060243800350,5060243800367,,
BREADS & BREAD MIXES,AMISA,BT468,Sundried Tomato Ciabatta,,9 X 180G,25.27,,3.75,,,G,O,,V,5032722319011,05032722657649,,
HOUSEHOLD CLEANING PRODUCTS,BIO D,HJ177,Laundry Liquid - Concentrate,Juniper & Seaweed,5L,18.37,1,29.29,,,,,,V,5034938500078,,,
BEANS & PULSES - DRIED,SUMA BAGGED DOWN - ORGANIC,PU243,Butter Beans - Organic,,3 KG,21.99,,,,,,O,,V,5017601014577,,,
NUTS & SEEDS,SUMA PREPACKS,NU029,Coconut - chips,,6 X 150G,8.96,,1.99,,,,,,V,5017601033790,05017601033783,,
PATES; DIPS & TAPAS (CHILLED),DELPHI FOODS,CV349,Avocado Houmous,,6 X 150G,11.10,,2.49,,,G,,,V,5018811000213,5018811000527,,
BABY & CHILD FOOD,ELLA'S KITCHEN,BB040,Peach & Banana Oaty Smooshy,,3 X 4 X 90G,10.79,,4.80,,,,O,,V,5060503505742,5060503505759,N,
SNACK BARS & FLAPJACKS,ORGANICA,KB702,Hazelnut Nougat Delight,Vegan,24 X 40G,26.04,1,1.73,,,,O,S,V,5060005461218,05060005461386,N,
BAKING SUNDRIES,ISLANDS CHOCOLATE,KB928,75% Dark Chocolate Buttons,for baking; cooking & snacking,1 X 2KG,54.72,,,,,,,,V,5060697871142,,,
BAKING SUNDRIES,ENGEVITA,LJ020,Yeast Flakes with Vitamin B12,Blue,6 X 100G,19.11,,4.25,,F,G,,,V,5016084000374,15016084000371,,
SNACK BARS & FLAPJACKS,NAKD,KB163,Lemon Drizzle Bar,,18 X 35G,9.59,1,0.85,,,G,,,V,5060088705926,05060088705933,N,
COFFEE,PACT COFFEE,TE496,House Espresso Wholebean,Speciality grade,6 X 200G,30.00,,6.69,,,G,,,V,5065017244088,15065017244085,,
ALCOHOL FREE AND LOW ALCOHOL BE,ST PETER'S,JU048,St Peter's Without Pale Ale,zingy citrus & biscuit,8 X 500ML,12.41,1,2.49,,,,O,,V,688444500746,00688444508742,,
HERB & FRUIT TEA INFUSIONS,YOGI TEA,TE018,Turmeric Chai,Turmeric; Cinnamon; Ginger,6 X 17 BAGS,12.45,,2.75,,,G,O,,V,4012824404168,4012824434165,,
MIDDLE EASTERN & AFRICAN FOOD,AL'FEZ,KJ302,Moroccan Couscous,,12 X 200G,16.77,,1.87,,,,,,V,5010338300982,05015612104256,,
BISCUITS CRACKERS & CRISPBREAD,AMISA,BT291,Crispbread - Veggie Garden GF,,12 X 100G,17.25,,1.89,,,G,O,,V,5032722314146,05032722651500,,
HOUSEHOLD CLEANING PRODUCTS,BIO D,HJ003,Laundry Liquid,Fragrance Free,12 X 1L,47.75,1,6.39,,,,,,V,5034938100056,05034938300029,,
BEANS & PULSES - DRIED,SUMA PREPACKS - ORGANIC,PU345,Butter Beans - organic,,6 X 500G,22.46,,4.99,,,,O,,V,5017601023586,05017601023579,,
CHOCOLATE,COCOA LOCO,KB748,72% Dark Chocolate Easter Egg,,6 X 225G,56.14,1,14.99,,F,,O,S,V,5060148386324,05060148386331,N,
PATES; DIPS & TAPAS (CHILLED),DELPHI FOODS,CV062,Black Olive Houmous,,6 X 170G,5.63,,1.25,,,,,,V,5018811000947,5018811001005,,
BABY & CHILD FOOD,ELLA'S KITCHEN,BB095,Peaches & Bananas,,7 X 120G,7.39,,1.40,,,,O,,V,5060107330382,05060107330399,N,
FAR EASTERN FOOD,GEO ORGANICS,VF228,Indonesian Rendang Curry Paste,,6 X 180G,20.26,,4.50,,,,O,,V,5060005460709,5060005460716,,
BAKING SUNDRIES,ISLANDS CHOCOLATE,LJ163,75% Dark Chocolate Buttons,metal tin,6 X 200G,51.09,,11.49,,,,,S,V,5060697871210,5060697871333,,
BAKING SUNDRIES,ENGEVITA,LJ143,Yeast Flakes Protein & Fibre,Pink,6 X 100G,17.79,,3.95,,F,G,,,V,5016084000381,15016084000388,,
BEANS & PULSES - CANNED,SUMA ORGANIC,VF675,Aduki Beans - Organic,,12 X 400G,9.87,,1.09,,,,O,,V,5017601036814,05017601036807,,
VERAGES,,,,,,,,,,,,,,,,,,
HERB & FRUIT TEA INFUSIONS,YOGI TEA,TE017,Women's Balance,Rasp. Leaves; Lemon Verbena,6 X 17 BAGS,12.45,,2.75,,,G,O,,V,4012824401631,4012824431638,,
SOFT DRINKS,SIMPLEE CBD,JU818,CBD Infused Wild Berries,Contains 15mg CBD,12 X 250ML,18.79,1,2.49,,,,,,V,5060403010711,05060403010735,,
ESSENTIAL OILS,AQUA OLEUM,AR008,Essential Oil - Eucalyptus,Eucalyptus Globulus - S.Africa,3 X 10ML,6.09,1,3.49,,,,,,V,0702346000132,702346001139,,
FAR EASTERN FOOD,AMAIZIN,LJ192,Coconut Milk,Tetra Pack,12 X 200ML,10.35,,1.19,,,,O,,V,8718976020145,8718976020152,,
HOUSEHOLD CLEANING PRODUCTS,BIO D,HJ222,Laundry Liquid - Concentrate,Lavender,12 X 1L,51.04,1,6.79,,,,,,V,5034938100384,5034938300043,,
VEGAN CHEESE,BUTE ISLAND FOODS,CV308,Creamy Garlic and Herb Spread,,6 X 255G,12.79,,2.86,,,G,,S,V,5034795000216,05034795000315,,
COCOA,COCOBA,KB075,Vegan Dark Hot Chocolate Bombe,with marshmallows,12 X 50G,41.49,,4.99,,,G,,S,V,5056687703548,5056687701087,,
SNACK BARS & FLAPJACKS,DELICIOUSLY ELLA,KB435,Cacao & Almond Ball,,12 X 40G,11.93,1,1.59,,,G,,,V,5060482840001,15060482840008,N,
BABY & CHILD FOOD,ELLA'S KITCHEN,BB007,The Purple One -smoothie fruit,blackcurrants;blueberries etc.,12 X 90G,12.26,,1.39,,,,O,,V,5060107330139,05060107330160,N,
FAR EASTERN FOOD,GEO ORGANICS,VF229,Indonesian Satay Curry Paste,,6 X 180G,20.26,,4.50,,,,O,,V,5060005460686,5060005460693,,
COCOA,ISLANDS CHOCOLATE,TE036,55% Dark Hot Chocolate Flakes,metal tin,6 X 200G,49.03,,10.99,,,,,S,V,5060697871364,5060697871562,,
GRAVY; STOCK & BOUILLON,MARIGOLD,LJ062,Gravy Powder - Instant,gluten free,6 X 170G,10.56,,2.35,,,G,,S,V,5016084000060,15016084000067,,
BEANS & PULSES - CANNED,SUMA ORGANIC,VF625,Black Beans - Organic,,12 X 400G,11.62,,1.29,,,,O,,V,5017601039853,05017601039846,,
TABLE SAUCES,STUBB'S,KJ073,Hickory Liquid Smoke,,12 X 148ML,31.15,,3.49,,,G,,S,V,0734756002109,10734756002106,,
VEGAN CHEESE,TYNE CHEASE,CV099,Original Vegan Cheese,,6 X 120G,35.15,,7.80,,,,,,V,5060595700001,5060595700008,,
HERB & FRUIT TEA INFUSIONS,YOGI TEA,TE355,Women's Energy,Hibiscus; Ginger; Angelica Rt,6 X 17 BAGS,12.45,,2.75,,,G,O,,V,4012824402539,04012824432536,,
ESSENTIAL OILS,ABSOLUTE AROMAS,DY275,Sensoli 3 Pillars Oil Burner,,100ML,7.90,1,13.99,,,,,,V,4250307901494,,,
MIDDLE EASTERN & AFRICAN FOOD,AL'FEZ,KJ065,Falafel Mix,Contains Mustard,12 X 150G,14.93,,1.67,,,,,,V,5010338300999,05015612104263,,
FAR EASTERN FOOD,AMAIZIN,LJ197,Coconut Milk,Tetra Packs,12 X 500ML,23.75,,2.65,,,,O,,V,8718976020169,8718976020176,,
HOUSEHOLD CLEANING PRODUCTS,BIO D,HJ120,Laundry Liquid Fragrance Free,,20L,57.06,1,91.87,,,,,,V,5034938020026,,,
VEGAN CHEESE,BUTE ISLAND FOODS,CV016,Greek Style,,6 X 200G,11.64,,2.60,,,G,,,V,5034795000186,05034795000193,,
NUTS & SEEDS,SUMA BAGGED DOWN,NU274,Coconut - chips,,1 KG,7.49,,,,,,,,V,5017601009252,,,
PATES; DIPS & TAPAS (CHILLED),DELPHI FOODS,CV070,Cannellini & Rosemary Houmous,,6 X 170G,5.63,,1.25,,,,,,V,5018811999586,5018811999548,,
BABY & CHILD FOOD,ELLA'S KITCHEN,BB237,The Purple One - Multi Pack,blackcurrants; blueberries etc,3 X 5 X 90G,12.81,,5.74,,,,O,,V,5060107330122,05060107334878,N,
INDIAN FOOD,GEO ORGANICS,VF743,Korma Curry Paste,,6 X 180G,20.54,,4.56,,,,O,,V,5060005461430,5060005460808,,
COCOA,ISLANDS CHOCOLATE,TE041,45% Hot Chocolate Powder,metal tin,6 X 200G,31.37,,6.99,,,G,,S,V,5060697871241,5060697871340,,
SALT & SEASONINGS,MARIGOLD,LJ444,Liquid Aminos,All Purpose Seasoning,6 X 250ML,17.96,,3.99,,,G,,,V,5016084291116,05016080506832,,
BEANS & PULSES - CANNED,SUMA ORGANIC,VF630,Borlotti Beans - Organic,,12 X 400G,9.87,,1.09,,,,O,,V,5017601040019,05017601040002,,
SUGARS & SYRUPS,SUMA PREPACKS - ORGANIC,LJ251,Raw Cane Sugar - organic,,6 X 500G,18.23,,4.05,,,,O,,V,5017601021964,05017601021957,,
VEGAN CHEESE,TYNE CHEASE,CV002,Flavoured 4 Cheese Selection,,10 X 320G,92.85,,12.50,,,,,S,V,5060595700711,5060595700735,,
HERB & FRUIT TEA INFUSIONS,YOGI TEA,TE733,Wellbeing,Cinnamon; Sage; Oregano,6 X 17 BAGS,12.45,,2.75,,,G,O,,V,4012824401587,04012824431584,,
ESSENTIAL OILS,ABSOLUTE AROMAS,DY776,Bliss Aroma Roll Gift set,Goodnight / De-stress / Relax,1 X GIFT,8.50,1,14.99,,,,,,V,800783101013,,,
ESSENTIAL OILS,AQUA OLEUM,AR150,Essential Oil - Frankincense,Boswellia Carteri - Arabia,3 X 10ML,21.30,1,12.29,,,,,,V,0702346000156,702346001153,,
CRISPS & SNACKS,AMAIZIN,ZX339,Corn Chips - Jalapeno,Organic,14 X 100G,23.87,,3.19,,,G,O,S,V,8718976020244,8718976020251,,
VEGAN CHEESE,BUTE ISLAND FOODS,CV165,Grated Cheddar Style Cheese,,4 X 200G,9.76,,3.29,,,G,,,V,5034795001114,05034795001121,,
NUTS & SEEDS,BULK COMMODITIES,NU024,Coconut - chips,,10 KG,60.72,,,,,,,,V,,,,07 OCT 25
SNACK BARS & FLAPJACKS,DELICIOUSLY ELLA,KB792,Cacao & Almond Oat Bar,,16 X 50G,10.62,,0.89,,,G,,,V,5060482840216,15060482840213,N,
BABY & CHILD FOOD,ELLA'S KITCHEN,BB011,The Red One - smoothie fruit,strawberries;raspberries etc..,12 X 90G,12.26,,1.39,,,,O,,V,5060107330016,05060107330085,N,
INDIAN FOOD,GEO ORGANICS,VF742,Madras Curry Paste,,6 X 180G,20.59,,4.55,,,,O,,V,5060005462895,5060005460884,,
BAKING SUNDRIES,ISLANDS CHOCOLATE,LJ160,55% Milk Chocolate Buttons,metal tin,6 X 200G,49.80,,10.99,,,,,S,,5060697871203,5060697871326,,
BAKING SUNDRIES,MARIGOLD,LJ262,Less Salt Bouillon,,12.5 KG,130.36,,,,,G,O,,V,5016084000411,,N,
SWEET SNACKS,PANDA,ZX409,Raspberry Liquorice,,12 X 200G,22.16,1,2.95,,,,,S,V,075172071905,10075172071902,,
SUGARS & SYRUPS,SUMA PREPACKS - ORGANIC,LJ255,Icing Sugar - organic,,6 X 500G,21.38,,4.75,,,,O,,V,5017601021988,05017601021971,,
VEGAN CHEESE,TYNE CHEASE,CV104,Smoked Vegan Cheese,,6 X 120G,31.28,,6.95,,,,,,V,5060595700094,5060595700091,,
HERB & FRUIT TEA INFUSIONS,YOGI TEA,TE351,Women's Tea,Ginger; Orange Peel; Chamomile,6 X 17 BAGS,12.45,,2.75,,,,O,,V,4012824431119,4012824401112,,
ESSENTIAL OILS,ABSOLUTE AROMAS,DY778,Wellbeing Aroma Roll Gift set,Headaid / Prevention / Breath,1 X GIFT,8.50,1,14.99,,,,,,V,800783103017,,,
ESSENTIAL OILS,AQUA OLEUM,AR011,Essential Oil - Geranium,Pelogonium Graveoleons - Egypt,3 X 10ML,12.19,1,6.99,,,,,,V,0702346000163,702346001160,,
BEANS & PULSES - CANNED,AMAIZIN,VF115,Mixed Beans with Corn,200g Canned,12 X 200G,14.42,,1.60,,,,O,,V,8718976020077,8718976020114,,
VEGAN CHEESE,BUTE ISLAND FOODS,CV183,Grated Mozzarella Style,,4 X 200G,9.76,,3.29,,,G,,,V,5034795001091,05034795001107,,
COCOA,COCOBA,KB393,Vegan Dark Hot Chocolate Bombe,xmas cracker with marshmallows,6 X 150G,49.98,,11.99,,,,,S,V,5060727922219,5060727921779,,
CHOCOLATE,DELICIOUSLY ELLA,ZX152,Salted Caramel Cup,,12 X 36G,12.55,,1.35,,,G,,,V,5060482840513,25060482840517,N,
BABY & CHILD FOOD,ELLA'S KITCHEN,BB239,The Red One - Multi Pack,strawberries; raspberries etc,3 X 5 X 90G,12.81,,5.74,,,,O,,V,5060107330009,05060107334847,N,
INDIAN FOOD,GEO ORGANICS,KJ573,Mango Chutney - Organic,,6 X 370G,22.37,,4.97,,,,O,S,V,5060005460006,5060005460013,,
CONVENIENCE FOODS,MARIGOLD,SY157,Mo-Du Braised Seitan Slices,,12 X 225G,28.35,,3.15,,,,,S,V,5016084000169,25016084000156,,
BEANS & PULSES - CANNED,SUMA ORGANIC,VF255,Pinto Beans - Organic,,12 X 400G,10.30,,1.15,,,,O,,V,5017601047254,05017601047247,,
SUGARS & SYRUPS,SUMA PREPACKS - ORGANIC,LJ261,Demerara Sugar - organic,,6 X 500G,16.16,,3.59,,,,O,,V,5017601022008,05017601021995,,
VEGAN CHEESE,TYNE CHEASE,CV107,Truffle Vegan Cheese,,6 X 120G,31.28,,6.95,,,,,,V,5060595700100,5060595700107,,
HERB & FRUIT TEA INFUSIONS,YOGI TEA,TE031,Christmas Tea,Cinnamon; cloves; orange peel,6 X 17 BAGS,12.45,,2.75,,,,O,,V,4012824404212,4012824434219,,
ESSENTIAL OILS,ABSOLUTE AROMAS,DY777,Energise Aroma Roll Gift set,Daybreak / Focus / Refresh,1 X GIFT,8.50,1,14.99,,,,,,V,800783102010,,,
MIDDLE EASTERN & AFRICAN FOOD,AL'FEZ,KJ753,Harissa,,6 X 180G,15.91,,3.55,,,,,,V,5010338301316,05015612104621,,
PASTA,LA BIO IDEA,WT096,Orzo - White,,6 X 400G,15.00,,3.35,,,,O,,V,8718976015790,8718976015806,,
VEGAN CHEESE,BUTE ISLAND FOODS,CV191,Cheddar Style Cheese Block,,6 X 200G,11.64,,2.60,,,G,,,V,5034795000926,05034795000933,,
CHOCOLATE,COCOA LOCO,KB696,Dark Choc Ginger Easter Egg,,6 X 225G,56.14,1,14.99,,F,,O,,V,5060148383231,05060148383460,,
PATES; DIPS & TAPAS (CHILLED),DELPHI FOODS,CV665,Coleslaw,,6 X 230G,9.21,,2.05,,,,,,,5018811000381,,,
BABY & CHILD FOOD,ELLA'S KITCHEN,BB078,Strawberries & Apples,from 4 months,7 X 120G,7.39,,1.40,,,,O,,V,5060107330368,05060107330375,N,
MAYONNAISE & SALAD DRESSINGS,GEO ORGANICS,KJ333,Vegan Mayo,,6 X 240ML,15.06,,3.35,,,,O,,V,5060005460228,5060005460235,,
GRAVY; STOCK & BOUILLON,MARIGOLD,LJ139,Original Bouillon,Green,1 X 2KG,16.31,,21.75,,F,G,,,V,5016084000336,,,
SOUPS,SUMA ORGANIC,VF345,Organic Tomato & Basil Soup,Italian,12 X 400G,17.96,,1.99,,,,O,S,V,5017601042037,05017601030829,,
HONEY,RAW HEALTH,HY013,Acacia Honey,,6 X 350G,30.54,,6.79,,,,O,,,5032722311572,05032722647879,,
SUGARS & SYRUPS,SUMA BAGGED DOWN,LJ180,Demerara Sugar,,10 KG,40.29,,,,,,,,V,5017601016670,,,
BODY CARE,UPCIRCLE,DY486,Under Mistletoe Xmas Bauble,,1 X GIFT,5.62,1,8.99,,,,,,V,5060571722447,,,
VEGAN & OAT MILK,YOGI TEA,SY199,Barista Chai Concentrate,Just add milk / vegan milk,6 X 1L,15.74,,3.49,,,,O,S,V,04012824601048,04012824631045,,
ESSENTIAL OILS,ABSOLUTE AROMAS,DY674,De-Stress Essential Oil Blend,,1 X 10ML,4.86,1,8.75,,,,,,V,800783978103,,,
ESSENTIAL OILS,AQUA OLEUM,AR014,Essential Oil - Lavender,Lavendula Officinalis-Bulgaria,3 X 10ML,9.15,1,5.29,,,,,,V,0702346000224,702346001221,,
CRISPS & SNACKS,AMAIZIN,ZX254,Salsa Dip Hot,,6 X 260G,12.43,,2.79,,,G,O,S,V,8718976015257,8718976015264,,
VEGAN CHEESE,BUTE ISLAND FOODS,CV315,Creamy Original Spread,,6 X 255G,12.79,,2.85,,,G,,S,V,5034795000209,05034795000308,,
CHOCOLATE,COCOA LOCO,KB704,Dark Chocolate Mini Eggs,,6 X 140G,31.80,1,8.49,,F,,O,,V,5060148382371,5060148383552,N,
PATES; DIPS & TAPAS (CHILLED),DELPHI FOODS,CV271,Couscous Salad,with Chargrilled Vegetables,6 X 160G,11.10,,2.49,,,,,,V,5018811000121,,,
BABY & CHILD FOOD,ELLA'S KITCHEN,BB010,The Yellow One -smoothie fruit,banana;mango;apricot;apple,12 X 90G,12.26,,1.39,,,,O,,V,5060107330030,05060107330108,N,
CONVENIENCE FOODS,GEO ORGANICS,KJ183,Moroccan Chickpea Tagine,,6 X 400G,15.30,,3.40,,,,O,,V,5060005460327,5060005460341,,
GRAVY; STOCK & BOUILLON,MARIGOLD,LJ074,Organic Bouillon Reduced Salt,Vegan,6 X 140G,10.62,,2.39,,,G,O,,V,5016084235516,05016084231754,,
SOUPS,SUMA ORGANIC,VF685,Organic Tuscan Bean Soup,Italian,12 X 400G,18.80,,2.09,,,,O,,V,5017601042051,05017601042044,,
NUTS & SEEDS,RAW HEALTH,NU187,Organic Black Chia Seeds,,6 X 450G,41.04,,9.15,,,,O,,V,5032722312586,05032722648920,,
SUGARS & SYRUPS,BULK COMMODITIES,LJ052,Demerara Sugar,,25 KG,68.01,,,,,,,,V,5017601007388,,,
BODY CARE,UPCIRCLE,DY491,Winter Glow Xmas Bauble,Mini Face Oil and Mini Serum,1 X GIFT,9.50,1,14.99,,,,,,V,5060571723864,,,
HERB & FRUIT TEA INFUSIONS,YOGI TEA,TE342,Maca Chai,Maca; Cinnamon; Cloves,6 X 17 BAGS,12.45,,2.75,,,G,O,,V,4012824405387,04012824435384,,
ESSENTIAL OILS,AQUA OLEUM,DY447,Essential Oil - Lavender,Lavendula Officinalis-Bulgaria,1 X 100ML,22.50,1,45.00,,,,,,V,0702346000552,,,
CRISPS & SNACKS,AMAIZIN,ZX249,Salsa Dip Mild,,6 X 260G,12.43,,2.79,,,G,O,S,V,8718976015233,8718976015240,,
VEGAN CHEESE,BUTE ISLAND FOODS,CV542,Mozzarella Style Slices,,10 X 180G,20.59,,2.75,,,G,,,V,5034795003705,05034795003712,,
NUTS & SEEDS,SUMA BAGGED DOWN,NU241,Coconut - desiccated ; medium,,1 KG,6.45,,,,,,,,V,5017601009276,,,
PATES; DIPS & TAPAS (CHILLED),DELPHI FOODS,CV279,Chickpea Salad,with Feta and Sundried Tomato,6 X 220G,11.10,,2.49,,,,,,,5018811000008,,,
BABY & CHILD FOOD,ELLA'S KITCHEN,BB236,The Yellow One - Multi Pack,banana; mango; apricot; apple,3 X 5 X 90G,12.81,,5.74,,,,O,,V,5060107330023,05060107334861,N,
CONVENIENCE FOODS,GEO ORGANICS,VF148,Coconut & Kale Dahl,,6 X 400G,15.30,,3.40,,,,O,,V,5060005460358,5060005460365,,
BAKING SUNDRIES,ENGEVITA,LJ144,Organic Yeast Flakes,,6 X 100G,24.83,,5.49,,F,G,O,,V,5016084000329,15016084000326,,
SWEET SNACKS,PANDA,ZX164,Liquorice Mix,Comfits; Cuts; Flavoured,12 X 170G,22.03,1,2.95,,,,,S,,6412500076821,6412501076820,,
READY TO EAT FOODS (CHILLED),RAW HEALTH,CV814,Curry & Ginger Sauerkraut,,6 X 410G,21.41,,4.80,,,,O,,V,5032722316751,05032722654150,,
SUGARS & SYRUPS,SUMA BAGGED DOWN,LJ053,Demerara Sugar,,3 KG,11.95,,,,,,,,V,5017601016663,,,
BODY CARE,UPCIRCLE,DY243,Cucumber & Coffee Eye Cream,,1 X 15ML,10.38,1,16.49,,,,,,V,5060571721150,,,
HERB & FRUIT TEA INFUSIONS,YOGI TEA,TE006,Star Salutation,Tulsi; Mint; Lemongrass,6 X 17 BAGS,12.45,,2.75,,,G,O,,V,4012824406124,04012824436121,,
ESSENTIAL OILS,AQUA OLEUM,AR015,Organic Lemongrass Essential O,,3 X 10ML,8.33,1,12.59,,,,O,,V,702346006875,702346007025,,
ALCOHOL FREE AND LOW ALCOHOL BE,ANON,JU141,Spiced Cane - Rum Style,,6 X 70CL,83.33,1,22.22,,,,,S,V,5060032802008,5060032802169,,
VEGAN CHEESE,BUTE ISLAND FOODS,CV540,Cheddar Style Cheese Slices,,10 X 180G,20.59,,2.75,,,,,,V,5034795002128,5034795002135,,
NUTS & SEEDS,BULK COMMODITIES,NU888,Coconut - desiccated medium,,25 KG,122.89,,,,,,,,V,,,,
CHOCOLATE,DELICIOUSLY ELLA,ZX935,Chocolate Dipped Fruit & Nuts,,8 X 90G,15.50,1,2.59,,,G,,S,V,5060482843507,25060482843501,N,
SALT & SEASONINGS,GEO ORGANICS,LJ183,Himalayan Pink Salt - Coarse,,6 X 500G,15.97,,3.55,,,,O,,V,5060005460044,5060005460051,,
GRAVY; STOCK & BOUILLON,MARIGOLD,LJ326,Gravy Powder - Organic,Gluten Free,6 X 110G,10.13,,2.25,,,,O,S,V,5016084355184,05016084170510,,
SWEET SNACKS,PANDA,ZX078,Liquorice 4 Bar Pack,,18 X 128G,27.83,1,2.50,,,,,S,V,0075172079123,00075172089122,,
READY TO EAT FOODS (CHILLED),RAW HEALTH,CV813,Jalapeno & Chilli Sauerkraut,,6 X 410G,21.41,,4.80,,,,O,,V,5032722316744,05032722654143,,
SUGARS & SYRUPS,BULK COMMODITIES,LJ546,Fairly Traded Golden Granular,Golden Granulated Sugar,25 KG,80.08,,,,F,,,,V,,,,
BODY CARE,UPCIRCLE,DY311,Cooling Eye Roller,,1 X ROLLER,4.22,1,6.75,,,,,,V,5060571721525,,,
HOUSEHOLD CLEANING PRODUCTS,YOKUU,HJ427,Allergen Spray Refills,2 X Pearls,1 X 2 REFILL,12.00,1,19.95,,,,,,V,5430003768105,5430003768174,,
ESSENTIAL OILS,AQUA OLEUM,AR005,Organic Bergamot Essential Oil,,3 X 10ML,19.26,1,5.39,,,,O,,V,702346006783,702346006936,,
VERAGES,,,,,,,,,,,,,,,,,,
CHOCOLATE,BUTTERMILK,WS275,Micro Egg Fudge Grab Bag,vanilla flavour,16 X 175G,34.11,1,3.50,,,G,,S,,15036854002961,5036854002964,N,
NUTS & SEEDS,SUMA BAGGED DOWN,NU240,Coconut - desiccated ; medium,,5 KG,29.95,,,,,,,,V,5017601009283,,,
CHOCOLATE,DELICIOUSLY ELLA,ZX150,Chocolate Orange Dipped Almond,,12 X 27G,8.66,1,1.15,,,G,,,V,5060482841770,15060482841777,N,
SALT & SEASONINGS,GEO ORGANICS,LJ175,Himalayan Pink Salt - Fine,,6 X 500G,15.97,,3.55,,,,O,,V,5060005460020,5060005460037,,
GRAVY; STOCK & BOUILLON,MARIGOLD,LJ208,Organic Bouillon,Red,1 X 2KG,14.99,,19.99,,F,G,O,,V,5016084000350,,,
SNACK BARS & FLAPJACKS,NAKD,KB931,Cashew Cookie Multipack,,12 X 4 X 35G,22.33,1,2.95,,,G,,,V,5060088701690,05060088701706,,
FRUIT - DRIED,SUMA PREPACKS,DR123,Papaya,Diced and Crystallised,6 X 125G,7.43,,1.65,,,,,S,V,5017601022909,05017601022893,,
READY TO EAT FOODS (CHILLED),RAW HEALTH,CV815,Ginger & Lemon Sauerkraut,,6 X 410G,21.41,,4.80,,,,O,,V,5032722316737,05032722654136,,
SUGARS & SYRUPS,BULK COMMODITIES - ORGANIC,LJ217,Caster Sugar Org Fairly Traded,,25 KG,104.57,,,,F,,O,,V,,,,
BODY CARE,UPCIRCLE,DY744,Refillable Deo with Macadamia,includes case & refill,1 X 41G,9.38,1,14.99,,,,,,V,5060571722942,,,
HOUSEHOLD CLEANING PRODUCTS,YOKUU,HJ424,Allergen Spray Starter Kit,1 Pearl; 1 Refillable bottle,1 X KIT,12.00,1,19.95,,,,,,V,5430003768037,5430003768167,,
ESSENTIAL OILS,AQUA OLEUM,AR006,Essential Oil - Eucalyptus,Eucalyptus Globulus - S.Africa,3 X 10ML,7.65,1,4.39,,,,O,,V,0702346001610,702346000774,,
SUPERFOODS & SPORTS NUTRITION,ARCTIC POWER,VM012,Blueberry Powder,Great In Porridge & Smoothies,6 X 70G,53.49,,11.89,,,,,,V,5060411820029,15060411820026,,
CRISPS & SNACKS,BETTER WITH,ZX104,Black Truffle Almond Gift Tube,,8 X 140G,33.40,1,6.69,,F,G,,S,V,5600797552680,15600797552656,,
CHOCOLATE,COCOA LOCO,KB495,Egg & Spoon Milk & White Choc,,6 X 100G,28.03,1,7.49,,F,,O,,,5060148386775,05060148386782,N,
CHOCOLATE,DELICIOUSLY ELLA,ZX144,Salted Chocolate Dipped Almond,,12 X 27G,8.66,1,1.15,,,G,,,V,5060482841787,15060482841784,N,
SALT & SEASONINGS,GEO ORGANICS,LJ555,Atlantic Sea Salt Crystals,,6 X 250G,8.77,,1.95,,,,O,,V,5060005460167,05060005461232,,
GRAVY; STOCK & BOUILLON,MARIGOLD,LJ253,Organic Reduced Salt Bouillon,Grey,1 X 2KG,17.54,,23.39,,F,G,O,,V,5016084000367,,,
SNACK BARS & FLAPJACKS,NAKD,KB029,Berry Delight Multipack,,12 X 4 X 35G,22.33,1,2.79,,,G,,,V,5060088702000,05060088702017,,
FRUIT - DRIED,SUMA BAGGED DOWN,DR209,Papaya,Diced and Crystallised,1 KG,7.45,,,,,,,S,V,5017601342090,,,
READY TO EAT FOODS (CHILLED),RAW HEALTH,CV747,Fresh Sauerkraut,,6 X 410G,20.95,,4.70,,,,O,,V,5032722311992,05032722648333,,
SUGARS & SYRUPS,SUMA PREPACKS,LJ090,Golden Granulated Sugar,Fairtrade,6 X 500G,16.61,,3.69,,F,,,,V,5017601028918,05017601028901,,
BODY CARE,UPCIRCLE,DY743,Cleansing Face Milk with Aloe,,1 X 120ML,9.38,1,14.99,,,,,,V,5060571721785,,,
HOUSEHOLD CLEANING PRODUCTS,YOKUU,HJ426,Bathroom Cleaner Refills,2 X Pearls,1 X 2 REFILL,3.71,1,5.99,,,,,,V,5430003768211,5419980270153,,
ESSENTIAL OILS,AQUA OLEUM,AR241,Essential Oil - Lavender,Lavandula Angustifolia-France,3 X 10ML,13.70,1,7.89,,,,O,,V,0702346001627,702346000781,,
SUPERFOODS & SPORTS NUTRITION,ARCTIC POWER,VM009,Blackcurrant Powder,Great In Porridge & Smoothies,6 X 70G,47.49,,10.55,,,,,,V,5060411820043,15060411820040,,
CRISPS & SNACKS,BETTER WITH,ZX172,Black Truffle Almonds,doy packs,8 X 140G,21.86,1,4.39,,F,G,,S,V,5600797552512,25600797552219,,
FLOURS & BREAD MIXES,BULK COMMODITIES - ORGANIC,LJ126,Coconut Flour,,25 KG,70.86,,,,,,O,,V,,,,
SNACK BARS & FLAPJACKS,DELICIOUSLY ELLA,KB942,Kids Raspberry Oat Bars,,12 X 5 X25G,24.10,,2.69,,,G,,S,V,5060482849943,15060482849940,N,
SALT & SEASONINGS,GEO ORGANICS,LJ005,Atlantic Fine Ground Sea Salt,,6 X 500G,18.06,,3.99,,,,O,,V,5060005461997,05060005462000,,
CRISPS & SNACKS,MARIGOLD,ZX046,Popcorn Plus,,18 X 20G,11.61,1,1.05,,,,,,V,5016084000404,15016084000401,N,
SNACK BARS & FLAPJACKS,NAKD,KB031,Cocoa Delight Multipack,,12 X 4 X 35G,22.33,1,2.95,,,G,,,V,5060088701980,05060088701997,,
FRUIT - DRIED,BULK COMMODITIES,DR024,Papaya - Diced & Sweetened,Contains sodium metabisulfite,5 KG,26.25,,,,,,,S,V,5017601006435,,,
VINEGARS,RAW HEALTH,KJ008,ACV Infusion Turmeric Ginger,Unfiltered,12 X 500ML,33.68,,3.75,,,,O,,V,5032722315976,5032722653375,,
SUGARS & SYRUPS,SUMA BAGGED DOWN - ORGANIC,LJ159,Icing Sugar - organic,,3 KG,17.29,,,,,,O,,V,5017601016755,,,
BODY CARE,UPCIRCLE,DY272,Face Oil with Coffee & Rosehip,Coffee; Rosehip & Jojoba,1 X 30ML,9.44,1,14.99,,,,O,,V,5060571723086,,,
HOUSEHOLD CLEANING PRODUCTS,YOKUU,HJ423,Bathroom Cleaner Starter Kit,1 Pearl; 1 Refillable bottle,1 X KIT,3.71,1,5.99,,,,,,V,5430003768129,5419980270146,,
ESSENTIAL OILS,AQUA OLEUM,AR010,Organic Lemon Essential Oil,,3 X 10ML,9.68,1,5.39,,,,O,,V,702346001634,702346000798,,
MAYONNAISE & SALAD DRESSINGS,DINE,KJ139,Hollandaise Sauce,,6 X 1KG,38.57,,,,,,,S,,5060103396511,05060103397402,,
HOUSEHOLD CLEANING PRODUCTS,BIO D,HJ800,Laundry Liquid Fragrance Free,,5L,17.84,1,28.49,,,,,,V,5034938100148,5034938400026,,
CRISPS & SNACKS,BETTER WITH,ZX162,Chilli Almonds,doy packs,8 X 140G,21.86,1,4.39,,F,G,,S,V,5600797552468,25600797552097,,
SNACK BARS & FLAPJACKS,DELICIOUSLY ELLA,KB945,Kids Vanilla Twist Oat Bars,,12 X 5 X 25G,24.10,,2.69,,,G,,S,V,5060482849950,15060482849957,N,
INDIAN FOOD,GEO ORGANICS,VF744,Tikka Masala Paste,,6 X 180G,20.54,,4.56,,,,O,,V,5060005460518,05060005460532,,
CONVENIENCE FOODS,MARIGOLD,SY154,Tempeh - Cans,,6 X 280G,16.42,,3.65,,,G,,,V,5016084000145,15016084000142,,
SNACK BARS & FLAPJACKS,NAKD,KB003,Cocoa Orange Multipack,,12 X 4 X 35G,22.33,1,2.95,,,G,,,V,5060088701478,05060088701485,,
OLIVES,ATTIS GOURMET,KJ015,Aegean - Pitted Green Olives,In oil with pepper and garlic,8 X 400G,18.58,,3.09,,,,,,V,5014747758082,05206303010370,,
HONEY,RAW HEALTH,HY016,Tropical Honey,,6 X 350G,33.28,,7.39,,,,O,,,5032722311589,05032722647886,,
SUGARS & SYRUPS,BULK COMMODITIES,LJ065,Light Muscovado Sugar,,25 KG,83.42,,,,,,,,V,,,,
BODY CARE,UPCIRCLE,DY269,Hyaluronic Acid Night Cream,,1 X 55ML,10.38,1,16.49,,,,,,V,5060571720948,,,
HOUSEHOLD CLEANING PRODUCTS,YOKUU,HJ420,Floor Cleaner Probiotic,Concentrate. 50 buckets worth,1 X 200G,7.00,1,11.99,,,,,,V,7434611043041,5419980270160,,
ESSENTIAL OILS,AQUA OLEUM,AR018,Organic Orange Essential Oil,,3 X 10ML,6.93,1,4.49,,,,O,,V,702346006905,702346007056,,
SUPERFOODS & SPORTS NUTRITION,ARCTIC POWER,VM007,Cranberry Powder,Great In Porridge & Smoothies,6 X 70G,62.40,,13.89,,,,,,V,5060411820005,15060411820002,,
HOUSEHOLD CLEANING PRODUCTS,BIO D,HJ412,Laundry Liquid Cotton Fresh,,12 X 1L,47.37,1,6.62,,,,,,V,5034938100445,5034938120054,,
CRISPS & SNACKS,BETTER WITH,ZX166,Cinnamon & Coconut Almonds,doy packs,8 X 140G,21.86,1,4.39,,F,G,,S,V,5600797552499,25600797552127,,
PATES; DIPS & TAPAS (CHILLED),DELPHI FOODS,CV056,Dolmades,Rice stuffed vine leaves,6 X 150G,12.80,,2.85,,,,,,V,5018811000077,5018811000602,,
CONVENIENCE FOODS,GEO ORGANICS,VF149,Tadka Dahl,,6 X 400G,14.40,,3.20,,,,O,S,V,5060005460372,5060005460389,,
COCOA,ISLANDS CHOCOLATE,KB932,45% Hot Chocolate Powder,Made with organic cocoa powder,1 X 2KG,27.15,,,,,,,,V,5060697871654,,,
CONVENIENCE FOODS,MARIGOLD,SY156,Tunah - Cans,,12 X 170G,35.91,,3.99,,,,,S,V,5016084000152,15016084000159,,
SNACK BARS & FLAPJACKS,NAKD,KB968,Protein Cocoa Hazelnut Multip,,12 X 3 X45G,20.87,1,2.79,,,G,,,V,5060088700112,15060088700119,N,
CONVENIENCE FOODS,ZANAE,VF044,Butter Bean Salad,Giant Beans,12 X 280G,22.25,,2.49,,,,,S,V,5201051002219,05201051502184,,
VINEGARS,RAW HEALTH,KJ489,Apple Cider Vinegar,With Mother - Unfiltered,12 X 1LTR,43.73,,4.85,,,,O,,V,5032722315969,05032722653368,,
SUGARS & SYRUPS,SUMA BAGGED DOWN,LJ094,Light Muscovado Sugar,,3 KG,12.59,,,,,,,,V,5017601007500,,,
BODY CARE,UPCIRCLE,DY247,Jumbo Face Moisturiser Gift Se,with Vitamin E & Aloe Vera,1 X 120ML,17.57,1,28.15,,,,,,V,5060571723024,5060571723031,,
HOUSEHOLD CLEANING PRODUCTS,YOKUU,HJ429,Hand Soap Refills x 2,2 X Pearls,1 X 2 REFILL,6.00,1,9.95,,,,,,V,5430003768556,5430003768679,,
MAYONNAISE & SALAD DRESSINGS,INSPIRED VEGAN,KJ053,Smoked Garlic Mayonnaise,,6 X 180G,11.31,,2.55,,,,,S,V,5056339401709,05056339401716,,
HOUSEHOLD CLEANING PRODUCTS,BIO D,HJ413,Laundry Liquid Cotton Fresh,,5L,14.99,1,25.49,,,,,,V,5034938500368,5034938040222,,
CRISPS & SNACKS,BETTER WITH,ZX103,Cinn Coconut Almond Gift Tube,cinnamon & coconut,8 X 140G,33.40,1,6.69,,F,G,,S,V,5600797552666,15600797552632,,
PATES; DIPS & TAPAS (CHILLED),DELPHI FOODS,CV019,Edamame Beans & White Cheese,Salad with Olive Oil,6 X 200G,11.10,,2.49,,,,,,,5018811000329,,,
FAR EASTERN FOOD,GEO ORGANICS,VF738,Thai Green Curry Paste,,6 X 180G,20.54,,4.56,,,,O,,V,5060005460747,5060005460754,,
HOUSEHOLD PRODUCTS,IF YOU CARE,NF023,Baking Cups - Large,24 x 60 cups,24 X 1 X 60,32.57,1,2.19,,,,,,V,0770009010484,10770009010481,,
BAKING SUNDRIES,MARIGOLD,LJ259,Veg Bouillon,,12.5 KG,114.71,,,,,G,O,,V,5016084000435,,N,
SNACK BARS & FLAPJACKS,NAKD,WS021,Peanut Delight,,18 X 35G,9.59,1,0.85,,,G,,,V,5060088705179,05060088705186,N,
PASTA,LA BUONA VITA,WT026,Gluten Free Penne Pasta,,12 X 400G,24.77,,2.75,,,G,,,V,8028833005735,8028833005742,,
VINEGARS,RAYNERS,KJ500,Apple Cider Vinegar,With Mother,6 X 500ML,17.31,,3.85,,,,O,,V,5019998632402,05060006430060,,
SUGARS & SYRUPS,BULK COMMODITIES,LJ066,Dark Muscovado Sugar,,25 KG,82.92,,,,,,,S,V,,,,
BODY CARE,UPCIRCLE,DY246,Jumbo Shampoo Creme Gift Set,with Coconut & Rosemary Oil,1 X 150ML,11.95,1,19.15,,,,,,V,5060571723178,5060571723222,,
HOUSEHOLD CLEANING PRODUCTS,YOKUU,HJ428,Hand Soap Starter Kit,1 Pearl; 1 Glass Bottle,1 X KIT,7.50,1,11.95,,,,,,V,5430003768372,5430003768495,,
MAYONNAISE & SALAD DRESSINGS,DINE,KJ164,Hollandaise Sauce,,6 X 180G,13.20,,2.99,,,G,,,,5056339401204,05056339401211,,
HOUSEHOLD CLEANING PRODUCTS,BIO D,HJ176,Laundry Liquid - Concentrate,Juniper,12 X 1L,51.04,1,6.85,,,,,,V,5034938200053,5034938300050,,
CRISPS & SNACKS,BETTER WITH,ZX148,Honey & Sea Salt Almonds,doy packs,8 X 140G,21.86,1,4.39,,F,G,,S,,5600797552475,25600797552103,,
PATES; DIPS & TAPAS (CHILLED),DELPHI FOODS,CV265,Falafel,,6 X 110G,12.80,,2.85,,,,,,V,5018811000916,,,
FAR EASTERN FOOD,GEO ORGANICS,VF739,Thai Red Curry Paste,,6 X 180G,20.54,,4.56,,,,O,,V,5060005460723,05060005460730,,
HOUSEHOLD PRODUCTS,IF YOU CARE,NF032,Aluminium Foil - Extra Strong,7m x 40cm recycled foil,12 X 1 ROLLS,52.80,1,7.05,,,,,,V,0770009250200,10770009250207,,
BAKING SUNDRIES,ENGEVITA,LJ265,Yeast Flakes - Bulk,,25 KG,444.23,,,,,G,,,V,,,,
SNACK BARS & FLAPJACKS,NAKD,KB966,Protein Peanut Butter Multipak,,12 X 3 X 45G,20.87,1,2.79,,,G,,,V,5060088700099,15060088700096,N,
OLIVES,ATTIS GOURMET,KJ005,Mexicana - Pitted green&black,Hot pepper; onion and chilli,8 X 400G,22.81,,3.79,,,,,,V,5014747758112,05206303010356,,
FAR EASTERN FOOD,WHITE MAUSU,JP015,Black Bean Rayu,,6 X 240G,24.27,,5.43,,,,,S,V,5392000155596,5391539750166,,
SUGARS & SYRUPS,SUMA BAGGED DOWN,LJ095,Dark Muscovado Sugar,,3 KG,12.55,,,,,,,,V,5017601007524,,,
BODY CARE,UPCIRCLE,DY265,Vitamin E Face Moisturiser,,1 X 60ML,10.38,1,16.49,,,,,,V,5060571720542,,,
HOUSEHOLD CLEANING PRODUCTS,YOKUU,HJ422,MultiPurpose Cleaner Start Kit,Starter Kit 1 Pearl; 1 Spray,1 X KIT,3.71,1,5.99,,,,,,V,5430003768112,5419980270122,,
MAYONNAISE & SALAD DRESSINGS,INSPIRED VEGAN,KJ024,Mayonnaise,,6 X 180G,11.31,,2.55,,,,,S,V,5056339401686,05056339401693,,
HOUSEHOLD CLEANING PRODUCTS,BIO D,HJ171,Laundry Liquid,Lavender,5L,18.37,1,29.29,,,,,,V,5034938500061,05034938450045,,
CRISPS & SNACKS,BETTER WITH,ZX088,Honey Seasalt Almond Gift Tube,,8 X 140G,33.40,1,6.69,,F,G,,S,,5600797552604,15600797552571,,
PATES; DIPS & TAPAS (CHILLED),DELPHI FOODS,CV053,Super Green Falafel,,6 X 110G,10.24,,2.29,,,,,,V,5018811000299,5018811000893,,
FAR EASTERN FOOD,GEO ORGANICS,VF247,Thai Yellow Curry Paste,,6 X 180G,20.54,,4.56,,,,O,,V,5060005460587,05060005460617,,
HOUSEHOLD PRODUCTS,IF YOU CARE,NF500,Aluminium Foil 10M x 29.2cm,100% Recycled,12 X ROLLS,39.09,1,5.25,,,,,,V,77000926001,10770009260015,,
GRAINS,MASAGO,FG017,Organic Sorghum Grain,,12 X 1KG,102.86,,11.45,,,G,O,,V,5070002367697,,,
SNACK BARS & FLAPJACKS,NAKD,KB771,Salted Caramel Multipack,,12 X 4 X 35G,22.33,1,2.95,,,G,,,V,5060088707975,05060088707982,,
OLIVES,ATTIS GOURMET,KJ009,Ionian-Pitted green & kalamata,In oil with herbs,8 X 400G,20.93,,3.49,,,,,,V,5014747758105,05206303010349,,
VINEGARS,RAYNERS,LJ271,Honegar,,6 X 750ML,31.86,1,8.49,,,,,,,5019998000560,15019998000567,,
SUGARS & SYRUPS,SUMA BAGGED DOWN - ORGANIC,LJ055,Raw Cane Sugar - organic,,10 KG,44.95,,,,,,O,,V,5017601017301,,,
CHOCOLATE,UP UP,KB142,Dark Caramel Chocolate Bar,,10 X 120G,29.29,1,4.69,,,G,,S,V,5060149469699,5060149469682,N,
HOUSEHOLD CLEANING PRODUCTS,YOKUU,HJ425,Multipurpose Cleaner Refills,2 X Pearls,1 X 2 REFILL,3.71,1,5.99,,,,,,V,5419980270177,5419980270139,,
SUPERFOODS & SPORTS NUTRITION,ARCTIC POWER,VM015,Lingonberry Powder,Great In Porridge & Smoothies,6 X 70G,47.49,,10.55,,,,,,V,5060411820036,15060411820033,,
HOUSEHOLD CLEANING PRODUCTS,BIO D,HJ144,Laundry Liquid,Lavender,20L,62.00,1,99.83,,,,,,V,5034938020033,,,
CRISPS & SNACKS,BETTER WITH,ZX171,Oriental Spice Almonds,doy packs,8 X 140G,21.86,1,4.39,,F,G,,S,V,5600797552444,25600797552073,,
PATES; DIPS & TAPAS (CHILLED),DELPHI FOODS,CV278,Fresh Guacamole Dip,,6 X 150G,11.10,,2.49,,,,,,,5018811000220,,,
PASTA,EMILIA'S CRAFT PASTA,WT032,Bucatini Pasta - Bronze Dyed,Paper Packaging,20 X 500G,44.86,,2.99,,,,,,V,5070002217909,15070002217906,,
MEAT ALTERNATIVES(FROZEN),GOODLIFE,XL233,Catering Vegetable Sausages,,1 X 30 PACK,11.75,,,,,G,,S,V,,05012869540738,,
HOUSEHOLD PRODUCTS,IF YOU CARE,NF021,Parchment Baking Paper,19.8 x 33cm,12 X 1 ROLLS,40.29,1,5.39,,,,,,V,0770009010200,10770009010207,,
CEREALS & MUESLIS,MASAGO,MX009,Super Oats,,18 X 600G,154.29,,11.45,,,G,O,,V,5070002367680,,,
SUPPLEMENTS & REMEDIES,NATURES AID,VM161,Vitamin B12 1000ug,Sublingual,1 X 180 TABS,7.60,1,13.46,,,G,,,V,5023652280182,5023652280915,,
OLIVES,ATTIS GOURMET,KJ070,Kalamata Olives,,8 X 400G,22.93,,3.79,,,,,,V,5014747758044,05206303010257,,
SUGARS & SYRUPS,RAYNERS,LJ900,Malt Extract - Organic,,6 X 340G,17.65,,3.89,,,,O,,V,5019998629945,05019998763366,,
SUGARS & SYRUPS,BULK COMMODITIES - ORGANIC,LJ068,Raw Cane Sugar - organic,,25 KG,91.33,,,,,,O,,V,,,,
CHOCOLATE,UP UP,KB141,Dark Cherry Chocolate,,10 X 120G,29.29,1,4.69,,,G,,S,V,5060149466780,5060149466797,N,
HOUSEHOLD CLEANING PRODUCTS,YOKUU,HJ421,Toilet Bomb Eucalyptus / Mint,Contains 30 toilet bombs,1 X 30 TABS,14.00,1,23.99,,,,,,V,5419980270276,5419980346186,,
SUPERFOODS & SPORTS NUTRITION,ARCTIC POWER,VM042,Mixed Berry Powder,Great In Porridge & Smoothies,6 X 70G,47.49,,10.55,,,,,,V,5060411820203,15060411820200,,
CEREALS & MUESLIS,BIO & ME,MX008,Low Sugar Granola,Gut Loving,5 X 360G,14.42,,3.79,,,,,,V,5070000126548,25070000126542,,
CRISPS & SNACKS,BETTER WITH,ZX174,Rosemary Almonds,doy packs,8 X 140G,21.86,1,4.39,,F,G,,S,V,5600797552482,25600797552110,,
PATES; DIPS & TAPAS (CHILLED),DELPHI FOODS,CV291,Original Houmous,,6 X 170G,5.49,,1.25,,,,,,V,5018811000015,,,
PASTA,EMILIA'S CRAFT PASTA,WT012,Casarecce Pasta - Bronze Dyed,Paper Packaging,16 X 500G,35.89,,2.99,,,,,,V,5070002217916,25070002217903,,
FLOURS & BREAD MIXES,BULK COMMODITIES - ORGANIC,FG043,Oat Flour - Gluten Free,,25 KG,93.75,,,,,G,O,,V,,,,
HOUSEHOLD PRODUCTS,IF YOU CARE,NF466,Parchment Roasting Bags,Non Stick,8 X 6 BAGS,40.40,1,8.09,,,,,,V,770009250736,10770009250733,,
MAYONNAISE & SALAD DRESSINGS,MARY BERRY'S,KJ390,Salad Dressing,,6 X 235G,16.99,,3.79,,,,,S,V,5012427074002,05012427074019,,
SUPPLEMENTS & REMEDIES,NATURES AID,VM160,Vitamin D3 400iu Mini Drops,Bone & Teeth Support,6 X 50ML,22.69,1,6.71,,,G,,,V,5023652319059,5023652913950,,
OLIVES,ATTIS GOURMET,KJ031,Mykonos - Pitted green olives,In oil; hot pepper and garlic,8 X 400G,21.35,,3.55,,,,,,V,5014747758099,5206303010363,,
SUGARS & SYRUPS,RAYNERS,LJ589,Malt Extract - Organic,,5 KG,27.37,,36.49,,,,O,,V,05019998764134,,,
SUGARS & SYRUPS,SUMA BAGGED DOWN - ORGANIC,LJ096,Raw Cane Sugar - organic,,3 KG,13.59,,,,,,O,,V,5017601007548,,,
BODY CARE,UPCIRCLE,DY745,Deodorant with Macadamia,includes one refill,1 X 41G,2.81,1,4.49,,,,,,V,5060571722997,,,
BEANS & PULSES - DRIED,SUMA PREPACKS,PU080,Split Peas - yellow,,6 X 500G,7.88,,1.75,,,,,,V,5017601020981,05017601020974,,
SUPERFOODS & SPORTS NUTRITION,ARCTIC POWER,VM037,Sea Buckthorn Powder,Great In Porridge & Smoothies,6 X 70G,47.49,,10.55,,,,,,V,5060411820012,15060411820210,,
FAR EASTERN FOOD,BIONA,VF187,Coconut Milk Light Organic,,6 X 400ML,8.11,,1.79,,,,O,,V,5032722311534,05032722647831,,
CRISPS & SNACKS,BETTER WITH,ZX109,Rose Petals Almonds Gift Tube,,8 X 140G,33.40,1,6.69,,F,G,,S,,5600797552741,15600797552717,,
PATES; DIPS & TAPAS (CHILLED),DELPHI FOODS,CV042,Red Kidney Bean Salad,,6 X 200G,8.88,,1.99,,,,,,V,5018811000800,5018811001036,,
CRISPS & SNACKS,EMILY CRISPS,ZX183,Rainbow Roots,Sweet Potato; Carrot; Beetroot,12 X 30G,11.15,,1.49,,,G,,,V,5060379650096,05060379659853,N,
CANDLES; INCENSE & HOLDERS,GREATER GOODS,NF119,Mother's Incense Fan - Mixed,12 Fragrances,1 X 12 FANS,5.50,1,8.99,,F,,,,V,8714985090063,,,
HOUSEHOLD PRODUCTS,IF YOU CARE,NF405,Sandwich & Snack Bags - Paper,19x16x6cm; Unbleached,12 X 48BAGS,38.23,1,5.10,,,,,,V,770009250262,10770009250269,,
SUPERFOODS & SPORTS NUTRITION,SUMA BAGGED DOWN - ORGANIC,VM234,Organic Maca Powder,,1 KG,9.49,,,,,,O,,V,05017601041146,,,
SUPPLEMENTS & REMEDIES,NATURES AID,VM158,Multi-Vitamin Mini Drops,Orange Flavour,6 X 50ML,27.23,1,8.06,,,G,,,V,5023652362055,5023652936959,,
CONVENIENCE FOODS,ZANAE,VF018,Stuffed Peppers -Tomato & Rice,,12 X 280G,28.62,,3.19,,,,,,V,5201051002028,15201051002025,,
SUGARS & SYRUPS,RAYNERS,HY088,Blackstrap Molasses,,6 X 340G,15.01,,3.35,,,,,,V,5019998628054,05019998759796,,
SUGARS & SYRUPS,BULK COMMODITIES - ORGANIC,LJ876,Demerara Sugar; organic,,25 KG,75.00,,,,,,O,,V,,,,
BODY CARE,UPCIRCLE,DY493,Face Milk; Serum & Moisturiser,The UpCircle Discovery set,1 X SET,14.25,1,22.15,,,,,,V,5060571723284,,,
BEANS & PULSES - DRIED,BULK COMMODITIES,PU047,Split Peas - yellow,,25 KG,31.60,,,,,,,,V,,,,
SUPERFOODS & SPORTS NUTRITION,ARCTIC POWER,VM039,Strawberry Powder,Great In Porridge & Smoothies,6 X 70G,53.49,,11.89,,,,,,V,5060411820104,15060411820101,,
DRINKS (CHILLED),KARMA,CV245,Mango Kombucha,with Passion Fruit,6 X 500ML,14.21,1,3.85,B,F,,O,,V,3760192490016,3760192490047,,
CRISPS & SNACKS,BETTER WITH,ZX163,Salt & Pepper Almonds,doy packs,8 X 140G,21.86,1,4.39,,F,G,,S,V,5600797552505,25600797552202,,
PATES; DIPS & TAPAS (CHILLED),DELPHI FOODS,CV018,Lemon & Coriander Houmous,,6 X 170G,6.85,,1.55,,,,,,V,50188110001340,,,
PASTA,EMILIA'S CRAFT PASTA,WT003,Rigatoni Pasta - Bronze Dyed,Paper Packaging,16 X 500G,35.89,,2.99,,,,,,V,5070002217923,35070002217900,,
CANDLES; INCENSE & HOLDERS,GREATER GOODS,NF293,Mother's Fragrances Gift Box,handmade artisanal incense,1 X 21 X 4,5.14,1,10.00,,F,,,,V,8714985773010,,,
HOUSEHOLD PRODUCTS,IF YOU CARE,NF198,Coffee Filters - Number 2,Unbleached & Compostable,12 X 100,26.57,1,3.59,,,,,,V,77000901123,20770009001127,,
SUPERFOODS & SPORTS NUTRITION,BULK COMMODITIES - ORGANIC,VM233,Organic Maca Powder,,20 KG,145.46,,,,,,O,,V,,,,
SUPPLEMENTS & REMEDIES,NATURES AID,VM159,Immune Plus Mini Drops,Blackcurrant Flavour,6 X 50ML,24.21,1,7.16,,,G,,,V,5023652468054,5023652468955,,
FLOURS & BREAD MIXES,FERRERO,QS003,Polenta,,20 X 500G,32.96,,2.19,,,,,,V,3223920000012,03223928000427,,
VINEGARS,RAYNERS,KJ505,Coconut Aminos,Coconut Flower Blossom Nectar,6 X 250ML,29.20,,6.49,,,,O,,V,5019998632457,05060006430114,,
SUGARS & SYRUPS,SUMA BAGGED DOWN - ORGANIC,LJ679,Demerara Sugar - organic,,3 KG,11.35,,,,,,O,,V,5017601017318,,,
BODY CARE,UPCIRCLE,DY751,Eau De Parfum - Flaura,Upcycled ingredients,1 X 50ML,21.09,1,33.75,,,,,,V,5060571721976,5060571721983,,
BEANS & PULSES - DRIED,BULK COMMODITIES - ORGANIC,PU059,Yellow Split Peas - organic,,25 KG,68.77,,,,,,O,,V,,,,
SUGARS & SYRUPS,BIONA,HY022,Organic Maple Agave Syrup,,6 X 350G,25.98,,5.79,,,,O,,V,5032722313095,05032722650350,,
SUPPLEMENTS & REMEDIES,BETTER YOU,VM117,B-Complete Oral Spray,Contains All 8 B-Vitamins,6 X 25ML,40.02,1,11.95,,,,,,V,96191736,5060148522722,,
CHOCOLATE,COCOA LOCO,KB311,Lemon Drizzle Easter Egg,,6 X 225G,56.14,1,14.99,,F,,O,,,5060148387741,05060148387758,N,
PATES; DIPS & TAPAS (CHILLED),DELPHI FOODS,CV046,Puy Lentil & Couscous Salad,,6 X 185G,8.88,,1.99,,,,,,V,5018811001500,5018811001517,,
FAR EASTERN FOOD,THAI TASTE,VF174,Galangal,,6 X 114G,8.76,,1.99,,,G,,,V,5055036901185,15055036901182,,
CANDLES; INCENSE & HOLDERS,GREATER GOODS,NF393,Incense - Yoga,Sandalwood blend,5 X 20STICKS,11.85,1,3.85,,F,,,,V,8714985811101,,,
HOUSEHOLD PRODUCTS,IF YOU CARE,NF196,Coffee Filters - Number 4,Unbleached & Compostable,12 X 100,26.57,1,3.59,,,,,,V,77000901147,20770009001141,,
NUT & SEED BUTTERS,MERIDIAN,GH099,100% Smooth Almond Butter,,6 X 470G,38.23,,8.50,,,,,,V,5060132284360,05060132284377,,
SUPPLEMENTS & REMEDIES,NATURES AID,VM162,Magnesium Citrate 119mg,Elemental Magnesium With B6,1 X 60 CAPS,5.05,1,8.96,,,G,,,V,5023652469068,5023652469969,,
CONVENIENCE FOODS,ZANAE,VF017,Stuffed Vine Leaves,,12 X 280G,28.12,,3.09,,,,,,V,5201051001076,05201051501095,,
SUGARS & SYRUPS,RAYNERS,LJ704,Golden Syrup - Organic,,5 KG,34.60,,46.15,,,,O,,V,05019998764349,,,
SUGARS & SYRUPS,BULK COMMODITIES - ORGANIC,LJ890,Icing Sugar - organic,,25 KG,115.50,,,,,,O,,V,,,,
CHOCOLATE,UP UP,KB860,Milk Chocolate Gingerbread Bar,,10 X 120G,29.29,1,4.69,,,G,,S,,5060149466810,5060149466827,N,
MAYONNAISE & SALAD DRESSINGS,INSPIRED VEGAN,KJ033,Sriracha Mayonnaise,,6 X 175G,11.31,,2.55,,,,,S,V,5056339401723,05056339401730,,
BEANS & PULSES - DRIED,SUMA BAGGED DOWN - ORGANIC,PU197,Yellow Split Peas - organic,,3 KG,10.75,,,,,,O,,V,5017601009931,,,
PASTA,BIONA,WT001,Tagliatelle - Matcha,,10 X 250G,18.95,,2.55,,,,O,,V,5032722320192,5032722657632,,
SUPPLEMENTS & REMEDIES,BETTER YOU,VM171,Boost Vitamin B12 Oral Spray,Natural Apricot Flavour,6 X 25ML,41.88,1,12.45,,,,,,V,96032893,5060148521985,,
CHOCOLATE,COCOA LOCO,KB363,Milk Chocolate Mini Eggs,,6 X 140G,31.80,1,8.49,,F,,O,S,,5060148382364,05060148383569,N,
PATES; DIPS & TAPAS (CHILLED),DELPHI FOODS,CV429,Lentil Salad,,6 X 220G,8.88,,1.99,,,,,,V,5018811000503,,,
FAR EASTERN FOOD,THAI TASTE,VF319,Green Curry Paste,Gang Keow Wan,6 X 114G,9.41,,2.09,,,G,,,V,5055036900393,15055036900390,,
CANDLES; INCENSE & HOLDERS,GREATER GOODS,NF394,Incense - Amrita,Earthy and Spicy,5 X 20STICKS,11.85,1,3.85,,F,,,,V,8714985810869,,,
HOUSEHOLD PRODUCTS,IF YOU CARE,NF186,Parchment Baking Sheets,Unbleached. 24 Pre-Cut Sheets,12 X 24,31.20,1,4.20,,,,,,V,77000901192,10770009011921,,
NUT & SEED BUTTERS,MERIDIAN,GH070,100% Crunchy Peanut Butter,,6 X 470G,21.17,,4.70,,,,,,V,5060132284322,05060132284339,,
VEGAN BUTTER; MARGARINES & SPRE,NATURLI',CV880,Vegan Butter Block,Palm Oil Free,15 X 200G,20.24,,1.79,,,G,O,,V,5701977000097,05701977150624,,
CONVENIENCE FOODS,ZANAE,VF527,Okra in Sauce,,12 X 280G,30.36,,3.39,,,,,S,V,5201051002059,05201051540179,,
SUGARS & SYRUPS,RAYNERS,LJ587,Organic Golden Syrup,,6 X 340G,20.37,,4.49,,,,O,,V,5019998000553,15019998000550,,
SUGARS & SYRUPS,SUMA BAGGED DOWN,LJ184,Soft Brown Sugar,,10 KG,41.75,,,,,,,,V,5017601017172,,,
CHOCOLATE,UP UP,KB138,Wild Mint Dark Chocolate Bar,,10 X 120G,29.29,1,4.69,,,G,,S,V,5060149466445,5060149466452,N,
MAYONNAISE & SALAD DRESSINGS,INSPIRED VEGAN,KJ271,Vegan Horseradish Sauce,,6 X 180G,12.69,,2.85,,,,,S,V,5056339401440,05056339401457,,
BEANS & PULSES - DRIED,SUMA PREPACKS - ORGANIC,PU166,Yellow Split Peas - organic,,6 X 500G,11.93,,2.65,,,,O,,V,5017601024361,05017601024354,,
MAYONNAISE & SALAD DRESSINGS,INSPIRED VEGAN,KJ270,Vegan Hollandaise Style Sauce,,6 X 180G,11.31,,2.55,,,,,S,V,5056339401433,05056339401433,,
HOUSEHOLD CLEANING PRODUCTS,BIO D,HJ039,Glass Mirror Cleaner,,5L,12.61,1,20.25,,,,,,V,5034938500139,,,
SUPPLEMENTS & REMEDIES,BETTER YOU,VM261,Vitamin D 3000IU Oral Spray,With 75ug Vitamin K2,6 X 12ML,31.54,1,8.76,,,,,,,96175101,5060148522128,,
CHOCOLATE,COCOA LOCO,KB300,Marbled Chocolate Rabbit,solid chocolate,6 X 200G,52.46,1,13.99,,F,,O,S,,5060148382821,5060148383590,,
PATES; DIPS & TAPAS (CHILLED),DELPHI FOODS,CV290,Low Fat Houmous,,6 X 170G,5.49,,1.25,,,,,,V,5018811000961,,,
FAR EASTERN FOOD,THAI TASTE,VF171,Red Curry Paste,Panang,6 X 114G,9.51,,2.09,,,G,,,V,5055036900119,15055036900116,,
CANDLES; INCENSE & HOLDERS,GREATER GOODS,NF402,Incense - Rishi,Exotic Rose,5 X 20STICKS,11.85,1,3.85,,F,,,,V,8714985810845,,,
HOUSEHOLD PRODUCTS,IF YOU CARE,NF018,Sponge Cloths,100% Natural & Compostable,12 X 5CLOTHS,38.59,1,5.15,,,,,,V,770009250613,10770009250610,,
NUT & SEED BUTTERS,MERIDIAN,GH093,100% Smooth Peanut Butter,,6 X 470G,21.17,,4.70,,,,,,V,5060132284308,05060132284315,,
ADS (CHILLED),,,,,,,,,,,,,,,,,,
INDIAN FOOD,PATAKS,KJ040,Aubergine Pickle (Was Bringal),,6 X 312G,15.36,,3.43,,,,,S,V,5011308000901,05011308104302,,
FAR EASTERN FOOD,WHITE MAUSU,JP002,Peanut Rayu,,6 X 240G,24.27,,5.43,,,,,,V,5392000155503,5391539750142,,
SUGARS & SYRUPS,BULK COMMODITIES,LJ069,Soft Brown Sugar,,25 KG,79.79,,,,,,,,V,,,,
CHOCOLATE,UP UP,KB136,Sweet Orange Milk Chocolate,,10 X 120G,29.29,1,4.69,,,G,,S,,5060149466414,5060149466421,N,
MAYONNAISE & SALAD DRESSINGS,INSPIRED VEGAN,KJ261,Vegan Tartare Sauce,,6 X 180G,12.69,,2.85,,,,,S,V,5056339401464,05056339401471,,
SUGARS & SYRUPS,BIONA,LJ001,Blackstrap Molasses,,6 X 500G,15.02,,3.35,,,,O,,V,5032722320215,5032722657687,,
SUPPLEMENTS & REMEDIES,BETTER YOU,VM173,Vitamin D 1000IU Oral Spray,Natural Peppermint Flavour,6 X 15ML,21.34,1,6.36,,,,,,,96000793,5060148521923,,
COCOA,COCOBA,KB093,Hot Choc Spoon Vegan Milk Choc,with vegan marshmallows,12 X 45G,33.09,,3.99,,,,,S,V,5060727922141,05060727922158,,
SNACK BARS & FLAPJACKS,DELICIOUSLY ELLA,KB949,Lemon & Poppy Seed Oat Bar,,16 X 50G,11.34,,1.05,,,G,,S,V,5060482843552,15060482843559,N,
FAR EASTERN FOOD,THAI TASTE,VF258,Sriracha Hot Chilli Sauce,,6 X 435ML,12.02,,2.69,,,G,,S,V,5055036902014,15055036902011,,
CANDLES; INCENSE & HOLDERS,GREATER GOODS,NF403,Incense - Ganesh,Rich and Sumptuous,5 X 20STICKS,11.85,1,3.85,,F,,,,V,8714985810838,,,
HOUSEHOLD PRODUCTS,IF YOU CARE,NF177,Food Waste Bags 11L,Compostable Bags,12 X 30 BAGS,45.94,1,6.19,,,,,,V,770009250644,10770009250641,,
NUT & SEED BUTTERS,MERIDIAN,GH056,Almond Butter Crunchy,No added salt,6 X 170G,14.80,,3.29,,,,,,V,5060132281857,05060132281864,,
INTIMATE CARE,NATRACARE,NF256,Make-up Removal Pads,for sensitive skin,14 X 20,39.10,1,4.59,,,,,,V,0782126202024,05019493202025,,
INDIAN FOOD,PATAKS,KJ041,Chilli Pickle,,6 X 283G,15.36,,3.43,,,G,,,V,5011308000406,05011308104296,,
FAR EASTERN FOOD,WHITE MAUSU,JP028,Peanut Rayu Extra Hot,,6 X 240G,24.27,,5.43,,,,,,V,5391539750098,5391539750159,,
SUGARS & SYRUPS,SUMA BAGGED DOWN,LJ097,Soft Brown Sugar,,3 KG,12.09,,,,,,,,V,5017601016991,,,
BODY CARE,UPCIRCLE,DY496,Peptide Serum Apple & Orange,with upcycled Custard Apples,1 X 30ML,12.08,1,18.75,,,,,,V,5060571722638,,,
FRUIT - DRIED,SUMA PREPACKS,DR047,Apple - Rings SO2,,6 X 150G,10.76,,2.39,,,,,,V,5017601037194,05017601037187,,
HOUSEHOLD CLEANING PRODUCTS,BIO D,HJ654,Multi Surface Cleaner,,5L,10.73,1,17.25,,,,,,V,5034938100162,5034938400040,,
SUPPLEMENTS & REMEDIES,BETTER YOU,VM174,Vitamin D 3000IU Oral Spray,Natural Peppermint Flavour,6 X 15ML,25.40,1,7.56,,,,,,,96032879,5060148521909,,
CHOCOLATE,COCOA LOCO,KB320,Marbled Chocolate Egg,,6 X 225G,56.14,1,14.99,,F,,O,S,,5060148382852,05060148383446,N,
PATES; DIPS & TAPAS (CHILLED),DELPHI FOODS,CV273,Mixed Salad with Olives,with marinated queen olives,6 X 300G,15.15,,3.40,,,,,,,501881100312,,,
FAR EASTERN FOOD,THAI TASTE,VF199,Tamarind Paste,,6 X 130G,8.73,,1.99,,,G,,S,V,5055036977173,15055036977170,,
CANDLES; INCENSE & HOLDERS,GREATER GOODS,NF408,Incense - Oudh,Sensuous,5 X 20STICKS,11.85,1,3.85,,F,,,,V,8714985811108,,,
CRISPS & SNACKS,SUMA PREPACKS,ZX205,Yamato Rice Crackers,,6 X 125G,7.88,,1.75,,,,,,V,5017601020660,05017601020653,,
NUT & SEED BUTTERS,MERIDIAN,GH060,Almond Butter Smooth,No added salt,6 X 170G,14.80,,3.29,,,,,,V,5060132281796,05060132281802,,
INTIMATE CARE,NATRACARE,NF254,Dry & Light Incontinence Pads,,6 X 16,20.99,1,4.79,,,,,,V,0782126003546,05019493035401,,
INDIAN FOOD,PATAKS,KJ222,Korma Curry Paste,,6 X 290G,17.70,,3.95,,,G,,,V,5011308000314,05011308104395,,
FAR EASTERN FOOD,WHITE MAUSU,JP064,Smoky Chilli Oil,,6 X 240G,24.27,,5.43,,,,,,V,5391539750081,5391539750173,,
FRUIT - DRIED,SUMA PREPACKS - ORGANIC,DR066,Sultanas - organic,,6 X 250G,12.38,,2.75,,,,O,,V,5017601020769,05017601020752,,
BODY CARE,UPCIRCLE,DY753,Eau De Parfum - Santelle,Upcycled ingredients,1 X 50ML,21.09,1,33.75,,,,,,V,5060571721884,5060571721891,,
VEGAN CHEESE,APPLEWOOD,CV615,Smoked Cheese Block,,8 X 200G,18.47,,3.05,,,G,,S,V,05014442014964,05014442014971,,
BABY CARE,BIO D,NF666,Nappy Fresh,Santiser & Stain Remover,12 X 500G,25.84,1,3.45,,,,,,V,5034938100476,5034938300159,,
SUPPLEMENTS & REMEDIES,BETTER YOU,VM071,Vitamin D 4000IU Oral Spray,Natural Peppermint Flavour,6 X 15ML,27.02,1,7.96,,,,,,,96195529,5060148523224,,
DRINKS (CHILLED),COCOS,CV482,Mango & Passionfruit Kefir,,6 X 200ML,13.54,,3.00,,F,G,O,,V,5060298881939,05060298881946,,
CHOCOLATE,DELICIOUSLY ELLA,ZX151,Peanut Butter Cup,,12 X 36G,12.55,,1.35,,,G,,,V,5060482841275,15060482841272,N,
FAR EASTERN FOOD,THAI TASTE,VF159,Vegan 'Fish' Sauce,,6 X 180ML,10.77,,2.39,,,G,,S,V,5055036901697,15055036901694,,
CANDLES; INCENSE & HOLDERS,GREATER GOODS,NF410,Incense - Prem,Sweet blend of Jasmine,5 X 20STICKS,11.85,1,3.85,,F,,,,V,8714985810784,,,
CRISPS & SNACKS,BULK COMMODITIES,ZX132,Yamato Rice Crackers,Mixed Shapes With Soy & Wheat,6.5 KG,42.79,,,,,,,,V,,,,
NUT & SEED BUTTERS,MERIDIAN,GH087,Almond Butter Smooth,No added salt,6 X 1KG,77.90,,17.29,,,,,,V,5060132282113,05060132282120,,
YEAST EXTRACTS,NATEX,GH055,Yeast Extract - Reduced Salt,,8 X 225G,28.32,,4.75,,,,,,V,5014284003010,05014284002013,,
INDIAN FOOD,PATAKS,KJ045,Lime Pickle - Medium/Hot,,6 X 283G,15.36,,3.43,,,,,,V,5011308000307,05011308104272,,
FRUIT & VEGETABLE JUICES,PIP ORGANIC,JU670,Cloudy Apple Juice,,6 X 4 X180ML,20.59,1,5.49,,,,O,,V,5060218974215,05060218976219,,
FRUIT - DRIED,SUMA PREPACKS,DR117,Sultanas - Turkish,,6 X 500G,17.96,,3.99,,,,,,V,5017601023104,05017601023098,,
BODY CARE,UPCIRCLE,DY722,Sunscreen Mineral SPF 25,,1 X 60ML,9.38,1,14.99,,,,,,V,5060571721174,,,
CAKES,SPECIALITE LOCALE,BT396,Dutch Apple Loaf Cake,,12 X 1 LOAF,39.33,,4.39,,,,,S,V,5010822117065,5010822127064,,
FAR EASTERN FOOD,BIONA,WT071,Asia Noodles,,8 X 250G,16.37,,2.75,,,,O,,V,5032722313262,05032722656468,,
SOFT DRINKS,BETTER YOU,JU396,Magnesium Water - Energy,Pomegranate & Rhubarb,12 X 250ML,16.50,1,2.29,,,,,,V,5060148524290,5060148524450,,
CHOCOLATE,COCOA LOCO,KB018,Dark Chocolate Mint Thins,,6 X 170G,52.46,1,13.99,,F,,O,,V,05060148389387,05060148389370,,
PATES; DIPS & TAPAS (CHILLED),DELPHI FOODS,CV286,Chargrill Red Pepper Houmous,,6 X 170G,6.85,,1.55,,,,,,V,5018811000930,,,
FLAKES; BRANS & WHEATGERM,BULK COMMODITIES - ORGANIC,FX170,Wheat Flakes Organic,,20 KG,28.17,,,,,,O,,V,,,,23 SEP 25
CANDLES; INCENSE & HOLDERS,GREATER GOODS,NF411,Incense - Shanti,Woody; w/Rose;Jasmine,5 X 20STICKS,11.85,1,3.85,,F,,,,V,8714985810753,,,
FAR EASTERN FOOD,SANCHI,JP670,Tamari - organic,,6 X 150 ML,17.78,,3.95,,,,O,,V,5012246118246,05012246122298,,
NUT & SEED BUTTERS,MERIDIAN,GH094,Almond Butter Smooth Organic,No added salt; organic,6 X 170G,22.53,,4.99,,,,O,,V,5060132282151,05060132282168,,
INTIMATE CARE,NATRACARE,NF255,Maternity Nursing Pads,,12 X 26,21.60,1,2.96,,,,,,V,0782126003607,05019493036002,,
INDIAN FOOD,PATAKS,KJ054,Madras Curry Paste,,6 X 283G,17.70,,3.95,,,G,,,V,5011308002400,05011308104180,,
FRUIT & VEGETABLE JUICES,PIP ORGANIC,JU697,Pineapple & Mango Smoothie,,6 X 4 X180ML,21.80,1,5.85,,,,O,,V,5060218974239,5060218976233,,
CHOCOLATE,UP UP,KB856,Milk Choc Sea Salt & Lime Bar,,15 X 130G,43.93,1,4.75,,,G,,S,,5060149461174,5060149469637,N,
FRUIT - DRIED,SUMA BAGGED DOWN,DR293,Apple - Rings SO2,,1 KG,9.55,,,,,,,,V,5017601024729,,,
TABLE SAUCES,BIONA,KJ232,Tomato Ketchup; Organic,Glass bottle;no cane sugar,6 X 340G,15.93,,3.55,,,,O,,V,5032722302273,05032722640313,,
SUPPLEMENTS & REMEDIES,BETTER YOU,VM029,Magnesium Flakes,,10 X 250G,29.70,1,4.95,,,,,,V,5060148520575,5060148520650,,
CHOCOLATE,COCOA LOCO,KB496,Milk & White Chocolate Chicks,,6 X 100G,26.23,1,6.99,,F,,O,,,5060148383279,5060148383514,N,
PATES; DIPS & TAPAS (CHILLED),DELPHI FOODS,CV059,Cheese Stuffed Red Peppers,,6 X 135G,12.01,,2.69,,,,,,,5018811999753,5018811999746,,
FRUIT - CANNED & JARRED,EPICURE,KJ102,Sweet cherries in fruit juice,,6 X 550G,17.23,1,4.59,,,G,,,V,5011673103627,05011673601765,,
CANDLES; INCENSE & HOLDERS,GREATER GOODS,NF412,Incense - Om,Cassia; Vanilla; Amber,5 X 20STICKS,11.85,1,3.85,,F,,,,V,8714985810777,,,
FAR EASTERN FOOD,SANCHI,JP105,Miso - Genmai (Brown Rice),,6 X 345 G,17.08,,3.79,,,,,,V,5012246022338,05012246122335,,
CONVENIENCE FOODS,MERCHANT GOURMET,QS056,Brown; Red & Wild Rice,,6 X 250G,10.80,,2.40,,,,,,V,5056215600431,15056215600438,,
VEGETABLES (FROZEN),NATURAL COOL,XL178,Peas,,8 X 450G,24.24,,4.05,,,G,O,,V,4026813000422,4026813001344,,
INDIAN FOOD,PATAKS,KJ049,Mixed Pickle,,6 X 283G,15.36,,3.43,,,G,,,V,5011308000505,05011308104340,,
FRUIT & VEGETABLE JUICES,PIP ORGANIC,JU696,Strawberry & Blackcurrant,,6 X 4 X180ML,21.80,1,5.85,,,,O,,V,5060218974222,5060218976226,,
BODY CARE,URTEKRAM,DY829,Cream Deodorant for Men,with Zinc salts for protection,6 X 50ML,29.00,1,7.99,,,,O,,V,5701058013619,15701058013616,,
FRUIT - DRIED,BULK COMMODITIES,DR003,Apple - Rings SO2,,10 KG,69.48,,,,,,,,V,,,,
NUTS & SEEDS,BIONA,NU304,Amaranth Seeds,Organic,6 X 500G,17.76,,3.95,,,,O,,V,5032722301566,05032722642935,,
SOFT DRINKS,BETTER YOU,JU397,Magnesium Water - Focus,Blueberry & Mint,12 X 250ML,16.50,1,2.29,,,,,,V,5060148524306,5060148524498,,
NUTS & SEEDS,SUMA BAGGED DOWN - ORGANIC,NU071,Coconut - desiccated; organic,,1 KG,8.55,,,,,,O,,V,5017601770718,,,
PATES; DIPS & TAPAS (CHILLED),DELPHI FOODS,CV347,Smoky Red Lentil Houmous,,6 X 170G,6.85,,1.55,,,G,,,V,5018811000398,5018811999975,,
CHOCOLATE,EQUAL EXCHANGE,KB654,71% Organic Very Dark,,12 X 100G,42.86,1,5.69,,F,,O,S,V,745998903024,05018190008114,N,
CANDLES; INCENSE & HOLDERS,GREATER GOODS,NF440,Incense Frankincense,Milder fragrance; marbled pack,6 X 12STICKS,8.20,1,2.20,,F,,,,V,8714985810203,,,
FAR EASTERN FOOD,SANCHI,JP034,Mugi Miso,,6 X 345 G,15.52,,3.45,,,,,,V,5012246022352,05012246122359,,
NUT & SEED BUTTERS,MERIDIAN,GH027,Cashew Butter Smooth,No added salt,6 X 170G,17.32,,3.85,,,,,,V,5014213000929,05014213009182,,
INTIMATE CARE,NATRACARE,NF253,Panty Liners Long Wrapped,,10 X 16,15.26,,2.09,,,,,,V,0782126003140,05019493031458,,
INDIAN FOOD,PATAKS,KJ047,Mango Pickle - Medium,,6 X 283 G,15.36,,3.43,,,G,,,V,5011308000109,05011308104241,,
SOFT DRINKS,PIP ORGANIC,JU399,Sparkling Apple,,24 X 250ML,24.68,1,1.89,,,,O,,V,5060218970613,05060218979616,,
BODY CARE,URTEKRAM,DY832,Face Cream for Men,with Salicylic Acid,6 X 75ML,32.50,1,8.99,,,,O,,V,5701058013053,15701058013050,,
FRUIT - DRIED,SUMA BAGGED DOWN,DR004,Apple - Rings SO2,,5 KG,43.45,,,,,,,,V,5017601340041,,,
FAR EASTERN FOOD,BIONA,VF772,Creamed Coconut Organic,,12 X 200G,30.03,,3.35,,,,O,,V,5032722307018,05032722643550,,
SOFT DRINKS,BETTER YOU,JU393,Magnesium Water - Hydrate,Lime & Bergamot,12 X 250ML,16.50,1,2.29,,,,,,V,5060148524313,5060148524535,,
NUTS & SEEDS,SUMA BAGGED DOWN - ORGANIC,NU038,Coconut - desiccated; organic,,2.5 KG,20.39,,,,,,O,,V,5017601032304,,,
HERBS & SPICES - PREPACKED,EL REY DE LA VERA,HE075,Sweet Smoked Paprika,,14 X 75G,37.29,,3.55,,,,,,V,8412883019468,48412883019466,,
COFFEE,EQUAL EXCHANGE,TE875,Colombian Excelso,Chocolatey Almond Notes,8 X 200G,49.33,,8.25,,F,,O,,V,5018190017086,5018190017284,,
CANDLES; INCENSE & HOLDERS,GREATER GOODS,NF441,Incense Patchouli,Milder fragrance; marbled pack,6 X 12STICKS,8.20,1,2.20,,F,,,,V,8714985810142,,,
FAR EASTERN FOOD,SANCHI,JP119,Tamari Soy Sauce,,6 X 300ML,18.53,,4.09,,,,,,V,5012246022284,05012246223742,,
NUT & SEED BUTTERS,MERIDIAN,GH061,Cashew Butter Crunchy,No added salt,6 X 170G,17.32,,3.85,,,,,,V,5060132281833,05060132281840,,
INTIMATE CARE,NATRACARE,NF252,Panty Liners Tanga,,16 X 30,23.61,,2.09,,,,,,V,0782126003072,05019493030703,,
INDIAN FOOD,PATAKS,VF293,Pappadums - Plain,,12 X 100G,18.51,,2.07,,,,,,V,5011308953009,05011308039703,,
ALCOHOL FREE AND LOW ALCOHOL BE,THE REAL DRINKS CO.,JU247,Dry Dragon Sparkling Tea,Alternative to sparkling wine,6 X 750ML,39.86,1,11.00,,,G,,,V,5060607910176,5060607910145,,
BODY CARE,URTEKRAM,DY828,Hair & Body Wash for Men,2-in-1 All hair types,6 X 200ML,30.00,1,8.25,,,,O,,V,5701058013046,15701058013043,,
VEGAN CHEESE,APPLEWOOD,CV618,Smoked Cheese Slices,,12 X 200G,30.12,,3.35,,,G,,,V,05014442015848,05014442015855,,
OILS & FATS,BIONA,VF774,Virgin Coconut Oil Organic,,6 X 400G,37.84,,8.39,,,,O,,V,5032722307957,05032722644670,,
SUPPLEMENTS & REMEDIES,BETTER YOU,VM282,Iron Oral Spray,5mg Iron; Pomegranate Flavour,6 X 25ML,33.79,1,9.95,,,,,,V,96180402,5060148522296,,
NUTS & SEEDS,BULK COMMODITIES - ORGANIC,NU117,Coconut - desiccated; organic,,25 KG,169.36,,,,,,O,,V,,,,
HOUSEHOLD PRODUCTS,DALIT GOODS,NF321,Masala Dabba Spice Box Red,stainless steel,EACH,23.00,1,36.99,,,,,,V,5017601052494,05017601052487,,
CHOCOLATE,DIVINE,KB537,Milk Chocolate Advent Calendar,,12 X 85G,64.29,1,8.59,,F,,,S,,5017397077206,5017397002956,,
CANDLES; INCENSE & HOLDERS,GREATER GOODS,NF444,Incense Cinnamon & Spice,Milder fragrance; marbled pack,6 X 12STICKS,8.20,1,2.20,,F,,,,V,8714985810074,,,
JAMS & FRUIT SPREADS,SUMA,JS200,Pear and Apple Spread,,12 X 300G,33.02,,3.69,,,,,,V,5017601011958,5017601011941,,
CHOCOLATE & SWEET SPREADS,MERIDIAN,GH054,Chocca Smooth,,6 X 240G,15.26,,3.39,,,,,S,V,5060132285190,05060132285183,,
VEGAN BUTTER; MARGARINES & SPRE,NATURLI',CV879,Spreadable Vegan Butter,Palm Oil Free,24 X 225G,33.84,,1.85,,,G,O,,V,5701977550035,05701977600037,,
VERAGES,,,,,,,,,,,,,,,,,,
BODY CARE,URTEKRAM,DY831,Face Wash for Men,with Tazman Pepper,6 X 150ML,32.50,1,8.99,,,,O,,V,5701058013091,15701058013098,,
FRUIT - DRIED,SUMA PREPACKS,DR093,Apricots - select SO2,,6 X 125G,12.11,,2.69,,,,,,V,5017601020127,05017601020110,,
OILS & FATS,BIONA,VF773,Virgin Coconut Oil Organic,,6 X 200G,21.41,,4.75,,,,O,,V,5032722307940,05032722644663,,
SUPPLEMENTS & REMEDIES,BETTER YOU,VM106,Iron Oral Spray,10mg Iron; Pomegranate flavour,6 X 25ML,50.80,1,14.95,,,,,,V,96188620,5060148522685,,
CHOCOLATE,COCOA LOCO,WS122,Milk Choc & Orange Mini Eggs,,6 X 140G,31.80,1,8.49,,F,,O,,,5060148387727,5060148387734,,
HOUSEHOLD PRODUCTS,DALIT GOODS,NF319,Masala Dabba Spice Box Blue,stainless steel Turquoise,EACH,23.00,1,36.99,,,,,,V,5017601052470,05017601052463,,
COFFEE,EQUAL EXCHANGE,TE870,Decaffeinated,Malty Smooth; Caramel Richness,8 X 200G,49.33,,8.25,,F,,O,,V,5018190017048,5018190017246,,
CANDLES; INCENSE & HOLDERS,GREATER GOODS,NF469,Incense - Lila,Woody Patchouli,5 X 20STICKS,11.85,1,3.85,,F,,,,V,8714985810951,,,
SOFT DRINKS,JARR KOMBUCHA,JU084,Original Kombucha Fibre,,12 X 330ML,12.83,1,3.45,,,G,O,,V,5411681413174,5411681413075,,03 OCT 25
NUT & SEED BUTTERS,MERIDIAN,GH063,Peanut Butter Crunchy,No added salt; organic,6 X 280G,12.96,,2.89,,,,O,,V,5014213200732,05014213500733,,
ADS (CHILLED),,,,,,,,,,,,,,,,,,
ALCOHOL FREE AND LOW ALCOHOL BE,THE REAL DRINKS CO.,JU248,Peony Blush Sparkling Tea,Alternative to sparkling rose,6 X 750ML,41.76,1,11.50,,,G,,,V,5060607910428,5060607910435,,
TOOTH CARE,URTEKRAM,DY798,Aloe Vera Toothpaste,Fluoride Free,6 X 75ML,14.37,1,3.99,,,G,O,,V,5765228837849,15765228837846,,
FAR EASTERN FOOD,YUTAKA,JP013,Panko Bread Crumbs,,8 X 180G,11.18,,1.89,,,,,,V,5014276700453,05014276710452,,
FRUIT - DRIED,SUMA PREPACKS,DR094,Apricots - select SO2,,6 X 250G,21.11,,4.69,,,,,,V,5017601020141,05017601020134,,
FRUIT & VEGETABLE JUICES,BIONA,JU508,Cranberry Juice,100% Pure,6 X 330ML,23.98,1,6.39,,,,O,,V,5032722305144,5032722644397,,
SUPPLEMENTS & REMEDIES,BETTER YOU,VM247,Magnesium Gel - Original,,6 X 150ML,46.60,1,12.95,,,,,,V,5060148520469,5060148521879,,
CHOCOLATE,COCOA LOCO,KB013,Milk Chocolate Orange Thins,,6 X 170G,52.46,1,13.99,,F,,O,,,5060148382593,5060148389387,,
HOUSEHOLD PRODUCTS,DALIT GOODS,NF318,Masala Dabba Spice Box Yellow,stainless steel,EACH,23.00,1,36.99,,,,,,V,5017601052456,05017601052449,,
COFFEE,EQUAL EXCHANGE,TE403,Decaffeinated,Malty Smooth; Caramel Richness,8 X 200G,49.33,,8.25,,F,,O,,V,5018190017604,05018190017611,,
CANDLES; INCENSE & HOLDERS,GREATER GOODS,NF525,Incense - Meera,Sandalwood Blend,5 X 20STICKS,11.85,1,3.85,,F,,,,V,8714985811125,,,
CRISPS & SNACKS,JASPER'S,ZX284,Sea Salt Crisps,,12 X 100G,34.46,1,4.65,,,G,O,,V,5060501860324,15060501860321,N,
NUT & SEED BUTTERS,MERIDIAN,GH066,Peanut Butter Crunchy,No added salt,6 X 280G,14.17,,3.15,,,,,,V,5014213711290,05014213500818,,
INTIMATE CARE,NATRACARE,NF248,Tampons Super 10,organic,20 X 10,32.61,,2.19,,,,O,,V,0782126191038,05019493091032,,
VERAGES,,,,,,,,,,,,,,,,,,
TOOTH CARE,URTEKRAM,DY799,Tutti Frutti Toothpaste,Children's Toothpaste,6 X 75ML,14.37,1,3.99,,,G,O,,V,5765228837801,15765228837808,,
FAR EASTERN FOOD,YUTAKA,JP005,Miso Paste - Organic,,6 X 300G,23.00,,5.15,,,,O,,V,05014276701115,05014276711114,,
FRUIT - DRIED,SUMA PREPACKS,DR095,Apricots - select SO2,,6 X 500G,39.56,,8.79,,,,,,V,5017601020721,05017601020714,,
FAR EASTERN FOOD,BIONA,VF775,Coconut Milk Organic,,6 X 400ML,10.91,,2.45,,,,O,,V,5032722304413,05032722640986,,
SUPPLEMENTS & REMEDIES,BETTER YOU,VM124,Magnesium Menopause Spray,Transdermal Spray,6 X 100ML,23.66,1,13.95,,,,,,V,5060148524245,5060148524276,,03 OCT 25
CHOCOLATE,COCOA LOCO,KB312,Raspberry Chocolate Mini Eggs,white chocolate,6 X 140G,31.80,1,8.49,,F,,O,,,5060148383576,5060148383583,,
PATES; DIPS & TAPAS (CHILLED),DELPHI FOODS,CV064,Sriracha Houmous,,6 X 170G,5.63,,1.25,,,,,,V,5018811999579,5018811999531,,
CHOCOLATE,EQUAL EXCHANGE,KB698,65% Organic Dark Orange,,12 X 100G,42.86,1,5.69,,F,,O,S,V,745998903079,05018190008152,N,
CANDLES; INCENSE & HOLDERS,GREATER GOODS,NF526,Incense - Aditi,Crisp Blend of Sage,5 X 20STICKS,11.85,1,3.85,,F,,,,V,8714985811132,,,
CRISPS & SNACKS,JASPER'S,ZX293,Sea Salt Popcorn,,12 X 50G,24.18,1,3.25,,,G,O,,V,5060501860348,15060501860345,N,
NUT & SEED BUTTERS,MERIDIAN,GH114,Hazelnut Butter Crunchy,No added salt,6 X 170G,22.46,,4.99,,,,,,V,5014213000943,05014213009175,,
INTIMATE CARE,NATRACARE,NF246,Tampons Regular 10,organic,20 X 10,31.13,,2.09,,,,O,,V,0782126181039,05019493081033,,
ALCOHOL FREE AND LOW ALCOHOL BE,THE REAL DRINKS CO.,JU246,Royal Flush Sparkling Tea,Alternative to Champagne,6 X 750ML,39.86,1,11.00,,,G,,,V,5060607910183,5060607910152,,
TOOTH CARE,URTEKRAM,DY792,Eucalyptus Toothpaste,Fluoride Free,6 X 75ML,14.37,1,3.99,,,G,O,,V,5765228837818,15765228837815,,
FAR EASTERN FOOD,YUTAKA,JP043,Rice Vinegar,,6 X 150ML,9.86,,2.20,,,,,,V,05014276512025,05014276012020,,
FRUIT - DRIED,SUMA PREPACKS,DR096,Apricots - unsulphured,,6 X 250G,22.01,,4.89,,,,,,V,5017601023128,05017601023111,,
SUPERFOODS & SPORTS NUTRITION,BIONA,MD736,Cracked Linseed Gold Organic,Omega 3 Extra,6 X 500G,25.06,,5.59,,,,O,,V,5032722306073,05032722642508,,
SUPPLEMENTS & REMEDIES,BETTER YOU,VM170,Magnesium Body Lotion,,6 X 180ML,43.00,1,11.95,,,,,,,5060148521251,5060148521268,,
CHOCOLATE,COCOA LOCO,KB716,Dark Chocolate Rabbit,solid chocolate,6 X 200G,52.46,1,13.99,,F,,O,S,V,5060148386812,05060148386829,,
PATES; DIPS & TAPAS (CHILLED),DELPHI FOODS,CV057,Sunripened Tomato Salad,,6 X 160G,13.63,,2.99,,,,,,,5018811999760,5018811999739,,
COFFEE,EQUAL EXCHANGE,TE874,Dark City,deep body; velvety smooth,8 X 200G,46.25,,7.69,,F,,O,,V,5018190017024,5018190017222,,
CANDLES; INCENSE & HOLDERS,GREATER GOODS,NF367,Sandalwood,Milder Fragrance; marbled pack,6 X 12STICKS,7.50,1,2.20,,F,,,,V,8714985810234,,,
SOFT DRINKS,JAX COCO,JU742,Coconut Water Pure,,12 X 1L,31.69,1,4.25,,,,,,V,4897042280042,4897042280240,,
VEGAN BUTTER; MARGARINES & SPRE,NATURLI',CV735,Spreadable Vegan Butter,Palm Oil Free,16 X 450G,43.27,,3.60,,,G,O,,V,5701977550554,05701977600815,,
VERAGES,,,,,,,,,,,,,,,,,,
TOOTH CARE,URTEKRAM,DY791,Fresh Mint Toothpaste,Fluoride Free Whitening,6 X 75ML,14.37,1,3.99,,,G,O,,V,5765228836095,15765228836092,,
FAR EASTERN FOOD,YUTAKA,JP104,Yutaka Gochujang,,16 X 500G,52.59,,4.20,,,G,,S,V,5014276704161,5014276714160,,
FRUIT - DRIED,SUMA BAGGED DOWN,DR001,Apricots - Chopped SO2,,1 KG,12.55,,,,,,,,V,5017601046134,,,
BREADS & BREAD MIXES,BIONA,BT465,Millet Bread - Organic,Gluten Free,6 X 250G,18.22,,4.05,,,,O,,,5032722301924,05032722645073,,
SUPPLEMENTS & REMEDIES,BETTER YOU,VM168,Magnesium Flakes,,6 X 1KG,39.42,1,10.95,,,,,,V,5060148520339,5060148520704,,
COCOA,COCOBA,KB076,Reindeer Hot Choc Spoon,vegan "milk" chocolate,12 X 50G,33.09,,3.99,,,G,,S,V,05060727924374,5060727924367,,
PATES; DIPS & TAPAS (CHILLED),DELPHI FOODS,CV428,Tabouli Salad,,6 X 170G,11.10,,2.49,,,,,,V,5018811000206,,,
COFFEE,EQUAL EXCHANGE,TE402,Dark City,Deep Body; Velvety Smooth,8 X 200G,46.25,,7.69,,F,,O,,V,5018190017581,5018190017598,,
CANDLES; INCENSE & HOLDERS,GREATER GOODS,NF065,Incense - Sattva,Heliotrope and Vanilla,5 X 20STICKS,11.85,1,3.85,,F,,,,V,8714985810821,,,
SOFT DRINKS,JAX COCO,JU100,Coconut Water Pure,No added sugars; 100% Pure,24 X 330ML,31.30,1,2.29,,,G,,,V,4897042283593,4897042283623,,
ADS (CHILLED),,,,,,,,,,,,,,,,,,
MEAT ALTERNATIVES (CHILLED),VBITES,CV025,Chicken Style Chunks,,6 X 150G,17.95,,3.99,,,,,,V,5021821000012,15021821000019,,
FRUIT - DRIED,SUMA PREPACKS - ORGANIC,DR256,Sultanas - organic,,6 X 500G,21.83,,4.85,,,,O,,V,5017601023029,05017601023012,,
TOOTH CARE,URTEKRAM,DY794,Mint & Fluoride Toothpaste,Aloe Vera,6 X 75ML,14.37,1,3.99,,,G,O,,V,5765228837931,15765228837938,,
FAR EASTERN FOOD,YUTAKA,JP050,Sushi Rice,,6 X 500G,9.26,,2.05,,,,,,V,5014276030383,05014276710230,,
FRUIT - DRIED,BULK COMMODITIES,DR005,Apricots - Chopped SO2,,12.5 KG,116.07,,,,,,,,V,,,,
BREADS & BREAD MIXES,BIONA,BT206,Rye Omega 3 Linseed Bread,golden linseed;wheat free,7 X 500G,14.32,,2.75,,,,O,,V,5032722303607,05032722656628,,
SUPPLEMENTS & REMEDIES,BETTER YOU,VM167,Magnesium Oil - Goodnight,Transdermal Spray,6 X 100ML,50.22,1,13.95,,,,,,V,5060148520186,5060148520193,,
COCOA,COCOBA,KB079,Reindeer Chocolate Tree Hanger,vegan "milk" chocolate,12 X 50G,41.49,,5.99,,,G,,S,V,05060727924435,5060727924428,,
PATES; DIPS & TAPAS (CHILLED),DELPHI FOODS,CV352,Tzatziki,,6 X 170G,6.29,,1.39,,,G,,,,501881100022,5018811000725,,
COFFEE,EQUAL EXCHANGE,TE325,Dark Roast Decaffeinated,Swiss Water Natural Decaf,8 X 200G,49.33,,8.25,,F,,O,,V,5018190017963,5018190008091,,
OILS & FATS,KHYBER,VF751,Ghee,,1 X 2 LB,5.09,,6.79,,,,,,V,5019124020462,5019124020462,,
CRISPS & SNACKS,JOHNNY CASHEW,ZX069,Hot Chilli Cashews,,8 X 100G,17.26,1,3.49,,F,G,,,V,8721082847247,08721082847162,N,
SUPERFOODS & SPORTS NUTRITION,NATURYA,MD158,Organic Acai Powder,For Nourished Skin & Immunity,6 X 125G,85.71,,19.99,,,G,O,,V,5060238480093,15060238480090,,
MEAT ALTERNATIVES (CHILLED),VBITES,CV667,Lincolnshire Deli Sausages,Ready to Eat-Hot or Cold,6 X 295G,18.41,,4.09,,,,,,V,5021821000203,15021821000200,,
FRUIT - DRIED,SUMA BAGGED DOWN - ORGANIC,DR056,Sultanas - organic,,1 KG,8.25,,,,,,O,,V,5017601031437,,,
TOOTH CARE,URTEKRAM,DY797,Mint & Green Tea Toothpaste,Fluoride Free,6 X 75ML,14.37,1,3.99,,,G,O,,V,5765228837832,15765228837839,,
FAR EASTERN FOOD,YUTAKA,JP108,Soba Noodles,,10 X 250G,11.57,,1.55,,,,,,V,5014276700828,05014276710827,,
FAR EASTERN FOOD,BIONA,JP041,Tofu,,6 X 500G,22.78,,5.05,,,,O,,V,5032722306325,05032722642751,,
SUPPLEMENTS & REMEDIES,BETTER YOU,VM164,Magnesium Oil - Original,Transdermal Spray,6 X 100ML,50.22,1,13.95,,,,,,V,5060148520100,5060148520117,,
SUGARS & SYRUPS,SUMA BAGGED DOWN - ORGANIC,LJ104,Coconut Palm Sugar; Organic,,3 KG,17.65,,,,,,O,,V,5017601038740,,,
PICKLES; CHUTNEYS & MUSTARDS,DELOUIS,KJ001,Organic Dijon Mustard,,6 X 200G,15.25,,3.40,,,,O,,V,3258831008581,13258831008588,,
CHOCOLATE,EQUAL EXCHANGE,KB803,88% Extreme Dark,,14 X 80G,50.00,1,6.65,,,G,O,S,V,745998990215,05018190008244,N,
FLOURS & BREAD MIXES,GILCHESTERS ORGANICS,FG108,Wholemeal Flour - Stoneground,,15 KG,24.64,,,,,,O,,V,5060126680086,,,
CRISPS & SNACKS,JOHNNY CASHEW,ZX082,Raw Cashews,,8 X 100G,17.26,,2.89,,F,G,,,V,8721082847216,08721082847131,N,
SUPERFOODS & SPORTS NUTRITION,NATURYA,MD002,Organic Cacao Nibs,,8 X 125G,37.14,,6.50,,,G,O,,V,5060238480345,15060238480342,,
PATES; DIPS & TAPAS (CHILLED),VBITES,CV374,Brussels Pate,,6 X 150G,15.08,,3.35,,,,,S,V,5021821000838,05021821141142,,
FRUIT - DRIED,SUMA BAGGED DOWN - ORGANIC,DR146,Sultanas - organic,,2.5 KG,18.59,,,,,,O,,V,5017601341468,,,
TOOTH CARE,URTEKRAM,DY793,Tea Tree Toothpaste,Fluoride Free,6 X 75ML,14.37,1,3.99,,,G,O,,V,5765228837825,15765228837822,,
FAR EASTERN FOOD,YUTAKA,JP107,Udon Noodles,,10 X 250G,10.71,,1.45,,,,,,V,5014276700811,05014276710810,,
HOUSEHOLD CLEANING PRODUCTS,BIO D,HJ170,Toilet Cleaner,Pine & Cedarwood,12 X 750ML,22.63,1,3.00,,,,,,V,5034938100421,5034938302368,,
SUPPLEMENTS & REMEDIES,BETTER YOU,VM166,Magnesium Oil - Sensitive,Transdermal Spray,6 X 100ML,50.22,1,13.95,,,,,,V,5060148521374,5060148521381,,
SUGARS & SYRUPS,SUMA PREPACKS - ORGANIC,LJ100,Coconut Palm Sugar; Organic,,6 X 500G,21.83,,4.85,,,,O,,V,5017601038856,05017601038849,,
PET FOODS & PET CARE,DENZEL'S,PF015,Banana Bread Soft Baked Bar,,10 X 60G,12.15,1,2.10,,,G,,,V,5060582151724,15060582151721,,
COFFEE,EQUAL EXCHANGE,TE896,Espresso,Rich Blend Full of Body,6 X 1KG,138.75,,30.85,,F,,O,,V,5018190017406,5018190017413,,
CRISPS & SNACKS,JOHNNY CASHEW,ZX070,Roasted Salted Cashews,,8 X 100G,17.26,1,3.49,,F,G,,,V,8721082847209,08721082847124,N,
SUPERFOODS & SPORTS NUTRITION,NATURYA,MD011,Organic Cacao Powder,,6 X 250G,38.57,,9.00,,F,G,O,,V,5060238480765,15060238480762,,
MEAT ALTERNATIVES (CHILLED),VBITES,CV739,Duck Style Pieces,with Hoisin Glaze,6 X 150G,16.58,,3.69,,,,,,V,5021821000258,15021821000255,,
FRUIT - DRIED,BULK COMMODITIES,DR042,Sultanas - Turkey/South Africa,,12.5 KG,55.22,,,,,,,,V,,,,
MEAT ALTERNATIVES (CHILLED),VBITES,CV389,Crispy Fillet Burgers,,6 X 226G,20.57,,4.59,,,,,S,V,5065019273048,15065019273045,,
FAR EASTERN FOOD,YUTAKA,JP109,Wasabi Paste,,10 X 43G,12.86,,1.75,,,,,,V,5014276708961,5014276008962,,
VEGETABLES (FROZEN),BIO INSIDE,XL155,Organic Garden peas,In Bags,12 X 300G,19.56,,2.20,,,G,O,,V,4026813000132,4026813001276,,
SUPPLEMENTS & REMEDIES,BETTER YOU,VM131,Magnesium Mind Flakes,With Orange & Basil,6 X 750G,14.32,1,8.45,,,,,,V,5060148523576,5060148523583,,03 OCT 25
COCOA,COCOBA,ZX319,Hot Chocolate Spoon Gift Set,with vegan marshmallows,6 X 150G,49.97,,11.15,,,,,S,V,5060727926033,05060727926040,,
PET FOODS & PET CARE,DENZEL'S,PF017,Blueberry Muffin Soft Bake Bar,,10 X 60G,12.15,1,2.10,,,G,,,V,5060582151731,15060582151738,,
COFFEE,EQUAL EXCHANGE,TE867,Ethiopia Yirgacheffe,floral; citrus; sweet finish,8 X 200G,49.33,,8.25,,F,,O,,V,5018190017123,5018190017321,,
CRISPS & SNACKS,JOHNNY CASHEW,ZX076,Roasted Unsalted Cashews,,8 X 100G,17.26,1,3.49,,F,G,,,V,8721082847223,08721082847148,N,
SUPERFOODS & SPORTS NUTRITION,NATURYA,MD111,Organic Chia Seeds,Balance Cholesterol Levels,6 X 300G,25.71,,5.99,,,G,O,,V,5060238480109,05060238480116,,
INDIAN FOOD,PATAKS,KJ152,Rogan Josh Curry Paste,,6 X 283G,17.70,,3.95,,,G,,S,V,5011308001922,05011308104081,,
CRISPS & SNACKS,BULK COMMODITIES,ZX288,Garlic Gathia,Strong Garlic Sticks,5 KG,16.59,,,,,,,,V,5017601025344,,,
FRUIT - DRIED,SUMA BAGGED DOWN,DR216,Sultanas - No 9's,Turkey,1 KG,6.75,,,,,,,,V,5017601342168,,,
MEAT ALTERNATIVES (CHILLED),VBITES,CV055,Streaky Style Rashers,,1 X 500G,4.64,,6.19,,,,,S,V,5021821143610,,,
READY MEALS (FROZEN),YUTAKA,XL039,Bao Buns,,12 X 300G,44.57,,4.95,,,,,S,V,5014276706745,05014276716737,,
PASTA,BIONA,WT331,Penne Wholemeal Spelt,Traditionally Rolled,10 X 500G,21.99,,2.95,,,,O,,V,5032722305045,05032722641662,,
SUPPLEMENTS & REMEDIES,BETTER YOU,VM463,Magnesium Max Sleep Powder,Cacao Powder With Magnesium,6 X 160G,50.74,1,14.99,,,G,,,V,5060148524658,5060148524726,,
VEGAN & OAT MILK,THE COCONUT COMPANY,SY001,Coconut Milk Powder,,12 X 250G,53.22,,5.89,,,,,,V,0710228468109,0735980187464,,
PET FOODS & PET CARE,DENZEL'S,PF024,Peanut Butter Brownie Soft Bak,,10 X 60G,12.15,1,2.10,,,G,,,V,5060582151748,15060582151745,,
HONEY,EQUAL EXCHANGE,HY005,Organic Raw Clear,,10 X 500G,61.46,,8.49,,F,,O,,,5018190001146,05018190001153,,
FRUIT & VEGETABLE JUICES,JAMES WHITE,JU860,Pear Juice,Pure pressed pear,6 X 750ML,17.94,1,4.79,,,,O,,V,5020934000117,05020934001053,,
SUPERFOODS & SPORTS NUTRITION,NATURYA,MD156,Organic Chlorella Powder,Helps The Body Fight Fatigue,6 X 200G,55.71,,12.49,,,G,O,,V,5060238480062,15060238480069,,
INDIAN FOOD,PATAKS,KJ246,Tikka Masala Curry Paste,,6 X 283G,17.70,,3.95,,,G,,S,V,5011308000994,05011308104579,,
CRISPS & SNACKS,SUMA PREPACKS,ZX195,Bombay Mix,,6 X 125G,5.81,,1.29,,,,,,V,5017601018568,05017601018988,,
FRUIT - DRIED,SUMA BAGGED DOWN,DR152,Sultanas - No 9's,Turkey,5 KG,28.35,,,,,,,,V,5017601009191,,,
MEAT ALTERNATIVES (CHILLED),VBITES,CV375,Southern Fried Goujons,,6 X 150G,21.98,,4.89,,,,,S,V,5065019273024,15065019273021,,
READY MEALS (FROZEN),YUTAKA,XL343,Vegetable Gyoza Dumplings,,10 X 240G,26.15,,3.50,,,,,S,V,05014276706707,05014276716706,,
BREADS & BREAD MIXES,BIONA,BT135,Pizza Base - 2 Per Retail Pack,Organic,10 X 300G,22.75,,3.05,,,,O,,V,5032722302389,05032722640399,,
SUPPLEMENTS & REMEDIES,BETTER YOU,VM462,Magnesium Max Original Powder,375mg Magnesium Triple Blend,6 X 120G,50.74,1,14.99,,,G,O,,V,5060148524641,5060148524689,,
VEGAN & OAT MILK,THE COCONUT COMPANY,SY116,Coconut Milk Powder - Organic,,12 X 250G,62.91,,6.99,,,G,O,,V,0710228468246,0735980185736,,
CAKES,DENISE'S DELICIOUS GLUTEN FREE,BT403,Rich GF Christmas Cake,1% Alcohol,6 X 500G,76.40,,16.99,,,G,,S,,5391515290389,05391515290631,,
HONEY,EQUAL EXCHANGE,HY004,Organic Raw Set,,10 X 500G,61.46,,8.19,,F,,O,,,5018190001160,05018190001177,,
SWEET SNACKS,JEALOUS SWEETS,ZX005,Fizzy Lips Share Bag,,10 X 125G,14.86,1,2.39,,,G,,S,V,5060276371216,15060276371213,,
SUPERFOODS & SPORTS NUTRITION,NATURYA,MD007,Beautiful Berry,Raspberry; Blueberry; Acai,8 X 140G,51.43,,8.99,,,,,,V,5060238483506,15060238483503,,
INDIAN FOOD,PATAKS,KJ059,Vindaloo Curry Paste,Hot,6 X 283G,17.70,,3.95,,,G,,,V,5011308001700,05011308104111,,
CRISPS & SNACKS,SUMA PREPACKS,ZX196,Bombay Mix,,6 X 250G,8.33,,1.85,,,,,,V,5017601021186,05017601021179,,
FRUIT - DRIED,BULK COMMODITIES - ORGANIC,DR046,Sultanas - Organic,,12.5 KG,73.61,,,,,,O,,V,,,,
MEAT ALTERNATIVES (CHILLED),VBITES,CV379,Crunchy Nuggets,,6 X 160G,21.85,,4.85,,,,,S,V,5065019273079,15065019273076,,
SOUPS (CHILLED),YEO VALLEY,CV584,Cream of Tomato Soup,,6 X 400G,15.46,,3.45,,,G,O,,,5036589255451,05036589255444,,
HOUSEHOLD CLEANING PRODUCTS,BIO D,HJ264,Handwash - Plum & Mulberry,Anti Bacterial,6 X 500ML,17.16,1,4.59,,,,,,V,5034938100490,5034938560058,,
SUPPLEMENTS & REMEDIES,BETTER YOU,VM101,Magnesium Muscle Flakes,with Lemon & Rosemary,6 X 1KG,39.42,1,10.95,,,,,,V,5060148523194,5060148523200,,
VEGAN YOGHURT,COCOS,CV892,Mango & Passionfruit,,6 X 125G,10.62,,2.35,,,G,O,,V,5060298881663,05060298881779,,
COFFEE,EQUAL EXCHANGE,TE866,Italian Blend,Rich; Intense Choc. Flavour,8 X 200G,46.25,,7.69,,F,,O,,V,5018190017161,5018190017369,,
SWEET SNACKS,JEALOUS SWEETS,ZX238,Grizzly Bears,,10 X 40G,7.38,1,1.20,,,G,,S,V,5060276370561,15060276371299,,
SUPERFOODS & SPORTS NUTRITION,NATURYA,MD040,Organic Green Superblend,Spirulina; Chorella & Hemp,6 X 250G,64.29,,14.99,,F,G,O,,V,5060238480208,05060238480215,,
PET FOODS & PET CARE,PAWTATO,PF028,Pawtato Blueberry Dog Chews,Vegan Dog Chews,6 X 120G,10.00,1,2.69,,,G,,,V,5060130540345,5060130540956,,
CRISPS & SNACKS,BULK COMMODITIES,ZX033,Bhusu,,5 KG,17.00,,,,,,,,V,5017601024781,,,
JUICE CONCENTRATES & CORDIALS,SUMA,JU093,Apple & Blackcurrant Juice,,6 X 400ML,23.13,1,6.15,,,G,,,V,5017601052692,05017601052685,,
MEAT ALTERNATIVES (CHILLED),VBITES,CV912,Gammon Style Roast,,6 X 390G,27.01,,6.00,,,,,S,V,5021821000975,15021821000972,,
SOUPS (CHILLED),YEO VALLEY,CV601,Carrot & Parsnip Soup,,6 X 400G,15.46,,3.45,,,G,O,,,5036589255499,5036589255482,,
HOUSEHOLD CLEANING PRODUCTS,BIO D,HJ263,Handwash - Plum & Mulberry,Anti Bacterial,5L,13.96,1,23.46,,,,,,V,5034938450137,,,
SUPPLEMENTS & REMEDIES,BETTER YOU,VM172,Multivitamin Oral Spray,14 Essential Nutrients,6 X 25ML,33.80,1,9.95,,,,,,,96086292,5060148522029,,
VEGAN YOGHURT,COCOS,CV893,Mixed Berry Coconut Yoghurt,,6 X 125G,10.62,,2.35,,,G,O,,V,5060298881670,05060298881786,,
COFFEE,EQUAL EXCHANGE,TE408,Italian Blend,Rich; Intense Choc. Flavours,8 X 200G,46.25,,7.69,,F,,O,,V,5018190017727,5018190017734,,
SWEET SNACKS,JEALOUS SWEETS,ZX466,Grizzly Bears Share Bags,,10 X 125G,14.86,1,2.39,,,G,,S,V,5060276370912,15060276371268,,
NUT & SEED BUTTERS,MERIDIAN,GH068,Tahini - light,,6 X 270G,17.91,,3.99,,,,,,V,5014213711313,05014213500764,,
SUPERFOODS & SPORTS NUTRITION,NATURYA,MD152,Organic Hemp Protein Powder,Strengthen The Body,6 X 300G,42.86,,9.99,,,G,O,,V,5060238480048,15060238480045,,
PET FOODS & PET CARE,PAWTATO,PF040,Pawtato- Sticks,peanut; apple & cinnamon,6 X 120G,10.00,1,2.69,,,G,,,V,5060130540963,5060130540970,,
CRISPS & SNACKS,SUMA PREPACKS,ZX204,Spicy Noodles,,6 X 125G,5.81,,1.29,,,,,,V,5017601019961,05017601019954,,
JUICE CONCENTRATES & CORDIALS,SUMA,JU058,Apple Juice - Concentrate,100% Pure Fruit,6 X 400ML,22.45,1,5.99,,,G,,,V,5017601052739,05017601052722,,
MEAT ALTERNATIVES (CHILLED),VBITES,CV400,60 Second Burgers,,6 X 226G,19.55,,4.35,,,,,S,V,5065019273062,15065019273069,,
BODY CARE,YARE VALLEY,DY585,Lip Balm - Elderflower & Clem,,12 X 15G,29.48,1,3.99,,,,,,V,5060196570447,5060196570461,N,
CEREALS & MUESLIS,BIONA,MX058,Pure Oaty Granola,,6 X 375G,18.67,,4.15,,,,O,S,V,5032722312289,5032722651265,,
SUPPLEMENTS & REMEDIES,BETTER YOU,VM129,Magnesium Revive Flakes,With Grapefruit & Eucalyptus,6 X 750G,28.63,1,8.45,,,,,,V,5060148523545,5060148523552,,
VEGAN YOGHURT,COCOS,CV891,Natural Coconut Yoghurt,,6 X 125G,10.62,,2.35,,,G,O,,V,5060298881588,05060298881700,,
CHOCOLATE,EQUAL EXCHANGE,KB640,Lemon; Ginger & Pepper,55% Dark Chocolate,12 X 100G,42.86,1,5.69,,,,O,S,V,7459989032123,05018190008190,N,
SWEET SNACKS,JEALOUS SWEETS,ZX948,Grizzly Bear Sweets,,20 X 24G,9.83,1,0.79,,,G,,S,V,5060276370967,15060276371343,N,
SUGARS & SYRUPS,MERIDIAN,HY077,Barley Malt Extract,,6 X 370G,16.63,,3.69,,,,,,V,5014213711344,05014213500757,,
VEGAN BUTTER; MARGARINES & SPRE,NATURLI',CV657,Vegan Lamination Block,,5 X 2KG,57.00,,,,,,,,V,,5701977601423,N,
NUT & SEED BUTTERS,SUMA,GH119,Crunchy Peanut Butter,No Added Salt,6 X 350G,19.53,,4.35,,,,,,V,5017601047193,05017601047186,,04 SEP 25
CRISPS & SNACKS,SUMA PREPACKS,ZX294,Spiced Roast Chickpeas,,6 X 125G,5.81,,1.29,,,,,,V,5017601018582,05017601019008,,
SUGARS & SYRUPS,SUMA ORGANIC,LJ099,Agave Syrup Light - organic,In Glass Bottle,6 X 240ML,17.95,,3.99,,,,O,,V,5017601027218,8712423018587,,
SUPPLEMENTS & REMEDIES,PRO-VEN,VM097,Kids Probiotic & Multivitamin,Chewable - Blackcurrant,1 X 30 TABS,4.50,1,7.99,,,G,,,,5034268005984,,,
BODY CARE,YARE VALLEY,DY236,Lip Balm Tin - Vanilla & Lemon,,12 X 15G,29.49,1,3.95,,,,,,V,5060196570355,5060196570386,N,
DRINKS (CHILLED),KARMA,CV258,Pomegranate Kombucha,,6 X 1L,19.72,1,5.29,B,F,,O,,V,3760192497794,3760192497800,,
SUPPLEMENTS & REMEDIES,BETTER YOU,VM105,Magnesium Sleep Flakes,with Lavender & Chamomile,6 X 1KG,39.42,1,10.95,,,,,,V,5060148522944,5060148522951,,
VEGAN YOGHURT,COCOS,CV899,Natural Coconut Milk Yoghurt,,6 X 400G,25.36,,5.65,,,G,O,,V,5060298881601,05060298881724,,
DRINKS (CHILLED),EQUINOX,CV703,Sicilian Lemon Kombucha,,6 X 750ML,22.15,1,5.90,,,,O,,V,5060452360850,15060452360857,,
SWEET SNACKS,JEALOUS SWEETS,ZX675,Love Bears,Sugar Free,10 X 40G,7.38,1,1.20,,,G,,,V,5060276370875,15060276371312,,
SUGARS & SYRUPS,MERIDIAN,HY012,Blackstrap Molasses - Organic,,6 X 600G,17.06,,3.79,,,,O,,V,5060132284049,05060132284063,,
ADS (CHILLED),,,,,,,,,,,,,,,,,,
NUT & SEED BUTTERS,SUMA,GH120,Crunchy Peanut Butter,No Added Salt,6 X 1KG,45.75,,10.15,,,,,,V,5017601047216,05017601047209,,04 SEP 25
CRISPS & SNACKS,BULK COMMODITIES,ZX034,Bombay Mix,,10 KG,29.75,,,,,,,,V,5017601025320,,,
SUGARS & SYRUPS,SUMA ORGANIC,LJ150,Agave Syrup - organic,Catering size,5L,51.50,,,,,,O,,V,5017601028697,05017601028680,,
GRAVY; STOCK & BOUILLON,VECON,LJ048,Vegetable Stock,,8 X 225G,25.74,,4.35,,,,,,V,5014284003003,05014284002006,,
BODY CARE,YARE VALLEY,DY234,Balm Stick - Vanilla & Lemon,,20 X 4G,35.14,1,2.79,,,,,,V,96187272,5060196570393,N,
FRUIT - DRIED,SUMA BAGGED DOWN - ORGANIC,DR050,Apricots - organic,,1 KG,18.89,,,,,,O,,V,5017601031413,,,
DRINKS (CHILLED),KARMA,CV426,Pomegranate Kombucha,,6 X 500ML,13.49,1,3.65,B,,,O,,V,3760192490627,3760192490634,,
DRINKS (CHILLED),COCOS,CV898,Natural Coconut Milk Kefir,,6 X 500ML,18.08,,4.05,,,G,O,,V,5060298881687,05060298881793,,
COFFEE,EQUAL EXCHANGE,TE872,Anytime Medium Roast,Sweet; Nutty; Delicate acidity,8 X 200G,46.25,,7.69,,F,,O,,V,5018190017000,5018190017208,,
SWEET SNACKS,JEALOUS SWEETS,ZX955,Love Bears Sweets,,20 X 24G,9.83,1,0.79,,,G,,,V,5060276370981,15060276371336,N,
SUGARS & SYRUPS,MERIDIAN,HY300,Blackstrap Molasses - Organic,,6 X 350G,11.66,,2.59,,,,O,,V,5014213711337,05014213711597,,
SUPERFOODS & SPORTS NUTRITION,NATURYA,MD150,Organic Maca Powder,Improve Cognitive Function,6 X 300G,30.00,,6.99,,,,O,,V,5060238480017,15060238480014,,
NUT & SEED BUTTERS,SUMA ORGANIC,GH096,Peanut Butter; Smooth No Salt,Jumbo jar; organic,6 X 700G,36.35,,8.09,,,,O,,V,5017601038672,05017601038665,,
CRISPS & SNACKS,BULK COMMODITIES,ZX037,Spiced Roast Chickpeas,,2.5 KG,8.69,,,,,,,,V,5017601025283,,,
SUGARS & SYRUPS,SUMA ORGANIC,LJ121,Agave Syrup - organic,In Glass Bottle,6 X 500ML,35.96,,7.99,,,,O,,V,5017601033134,8712423016613,,
MEAT ALTERNATIVES (CHILLED),THE BURY BLACK PUDDING CO,CV696,Vegan Black Pudding,,12 X 220G,17.17,,1.90,,,,,,V,5060051271571,05060051271588,,
SOUPS (CHILLED),YEO VALLEY,CV588,Leek & Potato Soup,,6 X 400G,15.46,,3.45,,,G,O,,,5036589255475,05036589255468,,
FRUIT - DRIED,SUMA BAGGED DOWN - ORGANIC,DR082,Apricots - organic,,2.5 KG,45.29,,,,,,O,,V,5017601340829,,,
GRAINS,BIONA,QS105,Pudding Rice Organic,,6 X 500G,15.02,,3.35,,,,O,,V,5032722318915,05032722656307,,
VEGAN YOGHURT,COCOS,CV900,Strawberry Coconut Yoghurt,,6 X 400G,25.36,,5.65,,,G,O,,V,5060298881656,05060298881762,,
COFFEE,EQUAL EXCHANGE,TE371,Medium Roast,Sweet; Nutty; Delicate Acidity,8 X 200G,46.25,,7.69,,F,,O,,V,5018190017567,05018190017574,,
FLOURS & BREAD MIXES,GILCHESTERS ORGANICS,FG109,Strong White Flour - S/ground,Unbleached,15 KG,27.64,,,,,,O,,V,5060126680109,,,
SWEET SNACKS,JEALOUS SWEETS,ZX004,Tropical Wonder Share Bag,,10 X 125G,14.86,1,2.39,,,G,,S,V,5060276370936,15060276371275,,
NUT & SEED BUTTERS,MERIDIAN,GH057,Cashew Butter Smooth Organic,No added salt,6 X 170G,15.26,,3.39,,,,O,,V,5060132280447,05060132280454,,
VEGAN & OAT MILK,NATURLI',SY234,Do Not Call Me M_lk,Soy; Rice; Oat; Almond Blend,8 X 1L,15.45,,2.59,,,,,,V,5701977001766,5701977152123,,
NUT & SEED BUTTERS,SUMA ORGANIC,GH047,Peanut Butter  Crunchy + Salt,Jumbo jar; organic,6 X 700G,36.35,,8.09,,,,O,,V,5017601016427,05017601016434,,
CRISPS & SNACKS,BULK COMMODITIES,ZX038,Spicy Noodles,,5 KG,16.15,,,,,,,,V,5017601025269,,,
BAKING SUNDRIES,SUMA ORGANIC,LJ450,Aquafaba - Organic,Glass Bottles,6 X 250ML,12.47,,2.75,,,,O,,V,5017601052135,05017601052128,,
CHOCOLATE,VEGO,KB669,Chocolate & Rice Crisp Bar,,20 X 40G,27.15,1,2.19,,F,G,O,,V,4260334140803,4260334140858,N,
OILS & FATS,ZAYTOUN,GT020,Olive Oil - Organic Fairtrade,Palestinian,6 X 250ML,51.38,,11.39,,F,,O,,V,189588000906,05060201150466,,
FRUIT - DRIED,BULK COMMODITIES,DR008,Apricots - Select SO2,,12.5 KG,129.31,,,,,,,,V,,,,22 SEP 25
BODY CARE,ALTER/NATIVE BY SUMA,NF531,Drum Pump - Fits 15l & 20l,Also fits Bio-D 20L drums,EACH,5.99,1,9.59,,,,,,V,,,,
DRINKS (CHILLED),COCOS,CV896,Strawberry Kefir,,6 X 200ML,13.54,,3.00,,,G,O,,V,5060298881694,05060298881809,,
SUGARS & SYRUPS,EQUAL EXCHANGE,LJ500,Raw Cane Sugar - organic,,10 X 500G,28.65,,3.85,,F,,O,,V,5018190010001,05018190010018,,
FLOURS & BREAD MIXES,GILCHESTERS ORGANICS,FG014,Pizza & Ciabatta Wheat Flour,stoneground; organic; strong,6 X 1.5KG,20.87,,4.65,,,,O,,V,5060126680222,15060126680229,N,
SWEET SNACKS,JEALOUS SWEETS,ZX229,Tangy Worms,,10 X 40G,7.38,1,1.20,,,G,,S,V,5060276370813,15060276370810,,
NUT & SEED BUTTERS,MERIDIAN,GH169,Organic Smooth Almond Butter,,6 X 470G,56.57,,12.59,,,,O,,V,5060132284346,05060132284353,,
SUPERFOODS & SPORTS NUTRITION,NATURYA,MD155,Organic Spirulina Powder,Protection For The Whole Body,6 X 200G,38.57,,8.99,,,G,O,,V,5060238480055,15060238480052,,
NUT & SEED BUTTERS,SUMA ORGANIC,GH248,Peanut Butter; Crunchy No Salt,Jumbo jar; organic,6 X 700G,36.35,,8.09,,,,O,,V,5017601016441,05017601016458,,
CRISPS & SNACKS,BULK COMMODITIES,ZX157,Smoked Paprika Twists,,5 KG,17.75,,,,,,,,V,5017601042495,05017601042488,,
BAKING SUNDRIES,SUMA ORGANIC,LJ460,Aquafaba - Organic,Glass Bottles,6 X 750ML,31.41,,6.99,,,,O,,V,5017601052159,05017601052142,,
CHOCOLATE & SWEET SPREADS,VEGO,GH075,Hazelnut Chocolate Spread,With Hazelnut Pieces,6 X 350ML,25.29,,5.69,,F,G,O,S,V,4260334141015,4260334141022,,
OILS & FATS,ZAYTOUN,GT056,Olive Oil - Fair Trade,,6 X 500 ML,85.77,,19.05,,F,,O,,V,189588000913,05060201150473,,
FRUIT - DRIED,SUMA BAGGED DOWN,DR168,Apricots - select SO2,,1 KG,14.45,,0.00,,,,,,V,5017601061687,,,
DRINKS (CHILLED),KARMA,CV435,Raspberry Kombucha,,6 X 500ML,14.21,1,3.85,B,,,O,,V,3760192497527,3760192497541,,
VEGAN YOGHURT,COCOS,CV894,Strawberry Coconut Yoghurt,,6 X 125G,10.62,,2.35,,,G,O,,V,5060298881649,05060298881755,,
COFFEE,EQUAL EXCHANGE,TE876,Grown by Women,Smooth; Honeyed Apricots,8 X 200G,46.25,,7.69,,F,,O,,V,5018190017468,5018190017475,,
FLOURS & BREAD MIXES,GILCHESTERS ORGANICS,FG006,Strong White Wheat Flour,unbleached stoneground organic,6 X 1.5KG,19.56,,4.35,,,,O,,V,5060126680024,15060126680021,N,
SWEET SNACKS,JEALOUS SWEETS,ZX949,Tangy Worms Sweets,,20 X 24G,9.83,1,0.79,,,G,,S,V,5060276370974,15060276371329,N,
NUT & SEED BUTTERS,MERIDIAN,GH038,Peanut Butter Crunchy,No added salt,6 X 1KG,38.24,,8.49,,,,,,V,5014213001049,05014213001148,,
SUPERFOODS & SPORTS NUTRITION,NATURYA,MD031,Organic Turmeric Superblend,Nourish Mind; Body & Bones,6 X 250G,34.29,,7.99,,,G,O,,V,5060238482189,15060238482186,,
NUT & SEED BUTTERS,SUMA ORGANIC,GH051,Peanut Butter; Smooth + Salt,Jumbo jar; organic,6 X 700G,36.35,,8.09,,,,O,,V,5017601016465,05017601016472,,
CRISPS & SNACKS,SUMA PREPACKS,ZX227,Smoked Paprika Twists,,6 X 125G,5.81,,1.29,,,,,,V,5017601042532,05017601042525,,
BEANS & PULSES - CANNED,SUMA ORGANIC,VF550,Baked Beans - Organic,,12 X 400G,11.05,,1.25,,,,O,S,V,5017601032212,08012666040148,,
YEAST EXTRACTS,VEGEMITE,GH148,Vegemite Gluten Free,,8 X 235G,20.02,,3.39,,,G,,,V,9352042003855,29352042003859,,
OILS & FATS,ZAYTOUN,GT022,Olive Oil - Organic Fairtrade,,6 X 750 ML,123.89,,27.55,,F,,O,,V,189588000920,05060201150480,,
FRUIT - DRIED,SUMA BAGGED DOWN,DR090,Apricots - select SO2,,2.5 KG,34.95,,,,,,,,V,5017601032076,,,
BREADS & BREAD MIXES,BIONA,BT461,Rice Bread with Sunflower Seed,Organic and Gluten Free,6 X 500G,27.35,,6.09,,,G,O,,V,5032722306448,05032722642874,,
VEGAN YOGHURT,COCOS,CV895,Vanilla Coconut Yoghurt,,6 X 125G,10.62,,2.35,,,G,O,,V,5060298881625,05060298881731,,
COFFEE,EQUAL EXCHANGE,TE409,Grown By Women,Smooth; Honeyed Apricots,8 X 200G,46.25,,7.69,,F,,O,,V,5018190017741,5018190017758,,
FLOURS & BREAD MIXES,GILCHESTERS ORGANICS,FG025,White Flour Strong Unbleached,,4 X 3KG,26.09,,8.69,,,,O,,V,5060126680161,,N,
SWEET SNACKS,JEALOUS SWEETS,ZX472,Tangy Worms Share Bags,,10 X 125G,14.86,1,2.39,,,G,,S,V,5060276370929,15060276371251,,
NUT & SEED BUTTERS,MERIDIAN,GH097,Peanut Butter Crunchy-Organic,No added salt,6 X 1KG,41.11,,9.15,,,,O,,V,5060132280867,05060132280874,,
SUPERFOODS & SPORTS NUTRITION,NATURYA,MD154,Organic Wheatgrass Powder,Supports Energy & Skin Health,6 X 200G,34.29,,7.99,,,G,O,,V,5060238480079,15060238480076,,
NUT & SEED BUTTERS,SUMA ORGANIC,GH022,Peanut Butter; Crunchy + Salt,Organic,6 X 340G,18.43,,4.09,,,,O,,V,5017601005803,05017601005858,,
SUPPLEMENTS & REMEDIES,HOPI EAR CANDLES,MD401,Biosun Ear Candles - Original,,3 PAIRS,16.76,1,30.59,,,,,,,4029338549032,,N,
CONVENIENCE FOODS,SUMA,VF450,Baked Beans & Vegan Sausage,Lincolnshire Style Cocktail,12 X 400G,21.37,,2.37,,,,,S,V,5017601041177,05017601041160,,
CHOCOLATE,VEGO,KB489,Whole Hazelnut Chocolate Bar,Vegan,20 X 150G,62.86,1,5.00,,F,G,O,S,V,4260334140001,4260334140919,N,
NUTS & SEEDS,ZAYTOUN,NU142,Caramelised Almonds,,6 X 140G,27.17,1,7.25,,F,,,S,V,5060324010050,05060324010067,,
FRUIT - DRIED,BULK COMMODITIES,DR010,Apricots - Unsulphured,Natural Pitted,12.5 KG,149.17,,,,,,,,V,,,,
BREADS & BREAD MIXES,BIONA,BT438,Rye Bread - Hemp Seed,,7 X 500G,13.08,,2.49,,,,O,,V,5032722301245,05032722656635,,
VEGAN YOGHURT,COCOS,CV901,Vanilla Coconut Yoghurt,,6 X 400G,25.36,,5.65,,,G,O,,V,5060298881632,05060298881748,,
PET FOODS & PET CARE,DENZEL'S,PF005,Daily Dentals -For Medium Dogs,Peanut Butter; Peppermint,10 X 100G,17.15,1,3.00,,,,,,V,5060582150673,15060582150670,,
DRINKS (CHILLED),EQUINOX,CV459,Sicilian Lemon Kombucha,,12 X 275ML,19.75,1,2.65,,,,O,,V,5060452360805,15060452360802,,
FLOURS & BREAD MIXES,GILCHESTERS ORGANICS,FG009,Strong 100% Whole Wheat Flour,stoneground; organic,6 X 1.5KG,17.83,,3.95,,,,O,,V,5060126680000,,N,
VEGAN & OAT MILK,JOYA,SY166,Rice Milk - Organic,,10 X 1L,17.97,,2.39,,,,O,,V,9020200033210,09020200133217,,
NUT & SEED BUTTERS,MERIDIAN,GH069,Peanut Butter Smooth-Organic,No added salt,6 X 1KG,41.11,,9.15,,,,O,,V,5060132281819,05060132281826,,
VEGAN BUTTER; MARGARINES & SPRE,NATURLI',CV648,Catering Vegan Butter Block,,2 X 5KG,55.50,,,,,,,,V,,5701977300005,N,
NUT & SEED BUTTERS,SUMA ORGANIC,GH256,Peanut Butter; Crunchy No Salt,Organic,6 X 340G,18.43,,4.09,,,,O,,V,5017601015024,05017601015000,,
SUPPLEMENTS & REMEDIES,HOPI EAR CANDLES,MD233,Biosun Ear Candles - Original,,1 X PAIR,6.32,1,11.29,,,,,,,4029338549025,4029338549025,,
BEANS & PULSES - CANNED,SUMA ORGANIC,VF230,Black Beluga Lentils - Organic,,12 X 400G,12.12,,1.35,,,,O,,V,5017601040095,05017601040088,,
BAKING SUNDRIES,VEGO,KB072,Hazelnut Chocolate Melts,For Baking and Hot Chocolate,10 X 180G,46.26,,6.15,,F,,O,S,V,4260334140704,4260334140711,N,
NUTS & SEEDS,ZAYTOUN,NU121,Chilli Almonds,,6 X 140G,27.17,1,7.25,,F,,,S,V,5060324010111,05060324010128,,
FRUIT - DRIED,SUMA BAGGED DOWN,DR207,Apricots - unsulphured,,1 KG,15.15,,,,,,,,V,5017601342076,,,
GRAINS,BIONA,QS098,Risotto Brown Rice Organic,,6 X 500G,17.30,,3.85,,,,O,,V,5032722600164,05032722640047,,
WATERS,CANO WATER,WA008,Still Water,With resealable closure,24 X 330ML,15.60,1,1.05,,,,,,V,0731275727476,0731123710360,,
PET FOODS & PET CARE,DENZEL'S,PF034,Dog Bites - Soft 'n' Squishy,Vegan Dog Bites,10 X 100G,15.58,1,2.99,,,,,,V,5060582150277,15060582150274,,
DRINKS (CHILLED),EQUINOX,CV096,Turmeric & Lemon Kombucha,with Ginger,12 X 275ML,19.75,1,2.65,,,,O,,V,5060452361048,15060452361045,,
FRUIT - DRIED,SUMA BAGGED DOWN,DR169,Ginger,Crystallised,1 KG,6.65,1,0.00,,,,,S,V,5017603416973,,,
VEGAN & OAT MILK,JOYA,SY163,Rice Milk,,8 X 1L,13.80,,2.29,,,,,,V,84253334129,9020200132999,,
NUT & SEED BUTTERS,MERIDIAN,GH040,Peanut Butter Smooth,No added salt,6 X 1KG,38.24,,8.49,,,,,,V,5014213001063,05014213001216,,
ADS (CHILLED),,,,,,,,,,,,,,,,,,
NUT & SEED BUTTERS,SUMA ORGANIC,GH023,Peanut Butter; Smooth + Salt,Organic,6 X 340G,18.43,,4.09,,,,O,,V,5017601005810,05017601005865,,
CEREALS & MUESLIS,ROLLAGRANOLA,MX035,Awesome Almond Granola,,6 X 400G,24.28,,5.39,,,G,,,V,5060492002246,5060492002352,,
HOUSEHOLD PRODUCTS,ECOLEAF BY SUMA,NF483,Refuse Sacks 110L Bulk Pack,50% Recycled Plastic,1 X 200 BAGS,26.39,1,,,,,,,V,5017601025443,05017601025436,,
CHOCOLATE,VEGO,KB821,Mini Whole Hazel Chocolate Bar,Vegan,20 X 65G,33.72,1,2.69,,F,G,O,S,V,4260334140964,4260334140025,N,
GRAINS,ZAYTOUN,QS014,Maftoul Giant Couscous,,6 X 200G,17.76,,3.95,,F,,O,,V,5060201150008,05060201150282,,
FRUIT - DRIED,SUMA BAGGED DOWN,DR122,Apricots - unsulphured,,5 KG,71.75,,,,,,,,V,5017601341222,,,07 OCT 25
SUGARS & SYRUPS,BIONA,HY026,Organic Rice Syrup,,6 X 350G,20.04,,4.45,,,,O,,V,5032722304888,05032722641259,,
CRISPS & SNACKS,EAT REAL,ZX170,Lentil Creamy Dill Chips,,18 X 40G,9.16,,0.67,,,G,,S,V,5060878780614,15060878780611,N,
PET FOODS & PET CARE,DENZEL'S,PF038,Denzel's Mistletoe Kisses - Mi,,6 X 90G,9.86,1,3.00,,,G,,,V,5060582151670,15060582151677,,
DRINKS (CHILLED),EQUINOX,CV048,Raspberry Elderflower Kombucha,,6 X 750ML,22.15,1,5.90,,,,O,,V,5060452360447,15060452360444,,
FRUIT - DRIED,SUMA PREPACKS,DR121,Ginger,Crystallised,6 X 125G,6.56,1,1.75,,,,,S,V,5017601022565,05017601022558,,
CRISPS & SNACKS,JOHNNY CASHEW,ZX062,Honey Roasted Sea Salt Cashews,,8 X 100G,17.26,1,3.49,,F,G,,,V,8721082847230,08721082847155,N,
NUT & SEED BUTTERS,MERIDIAN,GH062,Protein Smooth Peanut Butter,,3 X 700G,16.41,,7.29,,,,,,V,5060132285367,05060132285374,,
VEGETABLES (FROZEN),NATURAL COOL,XL176,Cut Green Beans,,8 X 450G,17.84,,2.99,B,,,O,,V,4026813020024,4026813001535,,
NUT & SEED BUTTERS,SUMA ORGANIC,GH257,Peanut Butter; Smooth No Salt,Organic,6 X 340G,18.43,,4.09,,,,O,,V,5017601015048,05017601015017,,
CEREALS & MUESLIS,ROLLAGRANOLA,MX145,Absolutely Chocolate Granola,,6 X 400G,24.28,,5.39,,,G,,,V,5060492002284,5060492002390,,
HOUSEHOLD PRODUCTS,ECOLEAF BY SUMA,NF270,Refuse Sacks 110L 8 Bags\Roll,50%Recycled Plastic 46x74x99cm,12 X 8 BAGS,13.51,1,1.80,,,,,,V,5017601004790,05017601009740,,
CHOCOLATE,VEGO,KB943,Vegolino Pralines,Vegan,8 X 180G,40.00,1,7.99,,F,,O,S,V,4260334140056,8006070132667,N,
FRUIT - DRIED,ZAYTOUN,DR164,Palestinian Medjoul Dates,,6 X 250G,27.11,,5.99,,F,,,,V,5060201150015,5060201150268,,
BURGERS SAUSAGES & TVP MIXES,SUMA BAGGED DOWN,SY097,Burger Mix - Vegan,,1 KG,13.89,,,,,,,,V,5017601139973,,,
BREADS & BREAD MIXES,BIONA,BT464,Rye Bread - Amaranth & Quinoa,Wheat Free,7 X 500G,12.75,,2.39,,,,O,,V,5032722305953,05032722656598,,
CRISPS & SNACKS,EAT REAL,ZX125,Lemon & Chilli Hummus Chips,,10 X 110G,12.38,,1.64,,,G,,,V,5060878780508,15060878780505,N,
PET FOODS & PET CARE,DENZEL'S,PF032,Mince Pie Tasty Tray Bakes,,10 X 50G,11.79,1,1.89,,,,,,V,5060582150833,15060582150830,,
DRINKS (CHILLED),EQUINOX,CV052,Ginger Kombucha,,6 X 750ML,22.15,1,5.90,,,,O,,V,5060452360430,15060452360437,,
FRUIT - DRIED,SUMA PREPACKS,DR182,Ginger,Crystallised,6 X 250G,10.84,1,2.89,,,,,S,V,5017601020202,05017601020196,,
DESSERTS,JUST WHOLEFOODS,VF067,Jelly; Lemon; Vegan,Jelly crystals,12 X 85G,17.72,,1.99,,,,,S,V,5022775000233,5022775120238,,
CONVENIENCE FOODS,MERCHANT GOURMET,PU002,Puy Lentils,,6 X 250G,12.90,,2.85,,,,,,V,5018095011271,15018095011278,,
FRUIT (FROZEN),NATURAL COOL,XL034,Organic Blackberries,,10 X 300G,37.24,,4.99,,,,O,,V,4026813420060,4026813421067,,
NUT & SEED BUTTERS,SUMA,GH117,Smooth Peanut Butter,No Added Salt,6 X 350G,19.33,,4.29,,,,,,V,5017601047155,05017601047148,,04 SEP 25
CEREALS & MUESLIS,RAW GORILLA,MX102,Keto Berry Granola,,6 X 250G,27.36,,5.99,,,G,O,,V,0745760258109,0748079726970,,
BEANS & PULSES - CANNED,SUMA,VF290,Black Beans,,12 X 400G,8.55,,0.95,,,,,,V,5017601051039,05017601051022,,
SNACK BARS & FLAPJACKS,VIVE,BT411,Creamy Coconut Cashew,,15 X 40G,15.21,,1.35,,,G,,S,V,5060594020353,5060594020360,N,
FRUIT - DRIED,ZAYTOUN,DR189,Medjoul Dates - Palestine,,5 KG,66.13,,,,F,,,,V,5060201150459,,,
BREADS & BREAD MIXES,BIONA,BT073,Rye Bread - Chia & Flax,,7 X 500G,15.39,,2.93,,,,O,,V,5032722312920,05032722656611,,
SUPPLEMENTS & REMEDIES,BETTER YOU,VM284,Magnesium Sleep Lotion,,6 X 180ML,40.54,1,11.95,,,,,,,5060148522241,5060148522265,,
COFFEE,CLIPPER,TE879,FT Org Super Spec Decaf Coffee,Medium Roast,6 X 100 G,41.96,,9.35,,F,,O,,V,5021991245534,05021991245541,,
PET FOODS & PET CARE,DENZEL'S,PF039,Denzel's Letters - Peanut Butt,,10 X 90G,13.97,1,2.55,,,G,,,V,5060582151694,15060582151691,,
DRINKS (CHILLED),EQUINOX,CV465,Orange & Yuzu Kombucha,,12 X 275ML,19.75,1,2.65,,,,O,,V,5060452360867,15060452360864,,
FRUIT - DRIED,BULK COMMODITIES,DR022,Ginger - Crystallised,,5 KG,25.00,1,,,,,,S,V,,,,
DESSERTS,JUST WHOLEFOODS,VF176,Jelly; Raspberry; Vegan,Jelly crystals,12 X 85G,17.72,,1.99,,,,,S,V,5022775000240,5022775120245,,
CONVENIENCE FOODS,MERCHANT GOURMET,QS019,Red & White Quinoa,,6 X 250G,12.90,,2.85,,,,,,V,5056215600103,15056215600100,,
FRUIT (FROZEN),NATURAL COOL,XL145,Organic Wild Blueberries,,10 X 300G,39.51,,5.25,,,G,O,,V,4026813110220,4026813111227,,
NUT & SEED BUTTERS,SUMA,GH118,Smooth Peanut Butter,No Added Salt,6 X 1KG,43.79,,9.75,,,,,,V,5017601047179,05017601047162,,04 SEP 25
CEREALS & MUESLIS,RAW GORILLA,MX103,Keto Chocolate Granola,,6 X 250G,27.36,,5.99,,,G,O,,V,0745760258116,0748079726963,,
BEANS & PULSES - CANNED,SUMA ORGANIC,VF900,Black Beans - Organic,,6 X 2.6KG,22.49,,4.99,,,,O,,V,5017601046318,05017601046301,,
ALCOHOL FREE AND LOW ALCOHOL BE,NOUGHTY,JU250,Alcohol Free Spark Chardonnay,Dealcoholised,6 X 75CL,47.07,1,12.55,,,,O,S,V,4009427083906,4009427992017,,
BURGERS SAUSAGES & TVP MIXES,SUMA BAGGED DOWN,SY098,Sausage Mix - Vegan,,1 KG,12.69,,,,,,,,V,5017601139980,,,
FRUIT - DRIED,ZAYTOUN,DR028,Palestinian Medjoul Dates,,6 X 500G,60.07,,13.35,,F,,,,V,5060324010074,05060324010081,,
BREADS & BREAD MIXES,BIONA,BT439,Rye Bread - Vitality,with sprouted seeds,7 X 500G,12.62,,2.39,,,,O,,V,5032722312227,05032722656666,,
SUPPLEMENTS & REMEDIES,BETTER YOU,VM072,Vitamin C Oral Spray,Cherry & Pomegranate Flavour,6 X 50ML,40.02,1,11.95,,,,,,V,96202463,5060148523989,,
CRISPS & SNACKS,EAT REAL,ZX276,Chargrilled Red Pepper,,10 X 95G,12.38,,1.64,,,G,,S,V,5060878780898,25060878780892,N,
PET FOODS & PET CARE,DENZEL'S,PF035,Pistachio Cheesecake Soft Bake,,10 X 60G,12.15,1,2.10,,,G,,,V,5060582151724,15060582151721,,
DRINKS (CHILLED),EQUINOX,CV466,Peach & Strawberry Kombucha,,12 X 275ML,19.75,1,2.65,,,,O,,V,5060452360874,15060452360871,,
FRUIT - DRIED,SUMA BAGGED DOWN - ORGANIC,DR026,Ginger - crystallised organic,,1 KG,8.79,1,,,,,O,S,V,5017601030195,,,
BAKING SUNDRIES,JUST WHOLEFOODS,LJ162,Vegeset - setting agent,For sweet and savoury products,10 X 25G,20.93,,2.79,,,,,,V,5022775000622,5022775100629,,
NUT & SEED BUTTERS,MERIDIAN,GH045,Peanut Butt Rich Roast Crunchy,No added salt,6 X 280G,15.70,,3.49,,,,,,V,5060132283608,05060132283615,,
VEGETABLES (FROZEN),NATURAL COOL,XL183,Broccoli,,8 X 300G,20.67,,3.45,B,,G,O,,V,4026813000095,4026813001078,,
GRAINS,BULK COMMODITIES - ORGANIC,QS564,Pearl Barley Grain - Organic,,20 KG,34.28,,,,,,O,,V,,,,
CEREALS & MUESLIS,ROLLAGRANOLA,MX147,Cool Raspberry Granola,,6 X 300G,25.22,,5.59,,,G,,,V,5060492000020,5060492000280,,
PASTA SAUCES & PESTOS,SUMA ORGANIC,VF380,Bolognese Sauce - Organic,From Italian ingredients,6 X 350G,13.47,,2.99,,,G,O,,V,5017601052333,05017601052326,,
VERAGES,,,,,,,,,,,,,,,,,,
TOOTH CARE,SARAKAN,DY035,Mouthwash Anti-Plaque,no alcohol or fluoride,6 X 300ML,19.38,1,5.19,,,,,,V,5000477955082,05000477955068,,
GRAINS,ZAYTOUN,QS131,Smoky Freekeh,Flame roasted green wheat,6 X 200G,17.76,,3.95,,F,,,,V,5060201150435,05060201150442,,
TOOTH CARE,SARAKAN,DY113,Toothpaste,,6 X 64G,13.99,1,3.75,,,,,,V,5000477897085,05000477897061,,
READY TO EAT FOODS (CHILLED),BIONA,CV376,Samosas,with Black Cumin Seeds,4 X 230G,16.70,,5.55,,,,O,,V,5032722318816,05032722656208,,
SUPPLEMENTS & REMEDIES,BETTER YOU,VM312,Vegan Health Oral Spray,4 Essential Nutrients,6 X 25ML,50.80,1,14.95,,,,,,V,96186138,5060148522630,,
CRISPS & SNACKS,EAT REAL,ZX282,Greek Cheese Tomato & Herb,,10 X 95G,12.38,,1.64,,,G,,S,V,5060878780904,25060878780908,N,
CAKES,DENISE'S DELICIOUS GLUTEN FREE,BT022,4 Handmade GF Mince Pies,With Nutmeg,6 X 220G,42.69,,9.49,,,G,,S,,5391515290181,05391515290655,,
COFFEE,EQUAL EXCHANGE,TE008,Italian Blend,Rich; Intense Choc. Flavours,6 X 1KG,138.75,,30.85,,F,,O,,V,5018190017505,5018190017512,,
FRUIT - DRIED,SUMA PREPACKS - ORGANIC,DR011,Ginger - crystallised organic,,6 X 125G,7.69,1,2.05,,,,O,S,V,5017601030157,05017601030140,,
DESSERTS,JUST WHOLEFOODS,VF068,Jelly; Strawberry; Vegan,Jelly crystals,12 X 85G,17.72,,1.99,,,,,S,V,5022775000219,5022775120214,,
NUT & SEED BUTTERS,MERIDIAN,GH073,Peanut Butt Rich Roast Smooth,No added salt,6 X 280G,15.70,,3.49,,,,,,V,5060132283592,05060132283660,,
FRUIT (FROZEN),NATURAL COOL,XL182,Organic Sour Cherries,,10 X 300G,43.23,,5.75,,,G,O,,V,4026813420015,4026813421012,,
CRISPS & SNACKS,PROPERCHIPS,ZX426,Barbecue Chips,Lentil Chips,8 X 85G,9.71,,1.60,,,G,,S,V,5060283762212,15060283762219,N,
CEREALS & MUESLIS,ROLLAGRANOLA,MX045,Healthy Hazelnut Granola,,6 X 400G,24.28,,5.39,,,G,,,V,5060492002253,5060492002369,,
BEANS & PULSES - CANNED,SUMA ORGANIC,VF123,Fresh Borlotti Beans - Organic,,12 X 400G,17.04,,1.89,,,,O,,V,5017601042457,05017601042440,,
OILS & FATS,ZAYTOUN,GT043,Palestinian X Virgin Olive Oil,,6 X 500ML,73.89,,16.39,,,,,,V,189588000852,05060201150527,,
VINEGARS,ASPALL,KJ120,White Wine Vinegar - organic,,5L,13.44,,17.89,,,,O,,V,5012845500237,,,
CEREALS & MUESLIS,BIO & ME,MX030,Super Berry Granola,Gut Loving,5 X 360G,14.42,,3.79,,,,,,V,,25060853640128,,
SUPPLEMENTS & REMEDIES,BETTER YOU,VM002,Zinc Oral Spray,Natural Lemon & Lime Flavour,6 X 50ML,43.99,1,12.95,,,,,,V,96201428,5060148523651,,
CRISPS & SNACKS,EAT REAL,ZX326,Hummus Sour Cream & Chive Chip,,10 X 110G,12.38,,1.64,,,G,,S,V,5060878780423,15060878780420,N,
CAKES,DENISE'S DELICIOUS GLUTEN FREE,BT402,Luxury GF Christmas Puddings,3% Alcohol,6 X 350G,67.23,,14.99,,,G,,S,,5391515290471,05391515290730,,
BODY CARE,EARTH CONSCIOUS,DY141,Natural Deodorant - Lemon,With rosemary,6 X 60G,29.99,1,8.00,,,,,,V,5060452930008,15060452930005,,
FRUIT - DRIED,SUMA PREPACKS - ORGANIC,DR020,Ginger - crystallised organic,,6 X 250G,13.09,1,3.49,,,,O,S,V,5017601030171,05017601030164,,
DESSERTS,JUST WHOLEFOODS,VF066,Jelly; Tropical; Vegan,Jelly crystals,12 X 85G,17.72,,1.99,,,,,S,V,5022775000226,5022775120221,,
CONVENIENCE FOODS,MERCHANT GOURMET,QS015,Spanish Style Grains,,6 X 250G,12.90,,2.85,,,,,,V,5018095004341,15018095004348,,
VEGETABLES (FROZEN),NATURAL COOL,XL043,Organic Curly Kale,,8 X 450G,17.85,,2.99,,,,O,,V,4026813000118,4026813001092,,
CRISPS & SNACKS,PROPERCRUNCH,ZX457,Propercrunch Barbeque Crunch,,8 X 125G,11.02,,1.68,,,G,,,V,5060283763806,15060283763803,N,
CEREALS & MUESLIS,RAW GORILLA,MX141,Peanut Butter Granola,,6 X 250G,27.36,,5.99,,,G,O,,V,5065010992009,5065010992016,,
BAKING SUNDRIES,SUMA,LJ039,Baking Powder - Gluten Free,,6 X 200G,12.83,,2.85,,,G,,,V,5017601037637,05017601037620,,
NUTS & SEEDS,ZAYTOUN,NU154,Smoked Almonds - Fairtrade,,6 X 140G,27.17,1,7.25,,F,,,S,V,5060201150688,05060201150695,,
VINEGARS,ASPALL,KJ480,Apple Balsamic Vinegar,,6 X 350ML,15.25,,3.39,,,,,,V,5012845205705,05012845001604,,
SNACK BARS & FLAPJACKS,BIO & ME,KB399,Super Berry,,18 X 38G,14.63,,1.09,,,G,,,V,5060853640759,15060853640756,N,
BEANS & PULSES - DRIED,BULK COMMODITIES,PU303,Blackeye Beans,,25 KG,56.80,,,,,,,,V,,,,
CRISPS & SNACKS,EAT REAL,ZX198,Hummus Sour Cream Chips,,18 X 45G,9.16,,0.67,,,G,,S,V,5060878780591,15060878780598,N,
PET FOODS & PET CARE,DENZEL'S,PF031,Toffee Apple Soft baked Sticks,,10 X 75G,14.99,1,2.50,,,,,,V,5060582150536,15060582150533,,
BODY CARE,ALOE PURA,DY040,Aloe Vera Gel,Intensive Skin Care Treatment,6 X 200G,28.50,1,8.49,,,,,,V,5029354000271,5029354000417,,
FRUIT - DRIED,BULK COMMODITIES - ORGANIC,DR007,Ginger - Crystallised Organic,,5 KG,31.65,1,,,,,O,S,V,05017601037743,,,
FRUIT & VEGETABLE JUICES,JAMES WHITE,JU095,Apple Juice,,6 X 750ML,17.94,1,4.79,,,,O,,V,5020934000100,05020934442009,,
NUT & SEED BUTTERS,MERIDIAN,GH067,Peanut Butter Smooth,No added salt,6 X 280G,14.17,,3.15,,,,,,V,5014213711306,05014213500832,,
VEGETABLES (FROZEN),NATURAL COOL,XL098,Potato Wedges,,16 X 450G,43.20,,3.65,B,,G,O,,V,4026813050007,4026813051073,,
CRISPS & SNACKS,PROPERCRUNCH,ZX461,Propercrunch Crispy Chilli Oil,,8 X 125G,11.02,,1.68,,,G,,,V,5060283763820,25060283763824,N,
CEREALS & MUESLIS,RAW GORILLA,MX142,Peanut Butter Choc Granola,,6 X 250G,27.36,,5.99,,,G,O,,V,5065010992023,5065010992030,,
PATES; DIPS & TAPAS (CHILLED),SUMA ORGANIC,CV655,Black Pepper Pate,,9 X 150G,20.15,,2.99,,,,O,S,V,5017601052111,05017601052104,,
HERBS & SPICES - PREPACKED,ZAYTOUN,HE224,Za'atar Zesty Thyme Herb Mix,zesty seasoning,6 X 80G,24.68,,5.49,,,,,,V,5060201150305,05060201150329,N,
VINEGARS,ASPALL,KJ382,Balsamic Vinegar - og,,5L,31.02,,41.35,,,,O,,V,5012845500206,,,
VEGETABLES (FROZEN),BIO INSIDE,XL153,Organic Sweetcorn,In Bags,12 X 300G,22.15,,2.50,,,G,O,,V,4026813000156,4026813001191,,
BEANS & PULSES - DRIED,SUMA BAGGED DOWN,PU015,Blackeye Beans,,3 KG,9.65,,,,,,,,V,5017601009597,,,
CRISPS & SNACKS,EAT REAL,ZX161,Salted; Hummus Chips,,18 X 45G,9.16,,0.67,,,G,,,V,5060878780515,15060878780512,N,
PET FOODS & PET CARE,DENZEL'S,PF037,Christmas Dog Chew Gingerbread,Vegan Dog Chew,10 X 75G,14.99,1,2.50,,,G,,,V,5060582150307,15060582150304,,
HERB & FRUIT TEA INFUSIONS,ESSENTIAL TRADING,TE271,Camomile Herbal Infusion,100% Plastic Free,4 X 20 BAGS,9.00,,2.99,,,,O,,V,5029220154213,5029220154619,,
BEANS & PULSES - DRIED,SUMA PREPACKS,PU069,Lentils - green,,6 X 500G,9.68,,2.15,,,,,,V,5017601019367,05017601019350,,
FRUIT & VEGETABLE JUICES,JAMES WHITE,JU621,Apple & Ginger Juice,,24 X 250ML,28.18,1,1.89,,,,O,,V,5020934025165,05020934822054,,
NUT & SEED BUTTERS,MERIDIAN,GH110,Peanut Butter Smooth,No added salt; organic,6 X 280G,12.96,,2.89,,,,O,,V,5060132280201,05060132280218,,
FRUIT (FROZEN),NATURAL COOL,XL142,Organic Berry Mix,,10 X 300G,43.23,,5.75,,,G,O,,V,4026813110213,4026813111210,,
CRISPS & SNACKS,PROPERCORN,ZX262,Popcorn - Mature Cheddar,,8 X 70G,7.34,1,1.49,,,G,,S,,5060283763554,15060283763551,N,
CEREALS & MUESLIS,RAW GORILLA,MX105,Mighty Muesli Choc Chip,,6 X 250G,27.36,,5.99,,,G,O,,V,0748079726949,0748079726956,,
BAKING SUNDRIES,SUMA,LJ040,G/Free Bicarbonate of Soda,Gluten Free,6 X 200G,9.86,,2.19,,,G,,,V,5017601037651,05017601037644,,
TOOTH CARE,ZEROLLA,DY765,Dental Floss - Castor Oil,,50M,2.46,1,4.40,,,,,,V,5065015707196,15065015707193,,
VINEGARS,ASPALL,KJ478,Balsamic Vinegar - organic,,6 X 350ML,15.95,,3.55,,,,O,,V,5012845032967,05012845350016,,
FAR EASTERN FOOD,BIONA,JP042,Seitan Pieces,Marinated in Ginger&Soya Sauce,6 X 350G,25.06,,5.59,,,,O,,V,5032722312876,05032722650138,,
BEANS & PULSES - DRIED,SUMA PREPACKS,PU017,Blackeye Beans,,6 X 500G,10.58,,2.35,,,,,,V,5017601040675,05017601040668,,
COFFEE,CAFEDIRECT,TE395,Smooth Roast Instant,Silky Smooth Roast,6 X 500G,188.50,,41.89,,F,,,,V,5018190009081,05018190009098,,
BODY CARE,DR ORGANIC,DY422,Moroccan Argon Oil Deodorant,,6. X 50ML,22.80,1,6.99,,,,O,,V,5060176674585,5060176674592,,
FAR EASTERN FOOD,ESSENTIAL TRADING,LJ022,Coconut Milk Organic - Bulk,,3 X 2.9L,36.15,,,,,,O,,V,,,,
BEANS & PULSES - DRIED,BULK COMMODITIES,PU022,Lentils - green,,25 KG,53.30,,,,,,,,V,,,,
FRUIT & VEGETABLE JUICES,JAMES WHITE,JU864,Apple & Ginger Juice,,6 X 750ML,16.76,1,4.45,,,,O,,V,5020934000162,05020934444126,,
CONVENIENCE FOODS,MERCHANT GOURMET,QS009,Tricolour Jasmine Rice,,6 X 250G,10.80,,2.40,,,,,,V,5056215600790,15056215600797,,
VEGETABLES (FROZEN),NATURAL COOL,XL221,Chips - Oven or Fry,,12 X 600G,41.81,,4.50,B,,G,O,,V,4026813010513,4026813011510,,
CRISPS & SNACKS,PROPERCHIPS,ZX255,Lentil Chips - All the Cheese,,8 X 85G,9.71,,1.60,,,G,,S,,5060283763509,15060283763506,N,
JUICE CONCENTRATES & CORDIALS,SUMA,JU057,Apple Juice - Concentrate,Must keep refrigerated,5L,37.99,1,60.79,,,,,,V,5017601001850,,,
TOOTH CARE,ZEROLLA,DY763,Natural Toothpaste in a jar,Shouty Italian Lemon,60ML,3.86,1,6.90,,,,O,,V,5065015707271,15065015707278,,
VINEGARS,ASPALL,KJ180,Cyder Vinegar,,20 L,30.14,,,,,,,,V,5012845200014,,,
PASTA,BIONA,WT025,White Spelt Fusilli,,10 X 500G,25.79,,3.45,,,,O,,V,5032722309258,05032722646469,,
PICKLES; CHUTNEYS & MUSTARDS,BYODO,KJ351,Mustard - Dijon; organic,,1 KG,9.66,,12.89,,,,O,,V,4018462162910,,,
CRISPS & SNACKS,EAT REAL,ZX274,Italian Cheese & Black Pepper,,10 X 110G,12.38,,1.64,,,G,,S,V,5060878780881,25060878780885,N,
DAIRY BUTTER; CREAM & MILK,DEVON CREAM COMPANY,CV293,Clotted Cream,,12 X 170G,28.56,,3.15,,,G,O,,,5060088251355,15060088251352,,
NUTS & SEEDS,SUMA PREPACKS - ORGANIC,NU272,Hemp Seeds - organic,,6 X 250G,11.21,,2.49,,,,O,,V,5017601023821,05017601023814,,
BEANS & PULSES - DRIED,SUMA BAGGED DOWN,PU186,Lentils - green,,3 KG,8.49,,,,,,,,V,5017601009658,,,
FRUIT & VEGETABLE JUICES,BEET IT,JU719,Beetroot Juice with Apple,,8 X 1L,23.86,1,4.79,,,,O,,V,5020934001008,05020934000230,,
NUT & SEED BUTTERS,MERIDIAN,GH020,Tahini - light; organic,,6 X 270G,20.23,,4.49,,,,O,,V,5014213200794,05014213500795,,
FRUIT (FROZEN),NATURAL COOL,XL179,Organic Raspberries,,10 X 300G,53.77,,7.20,,,G,O,,V,4026813110206,4026813111203,,
CRISPS & SNACKS,PROPERCHIPS,ZX596,Katsu Curry Chickpea Chips,,8 X 85G,9.71,,1.62,,,G,,S,V,5060283762960,15060283762967,N,
BEANS & PULSES - CANNED,SUMA ORGANIC,VF169,Fresh Cannellini - Organic,,12 X 400G,17.04,,1.89,,,,O,,V,5017601046653,05017601046646,,
TOOTH CARE,ZEROLLA,DY762,Natural Toothpaste in a jar,Double Barreled Mint,60ML,3.86,1,6.90,,,,O,,V,5065015707264,150150650157071,,
VINEGARS,ASPALL,KJ067,Cyder Vinegar,,5L,10.15,,13.49,,,,,,V,5012845500015,,,
BREADS & BREAD MIXES,BIONA,BT422,Spelt Pizza Base - Organic,(2 Pack),10 X 300G,31.88,,4.25,,,,O,,V,5032722305984,05032722642416,,
PICKLES; CHUTNEYS & MUSTARDS,BYODO,KJ354,Mustard - wholegrain; organic,,1 KG,7.21,,9.65,,,,O,,V,5029220520902,,,03 SEP 25
CRISPS & SNACKS,EAT REAL,ZX295,Italian Cheese & Blk Pepper,,18 X 45G,9.16,,0.82,,,G,,S,V,5060878780928,15060878780925,N,
MEAT ALTERNATIVES(FROZEN),DEVIL'S KITCHEN,XL113,Mushroom & Med Veg Burger,,12 X 200G,33.75,,3.75,,,G,,,V,5060773320410,15060773320417,,
HERB & FRUIT TEA INFUSIONS,ESSENTIAL TRADING,TE279,Peppermint Herbal Infusion,100% Plastic Free,4 X 20 BAGS,9.00,,2.99,,,,O,,V,5029220154237,5029220154633,,
MEAT ALTERNATIVES(FROZEN),GOODLIFE,XL140,Spicy Bean Burgers,4-pack,6 X 454G,21.51,,4.79,,,,,,V,5012869541803,8710555541003,,
FRUIT & VEGETABLE JUICES,BEET IT,JU453,Beetroot Juice,,6 X 750ML,16.94,1,4.55,,,,O,,V,5020934000728,05020934001237,,
CONVENIENCE FOODS,MERCHANT GOURMET,PU005,Tomatoey French Lentils,,6 X 250G,12.90,,2.85,,,,,,V,5018095011318,15018095011315,,
VEGETABLES (FROZEN),NATURAL COOL,XL177,Leaf Spinach Portions,,8 X 450G,18.21,,3.05,B,,,O,,V,4026813020079,4026813001115,,
CRISPS & SNACKS,PROPERCRUNCH,ZX483,Propercrunch Maple Bacon,,8 X 125G,11.02,,1.68,,,G,,,V,5060283763844,15060283763841,N,
FAR EASTERN FOOD,SUMA ORGANIC,LJ400,Creamed Coconut Organic,,12 X 200G,32.36,,3.59,,,,O,,V,5017601041276,05017601041269,,
TOOTH CARE,ZEROLLA,DY764,Natural oil pulling mouthwash,Double Barreled Mint,60ML,3.86,1,6.90,,,,O,,V,5065015707103,15065015707100,,
VINEGARS,ASPALL,KJ481,Cyder Vinegar - organic,,6 X 350ML,8.40,,1.89,,,,O,,V,5012845032608,05012845007101,,
PASTA,BIONA,WT333,Spelt Lasagne Sheets - Organic,,12 X 250G,29.12,,3.25,,,,O,,V,5032722318793,5032722656185,,
FRUIT & VEGETABLE JUICES,BZEST,JU768,Calm & Comfort Shot,12mg CBD; blue spirulina,12 X 60ML,18.46,,2.05,,,G,,,V,5020934009134,05020934009035,,
CRISPS & SNACKS,EAT REAL,ZX246,Kids Veggie straws,,24 X 20G,9.09,1,0.52,,,G,,S,V,,05060878780676,N,
MEAT ALTERNATIVES(FROZEN),DEVIL'S KITCHEN,XL116,Mexican Wave Vegan Burger,,12 X 200G,16.88,,3.75,,,G,,,V,5060773320434,15060773320431,,03 OCT 25
CHOCOLATE & SWEET SPREADS,ESSENTIAL TRADING,GH092,Dark Chocolate Spread,,6 X 400G,23.82,,5.29,,,,O,S,V,5029220001814,5029220001821,,
READY MEALS (FROZEN),GOODLIFE,XL265,Falafel,with Coriander and Cumin,6 X 280G,16.08,,3.59,,,G,,,V,05012869542015,8710555540709,,
FRUIT & VEGETABLE JUICES,BEET IT,JU204,Beetroot Juice with Ginger,,6 X 750ML,17.30,1,4.65,,,,O,,V,5020934750012,05020934823068,,
NUT & SEED BUTTERS,MERIDIAN,GH154,Coconut and Almond Butter,New Vegan Recipe,6 X 170G,15.25,,3.39,,,,,,V,5060132282519,05060132282502,,
FRUIT (FROZEN),NATURAL COOL,XL180,Organic Strawberries,,10 X 300G,43.23,,5.75,,,G,O,,V,4026813110237,4026813111234,,
CRISPS & SNACKS,PROPERCHIPS,ZX804,Prawn Cocktail,lentil chips,8 X 85G,9.71,,1.62,,,G,,S,V,5060283763097,15060283763094,N,
BEANS & PULSES - CANNED,SUMA ORGANIC,VF560,Fresh Chickpeas - Organic,,12 X 400G,17.04,,1.89,,,,O,,V,5017601042419,05017601042402,,
PASTA SAUCES & PESTOS,ZEST,KJ542,Coriander & Basil Pesto,,6 X 165G,16.89,,3.79,,,,,,V,5010338223540,05015612601045,,
VINEGARS,ASPALL,KJ205,Cyder Vinegar - organic,,5L,12.50,,16.65,,,,O,,V,5012845500053,05012845500053,,
PASTA,BIONA,WT024,White Spelt Penne,,10 X 500G,25.79,,3.45,,,,O,,V,5032722309241,05032722646452,,
FRUIT & VEGETABLE JUICES,BZEST,JU771,Fire & Fortify Shot,12mg CBD; ginger; turmeric,12 X 60ML,18.46,,2.05,,,G,,,V,5020934009127,05020934009028,,
CRISPS & SNACKS,EAT REAL,ZX883,Lentil Chips Creamy Dill,,10 X 95G,12.38,,1.64,,,G,,S,V,5060878780430,25060878780434,N,
MEAT ALTERNATIVES(FROZEN),DEVIL'S KITCHEN,XL117,Oyster Mushroom Sausages,,12 X 192G,33.75,,3.75,,,G,,,V,5060773320441,15060773320448,,
NUTS & SEEDS,SUMA BAGGED DOWN - ORGANIC,NU271,Hemp Seeds - organic,,1 KG,5.99,,,,,,O,,V,5017601009290,,,
READY MEALS (FROZEN),GOODLIFE,XL163,Catering Pack Falafel,,60 X 25G,17.32,,,,,,,,V,,05030755997572,N,
FRUIT & VEGETABLE JUICES,BIG TOM,JU379,Spiced Tomato Mix - Can,Blend of 21 herbs and spices,24 X 150ML,16.02,1,1.05,,,,,S,V,96079867,05020934410152,,
YEAST EXTRACTS,MERIDIAN,GH098,Yeast Extract +B12; no salt,,6 X 340G,26.91,,5.99,,,G,,,V,5060132280621,05060132280638,,
CRISPS & SNACKS,PROPERCRUNCH,ZX425,Propercrunch Sea Salt,,8 X 125G,11.02,,1.68,,,G,,,V,5060283763783,15060283763780,N,
BEANS & PULSES - CANNED,SUMA ORGANIC,VF950,Fresh Edamame Soybeans - Org,,12 X 200G,16.12,,1.79,,,,O,,V,5017601047735,05017601047728,,
PASTA SAUCES & PESTOS,ZEST,VF239,Mushroom & Garlic Pasta Sauce,,6 X 340G,15.47,,3.46,,,,,,V,5010338223571,05015612601076,,
VINEGARS,ASPALL,KJ069,Cyder Vinegar - organic,,6 X 500ML,10.66,,2.35,,,,O,,V,5012845032752,05012845000027,,
READY TO EAT FOODS (CHILLED),BIONA,CV454,Spinach & Cashew Rolls,,6 X 200G,21.40,,4.75,,,,O,,V,5032722319585,05032722656994,,
SUGARS & SYRUPS,BULK COMMODITIES - ORGANIC,LJ098,Coconut Sugar,,20 KG,96.00,,,,,,O,,V,,,,
CRISPS & SNACKS,EAT REAL,ZX135,Lentil Chips Chilli Lemon,,10 X 95G,12.38,,1.64,,,G,,,V,5060878780416,25060878780410,N,
MEAT ALTERNATIVES(FROZEN),DEVIL'S KITCHEN,XL115,Thai Green Curry Burger,,12 X 200G,33.75,,3.75,,,G,,,V,5060773320427,15060773320424,,
SOUPS,ESSENTIAL TRADING,VF375,Pea Soup,in glass,6 X 680G,13.49,,2.99,,,,O,,V,5029220057699,5029220001234,,
BEANS & PULSES - DRIED,BULK COMMODITIES - ORGANIC,PU116,Lentils - green,,25 KG,79.32,,,,,,O,,V,,,,
FRUIT & VEGETABLE JUICES,BIG TOM,JU381,Spiced Tomato Mix - Bottle Sml,Serve chilled with ice,24 X 250ML,24.41,1,1.65,,,,,S,V,5020934402522,05020934412514,,
VINEGARS,RAYNERS,KJ077,Honegar,,6 X 500ML,21.56,1,5.75,,,,,,,5019998631344,05019998765049,,
CRISPS & SNACKS,PROPERCORN,ZX860,Popcorn - Sweet & Salty,,8 X 90G,7.13,1,1.46,,,G,,S,V,5060283760072,15060283760338,N,
BEANS & PULSES - CANNED,SUMA ORGANIC,VF350,Fresh Flageolet Beans - Org,,12 X 200G,14.85,,1.69,,,,O,,V,5017601047759,05017601047742,,
ALCOHOL FREE AND LOW ALCOHOL BE,NOUGHTY,JU249,Alcohol Free Sparkling Rose,Dealcoholised,6 X 75CL,48.75,1,12.99,,,,O,S,V,4009427082183,4009427992529,,
PASTA SAUCES & PESTOS,ZEST,VF168,Basil & Oregano Pasta Sauce,,6 X 340G,15.47,,3.46,,,,,,V,5010338223588,05015612601083,,
VINEGARS,ASPALL,KJ321,Raw Unfiltered Cyder Vinegar,With 'mother',5L,13.38,,17.85,,,,O,,V,5012845500084,,,
CEREALS & MUESLIS,BIO & ME,MX071,Super Seedy & Nutty Granola,Gut Loving,5 X 360G,14.42,,3.79,,,,,,V,5070000126579,25070000126573,,
CHOCOLATE,SUMA PREPACKS - ORGANIC,KB137,Cacao Nibs - Organic,Lightly Roasted,6 X 100G,17.51,,3.89,,,,O,,V,5017601029977,05017601029960,N,
CRISPS & SNACKS,EAT REAL,ZX169,Lentil Chilli & Lemon Chips,,18 X 40G,9.16,,0.67,,,G,,S,V,5060878780546,15060878780543,N,
SUGARS & SYRUPS,SWEET FREEDOM,LJ157,Caramel Syrup,For Coffee & Syrup,6 X 350G,18.51,,4.15,,,,,,V,96174357,05060175390080,,
SOUPS,ESSENTIAL TRADING,VF085,Lentil & Pumpkin Soup,in glass,6 X 680G,14.36,,3.19,,,,O,,V,5029220057590,5029220001272,,
BEANS & PULSES - DRIED,SUMA BAGGED DOWN - ORGANIC,PU193,Lentils - green; organic,,3 KG,12.05,,,,,,O,,V,5017601009665,,,
FRUIT & VEGETABLE JUICES,BIG TOM,JU419,Spiced Tomato Mix - Bottle Lrg,The Ultimate Bloody Mary Mix,6 X 750ML,14.80,1,3.95,,,,,S,V,5020934400023,05020934001749,,
HOUSEHOLD CLEANING PRODUCTS,METHOD,HJ358,Anti Bac Spray Refill,Yuzu Orange,4 X 2L,19.06,1,7.65,,,,,,V,843536181290,10843536181297,,
CRISPS & SNACKS,PROPERCORN,ZX431,Popcorn - Sweet,,8 X 90G,7.34,1,1.49,,,G,,S,V,5060283762793,15060283762790,N,
SOUPS,SUMA,VF575,Chik'n Soup,with Chicken-Style pieces,12 X 400G,17.21,,1.91,,,,,,V,5017601050230,05017601050223,,
VERAGES,,,,,,,,,,,,,,,,,,
TOMATOES & TOMATO PRODUCTS,ZEST,LJ042,Sun-dried Tomato Paste,,6 X 170G,16.89,,3.79,,,,,,V,5010338223564,05015612601069,,
CIDERS,ASPALL,RT062,Draught Cyder 5.5%,,12 X 500ML,30.81,1,4.09,,,,,S,V,5012845172847,05012845002250,,
CHOCOLATE,SUMA BAGGED DOWN - ORGANIC,KB250,Cacao Nibs - Organic,Lightly Roasted,1 KG,27.49,,,,,,O,,V,05017601037804,,,
CRISPS & SNACKS,EAT REAL,ZX737,Lentil Chips Mango & Mint,,10 X 95G,12.38,,1.64,,,G,,S,V,5060878780553,15060878780550,N,
HERB & FRUIT TEA INFUSIONS,DRAGONFLY TEA,TE046,Mountain Honeybush Tea,Caffeine Free Tea,4 X 20 BAGS,8.47,,2.85,,,,O,,V,5032558000206,05032558000237,,
FRUIT - CANNED & JARRED,ESSENTIAL TRADING,KJ262,Pineapple Chunks In Org Juice,,6 X 400G,17.34,,3.85,,,,O,,V,5029220157092,5029220001494,,
BEANS & PULSES - DRIED,SUMA PREPACKS - ORGANIC,PU129,Lentils - Green; organic,,6 X 500G,13.28,,2.95,,,,O,,V,5017601022305,05017601022299,,
FRUIT & VEGETABLE JUICES,JAMES WHITE,JU862,Carrot & Apple Juice,,6 X 750ML,17.94,1,4.79,,,,O,,V,5020934000124,05020934001039,,
HOUSEHOLD CLEANING PRODUCTS,METHOD,HJ148,All Purpose Cleaner Cream Cust,Custard Cream. Limited Edition,6 X 828ML,16.29,1,4.35,,,,,,,843536183072,10843536183079,,
NUTS & SEEDS,SUMA BAGGED DOWN - ORGANIC,NU072,Peanuts - organic,Peanuts with their skins,1 KG,5.75,,,,,,O,,V,5017601770725,,,
HONEY,SUMA,HY063,Wildflower Pure Clear Honey,,6 X 340G,16.90,,3.79,,,,,,,5017601000693,5017601036715,,
BEERS,SAM SMITHS,RT009,Organic Chocolate Stout,Smooth; creamy; deep flavours,12 X 550ML,36.83,1,4.95,,,,O,,V,5010149201157,5010149201164,,
PASTA SAUCES & PESTOS,ZEST,KJ026,Basil Pesto; Vegan,,6 X 165G,16.89,,3.79,,,,,,V,5010338223533,05015612601038,,
CIDERS,ASPALL,RT079,Harry Sparrow Cyder 4.6%,,6 X 500ML,14.46,1,3.85,,,,,S,V,5012845112829,05012845122828,,
VEGAN & OAT MILK,CALIFIA FARMS,SY226,Oat Barista Blend,,6 X 1L,7.16,,1.59,,,,,,V,1081363602199,813636021932,,
CRISPS & SNACKS,EAT REAL,ZX275,Chilli; Lime & Sea Salt,,10 X 110G,12.38,,1.64,,,G,,S,V,5060878780935,25060878780939,N,
SUGARS & SYRUPS,SWEET FREEDOM,LJ137,Natural Sweetness - Original,Mild,5L,48.26,,,,,,,,V,5060175390158,,,
FRUIT - CANNED & JARRED,ESSENTIAL TRADING,KJ263,Mango Chunks in Org Juice,,6 X 400G,11.50,,2.55,,,,O,,V,5029220157191,5029220001500,,
READY MEALS (FROZEN),GOODLIFE,XL061,Catering Sweet Potato Falafel,,90 X 22G,17.85,,,,,,,S,V,,05030755996070,N,
HOUSEHOLD CLEANING PRODUCTS,METHOD,HJ007,All Purpose Cleaner Deep House,Limited Edition Scent,6 X 828ML,16.29,1,4.35,,,,,,V,843536183508,10843536183512,,
ALCOHOL FREE AND LOW ALCOHOL BE,PEARSONS,JU143,London Dry Gin,,6 X 70CL,95.80,1,25.55,,,G,,,V,5060640310803,5060640310865,,
HONEY,SUMA,HY082,Wildflower Pure Clear Honey,,3 KG,17.66,,22.00,,,,,,,5017601002130,,,
WINES,RED WINE,WN207,Cuesta Colora Tempranillo,No added sulphur,6 X 75CL,56.57,1,15.09,,,,O,,V,8437008467313,8437008467894,,
PASTA SAUCES & PESTOS,ZEST,KJ452,Basil Pesto; Vegan,,6 X 340G,27.51,,6.15,,,,,,V,5010338223519,05015612601014,,
VINEGARS,ASPALL,KJ252,Cyder Vinegar - og,,20L,36.32,,,,,,O,,V,5012845200052,,N,
VEGAN & OAT MILK,CALIFIA FARMS,SY145,Almond Barista Blend,,6 X 1L,8.32,,1.89,,,,,,V,1220000500044,11220000500041,,
CRISPS & SNACKS,EAT REAL,ZX165,Lentil Sea Salted Chips,,18 X 40G,9.16,,0.67,,,G,,,V,5060878780560,15060878780567,N,
SNACK BARS & FLAPJACKS,DAMN GOOD,KB891,Cookies Ginger; Choc; Orange,Cookies,12 X 38G,16.29,,1.79,,,G,,S,V,5060544460130,15060544460137,,
FRUIT - CANNED & JARRED,ESSENTIAL TRADING,KJ260,Tropical Fruits in Org Juice,,6 X 400G,11.22,,2.49,,,,O,,V,5029220157290,5029220001517,,
VEGAN & OAT MILK,GLEBE FARM,SY165,Almond Drink Barista,,6 X 1LTR,12.54,,2.79,,F,G,,,V,5060084572492,5060084572577,,
HOUSEHOLD CLEANING PRODUCTS,METHOD,HJ147,All Purpose Cleaner - Anti Bac,Peach,6 X 828ML,16.29,1,4.35,,,,,,V,843536181276,10843536183192,,
VERAGES,,,,,,,,,,,,,,,,,,
CEREALS & MUESLIS,RAW GORILLA,MX113,Mighty Muesli,,6 X 250G,27.36,,5.99,,,G,O,,V,0748079726901,0748079726918,,
HERBS & SPICES - PREPACKED,SUMA,HE111,Mulled Cider Spices,6 Mulled Cider Pouches,12 X 25G,48.16,,5.35,,,,,,V,5033146946104,5033146946159,,
WINES,RED WINE,WN080,Tempranillo Finca Fabian,Spain,6 X 750ML,49.08,1,13.09,,,G,O,,V,8437010828454,38437010828455,,
PASTA SAUCES & PESTOS,ZEST,KJ314,Red Pesto,,6 X 165G,16.89,,3.77,,,G,,,V,5010338103590,05015612103815,,
CIDERS,ASPALL,RT023,Organic Suffolk Cyder 6.8%,Sparkling - ABV 6.8%,12 X 500ML,32.97,1,3.98,,,,O,S,V,5012845780004,05012845781209,,
VEGAN & OAT MILK,CALIFIA FARMS,SY076,Oat Barista Blend - Organic,,6 X 1L,8.32,,1.89,,,,O,,V,1220000500051,11220000500058,,
CRISPS & SNACKS,EAT REAL,ZX418,Multi Pack,,4 X 5 X 98G,6.00,,2.02,,,G,,S,V,5060878780485,25060878780489,N,
SNACK BARS & FLAPJACKS,DAMN GOOD,KB888,Cookies Honeycomb & Chocolate,Cookies,12 X 38G,16.29,,1.79,,,G,,S,V,5060544460123,15060544460120,,
YEAST EXTRACTS,ESSENTIAL TRADING,GH058,Yeast Extract,,6 X 250G,38.34,,8.55,,,,,,V,5029220157597,5029220157795,,
VEGAN & OAT MILK,GLEBE FARM,SY140,Pure Oaty Barista Drink,,6 X 1L,10.66,,2.39,,,G,,,V,5060084572652,5060084572348,,
HOUSEHOLD CLEANING PRODUCTS,METHOD,HJ253,Floor Cleaner - Lemon,Suitable for all floors,6 X 739ML,18.36,1,4.89,,,,,,V,817939013779,10817939013776,,
ALCOHOL FREE AND LOW ALCOHOL BE,PEARSONS,JU142,Rhubarb & Ginger Gin,,6 X 70CL,95.80,1,22.55,,,G,,,V,5060640310780,5060640310841,,
CEREALS & MUESLIS,ROLLAGRANOLA,MX107,Organic & Nutty Granola,,6 X 400G,24.28,,5.39,,,G,O,,V,5060492002277,5060492002345,,
FAR EASTERN FOOD,SUMA ORGANIC,LJ350,Coconut Milk Organic,,6 X 400ML,13.47,,2.99,,,,O,,V,5017601041252,05017601041245,,
WINES,RED WINE,WN078,Rouge Sans Sulfite Marouette,No Added Sulphur,6 X 750ML,59.42,1,15.85,,,G,O,,V,3380330002712,3380330003405,,
FAR EASTERN FOOD,YAKSO,JP113,Tamari - organic,,6 X 250ML,22.90,,5.15,,,G,O,,V,5400313009465,8712423018532,,
CIDERS,ASPALL,RT078,Premier Cru Cyder 6.8%,,12 X 500ML,32.14,1,4.29,,,,,S,V,5012845750007,5012845751202,,
DRINKS (CHILLED),CALIFIA FARMS,CV097,Matcha Latte with Almonds,,6 X 750ML,11.48,,2.55,,,,,S,V,1220000500143,11220000500140,,
NUT & SEED BUTTERS,CARLEY'S,GH024,Almond Butter- Organic,,6 X 170G,20.50,,4.65,,,,O,,V,5055052619187,15055052619184,,
SNACK BARS & FLAPJACKS,DAMN GOOD,KB153,Cookies Salted Double Choc,Cookies,12 X 38G,16.29,,1.79,,,G,,S,V,5060544460154,15060544460151,,
YEAST EXTRACTS,ESSENTIAL TRADING,GH059,Yeast Extract,,6 X 125G,22.60,,5.05,,,,,,V,5029220157696,5029220157894,,
VEGAN & OAT MILK,GLEBE FARM,SY164,Coconut Drink Barista,,6 X 1LTR,11.21,,2.49,,F,G,,,V,5060084572508,5060084572584,,
HOUSEHOLD CLEANING PRODUCTS,METHOD,HJ336,Bathroom Cleaner - Anti Bac,Water Mint,6 X 828ML,16.29,1,4.35,,,,,,V,817939012093,10843536183222,,
VERAGES,,,,,,,,,,,,,,,,,,
CEREALS & MUESLIS,ROLLAGRANOLA,MX146,Zesty Caveman Granola,,6 X 300G,25.22,,5.59,,,G,,,V,5060492000013,5060492000358,,
FAR EASTERN FOOD,SUMA ORGANIC,LJ273,Light Coconut Milk,Less than 10% fat,6 X 400ML,12.55,,2.79,,,,O,,V,5017601048633,05017601048626,,
WINES,WHITE WINE,WN076,Blanc Sans Sulfite Marouette,No added sulphur and organic,6 X 750ML,64.08,1,17.09,,,G,O,,V,3380330002941,3380330003252,,
PICKLES; CHUTNEYS & MUSTARDS,BIONOVA,KJ025,Gherkins - Sweet & Sour,organic,6 X 330G,22.80,,5.09,,,,O,,V,8712423020528,8712423018228,,
VINEGARS,ASPALL,KJ395,Raw Unfiltered Cyder Vinegar,With 'Mother',6 X 500ML,12.42,,2.75,,,,O,,V,5012845032660,05012845000669,,
VEGAN & OAT MILK,CALIFIA FARMS,SY041,Pumpkin Spice Barista Blend,,6 X 1L,9.03,,1.99,,,,,,V,1220000500013,11220000500010,,
NUT & SEED BUTTERS,CARLEY'S,GH025,Cashew Butter- Organic,,6 X 170G,19.62,,4.45,,,,O,,V,5055052619217,15055052619214,,
SNACK BARS & FLAPJACKS,DAMN GOOD,KB150,Cookies Vanilla Choc Chip,Cookies,12 X 38G,16.29,,1.79,,,G,,S,V,5060544460178,15060544460175,,
CEREALS & MUESLIS,GLEBE FARM,MX106,Porridge Oats GF,,6 X 450G,12.67,,2.79,,,G,O,,V,5060084571723,5060084572126,,
HOUSEHOLD CLEANING PRODUCTS,METHOD,HJ245,Bathroom Spray,Eucalyptus Mint,6 X 828ML,16.29,1,4.35,,,,,,V,817939005224,10843536183178,,
NUTS & SEEDS,SUMA BAGGED DOWN,NU055,Pecan nuts,,1 KG,18.95,,,,,,,,V,5017601770558,,,
CHOCOLATE,RAW HALO,WS301,Hazelnut Mylk Choc Buttons,,8 X 100G,23.43,1,4.69,,,G,O,S,V,5060430551935,5060430551942,N,
OILS & FATS,SUMA ORGANIC,GT320,Coconut Oil - Extra Virgin,organic,6 X 320ML,32.40,,7.20,,,,O,,V,5017601039099,05017601039082,,
WINES,RED WINE,WN006,Merlot La Marouette,Damsons; Violets; Spicy Fruit,6 X 75CL,56.26,1,14.99,,,G,O,,V,3380330000473,3380330001401,,
PICKLES; CHUTNEYS & MUSTARDS,BIONOVA,KJ346,Gherkins - Sour,,6 X 670G,28.00,,6.25,,,,O,S,V,8712423020504,8712423018204,,
VINEGARS,ASPALL,KJ353,Red Wine Vinegar,,5L,10.15,,13.49,,,,,,V,50123845500152,,,
DRINKS (CHILLED),CALIFIA FARMS,CV823,Unsweetened Almond Milk,,6 X 750ML,9.02,,2.00,,,G,,S,V,813636020720,10813636020727,,
CRISPS & SNACKS,EAT REAL,ZX264,Caramelised Onion & Vinegar,Hummus Chips,10 X 110G,12.38,,1.64,,,G,,S,V,5060878780874,25060878780878,N,
BISCUITS CRACKERS & CRISPBREAD,DOVES FARM,BT010,Digestives,,12 X 200G,13.75,,1.49,,,,O,S,V,5011766999991,05011766299978,,
VEGAN & OAT MILK,GLEBE FARM,SY161,PureOaty Organic Barista,,6 X 1LT,11.69,,2.59,,,G,O,,V,5060084572676,5060084572683,,
BODY CARE,METHOD,DY736,Bodywash Pure Peace,,6 X 532ML,27.92,1,7.49,,,,,,V,843536181139,10843536181136,,
FRUIT (FROZEN),NATURAL COOL,XL036,Organic Tropical Fruit Mix,,10 X 300G,37.24,,4.99,,,,O,,V,4026813420008,4026813421005,,
NUTS & SEEDS,SUMA PREPACKS,NU171,Pecan nuts,,6 X 125G,15.08,,3.35,,,,,,V,5017601020301,05017601020295,,
CHOCOLATE,RAW HALO,WS302,Dark Salt Almond Choc Buttons,,8 X 100G,23.43,1,4.69,,,G,O,S,V,5060430551959,5060430551966,N,
OILS & FATS,SUMA ORGANIC,GT350,Coconut Oil - Culinary,organic; odourless,6 X 320ML,18.84,,4.19,,,,O,,V,5017601039976,05017601039969,,
WINES,SPARKLING WINE,WN009,Prosecco Col di Manza,Biodynamic; Extra Dry,6 X 75CL,83.17,1,22.19,B,,G,O,,V,8017955010000,8017955060098,,
FAR EASTERN FOOD,YAKSO,VF005,Tempeh,,6 X 175G,17.42,,3.89,,,,O,,V,5400313002534,8712423018433,,
VINEGARS,ASPALL,KJ477,Cyder Vinegar,,6 X 350ML,8.08,,1.79,,,,,,V,5012845205637,05012845007002,,
DRINKS (CHILLED),CALIFIA FARMS,CV826,Cold Brew Mocha,,6 X 750ML,10.76,,2.39,,,G,,S,V,813636021703,10813636021700,,
CRISPS & SNACKS,EAT REAL,ZX290,Caramelised Onion & Blk Pepper,,18 X 45G,9.16,,0.82,,,G,,S,V,5060878780911,15060878780918,N,
BREADS & BREAD MIXES,DILLON ORGANIC,BT449,Beetroot Flax Keto Bread,,6 X 250G,17.97,,3.99,,,G,O,,V,5070000210612,15070000210619,,
CEREALS & MUESLIS,GLEBE FARM,FX037,Porridge Oats GF,,6 X 450G,11.91,,2.65,,,G,,,V,5060084571402,5060084571990,,
BODY CARE,METHOD,DY737,Bodywash Simply Nourish,,6 X 532ML,27.92,1,7.49,,,,,,V,843536181146,10843536181143,,
NUTS & SEEDS,BULK COMMODITIES - ORGANIC,NU002,Hemp Seeds - organic,,25 KG,139.50,,,,,,O,,V,,,,
NUTS & SEEDS,SUMA BAGGED DOWN,NU027,Pecan nuts,,2.5 KG,46.45,,,,,,,,V,5017601032267,,,
CHOCOLATE,RAW HALO,KB002,Dark 76%,,10 X 70G,22.58,1,3.69,,,G,O,S,V,5060430551652,5060430551669,N,
OILS & FATS,SUMA ORGANIC,GT750,Coconut Oil - Culinary,organic; odourless,6 X 650ML,32.20,,7.15,,,,O,,V,5017601039990,05017601039983,,
WINES,RED WINE,WN232,Tempranillo Camino,Soft; rounded and fruit-laden,6 X 75CL,44.31,1,11.85,,,G,O,,V,8437008467207,8437001679430,,
VEGETABLES,BIONOVA,VF039,Garden Peas,unpasteurised,6 X 350G,12.04,,2.69,,,,O,,V,8712423020399,8712423018112,,
VINEGARS,ASPALL,KJ479,Red Wine Vinegar,,6 X 350ML,8.08,,1.79,,,,,,V,5012845205620,05012845007200,,
VEGAN & OAT MILK,CALIFIA FARMS,SY042,Hazelnut Oat Barista,,6 X 1L,8.32,,1.89,,,,,,V,1220000500211,11220000500218,,
NUT & SEED BUTTERS,CARLEY'S,GH014,Raw Pecan Butter,,6 X 170G,30.23,,6.95,,,,O,,V,5055052618784,15055052618781,,
SUGARS & SYRUPS,DILLON ORGANIC,LJ214,Chicory Fibre Syrup,,6 X 230G,28.77,,6.39,,,,,,V,5070000210650,15070000210657,,
VEGAN & OAT MILK,GLEBE FARM,SY162,Pureoaty Creamy and enriched,,6 X 1LTR,10.66,,2.39,,,G,,,V,5060084572607,5060084572591,,
BODY CARE,METHOD,DY738,Bodywash Wind Down,,6 X 532ML,27.92,1,7.49,,,,,,V,843536183270,10843536183277,,
SWEET SNACKS,NEAT SWEETS,ZX318,Cola Bottles,,12 X 50G,13.72,1,1.99,,,G,,,V,5070002635222,15070002635229,N,
NUTS & SEEDS,BULK COMMODITIES,NU312,Pecan Nuts 30lbs,,13.61 KG,214.08,,,,,,,,V,,,,
CHOCOLATE,RAW HALO,KB007,Mylk & Vanilla,,10 X 70G,22.58,1,3.69,,,G,O,S,V,5060430551553,5060430551560,N,
OILS & FATS,SUMA ORGANIC,GT075,Coconut Oil - Culinary,organic; odourless,6 X 1L,48.34,,10.79,,,,O,,V,5017601040514,5017601040507,,
VEGAN CHEESE,VIOLIFE,CV905,Camembert,,6 X 150G,17.12,,3.80,,,G,,,V,5202390027826,75202390027825,,
BEANS & PULSES - CANNED,BIONOVA,VF495,Baked Beans - organic,jarred,6 X 350G,13.33,,2.99,,,,O,S,V,8712423020436,8712423018150,,
VINEGARS,ASPALL,KJ475,Red Wine Vinegar - organic,,6 X 350ML,8.29,,1.85,,,,O,,V,5012845032202,05012845007309,,
BREADS & BREAD MIXES,BIONA,BT210,Rye Bread - Sunflower Seed,Wheat Free,7 X 500G,14.33,,2.75,,,,O,,V,5032722301238,05032722656659,,
DAIRY CHEESE,CALON WEN,CV058,Mature Vintage Cheddar Cheese,approx. 2.5Kg,PER KG,11.56,,,,,,O,,,,,,
BREADS & BREAD MIXES,DILLON ORGANIC,BT463,Chia Flax Keto Bread,,6 X 250G,17.97,,3.99,,,G,O,,V,5070000210629,15070000210626,,
VEGAN & OAT MILK,GLEBE FARM,SY208,Tea-rrific Oat Drink,,6 X 1LTR,9.69,,2.15,,,G,,,V,5060084572874,5060084572881,,
BODY CARE,METHOD,DY735,Bodywash Daily Zen,,6 X 532ML,27.92,1,7.49,,,,,,V,843536181115,10843536181112,,
SWEET SNACKS,NEAT SWEETS,ZX312,Fruity Gummy Bears,,12 X 50G,13.72,1,1.99,,,G,,,V,5070002635208,15070002635205,N,
FRUIT - DRIED,BULK COMMODITIES,DR023,Mixed Peel - Contains SO2,Double Cut; Mixed Candied Peel,10 KG,38.23,,,,,,,S,V,,8710706805466,,
CHOCOLATE,RAW HALO,KB020,Mylk & Pink Himalayan Salt,,10 X 70G,22.58,1,3.69,,,G,O,S,V,5060430551577,5060430551584,N,
FAR EASTERN FOOD,SUMA ORGANIC,VF007,Coconut Cream,,6 X 400ML,14.35,,3.19,,,,O,,V,5017601047957,05017601047940,,
VEGAN CHEESE,VIOLIFE,CV125,Cheddarton Cheese Block,,12 X 200G,32.50,,3.60,,,,,,V,5202390030321,25202390030325,,
JAMS & FRUIT SPREADS,BIONOVA,JS137,Bilberry Jam - organic,,6 X 340G,19.13,,4.25,,,,O,S,V,8718754501354,8718754501361,,
VINEGARS,ASPALL,KJ476,White Wine Vinegar,,6 X 350ML,8.08,,1.79,,,,,,V,5012845203725,05012845007408,,
SNACK BARS & FLAPJACKS,BIO & ME,KB396,Toffee Apple,,18 X 38G,14.63,,1.10,,,G,,,V,5060853640766,15060853640763,N,
DAIRY CHEESE,CALON WEN,CV066,Creamy Mellow Cheddar Cheese,approx. 2.5Kg,PER KG,11.56,,,,,,O,,,,,,
BREADS & BREAD MIXES,DILLON ORGANIC,BT447,Original Flax Keto Bread,,6 X 250G,17.97,,3.99,,,G,O,,V,5070000210605,15070000210602,,
ALCOHOL FREE AND LOW ALCOHOL BE,GLEN DOCHUS,JU149,West Coast Blend Whiskey,,6 X 70CL,95.80,1,25.55,,,G,,,V,5060640310391,5060640310407,,
FRUIT & VEGETABLE JUICES,JAMES WHITE,JU325,Carrot Juice,,6 X 750ML,17.94,1,4.79,,,,O,,V,5020934000278,05020934001084,,
HOUSEHOLD CLEANING PRODUCTS,Method,HJ092,Fabric Conditioner Concentrate,Berry Bliss. 33 Washes,4 X 0.99L,20.65,1,8.29,,,,,S,V,843536183423,10843536183420,,07 OCT 25
SWEET SNACKS,NEAT SWEETS,ZX313,Sour Citrus Gummy Bears,,12 X 50G,13.72,1,1.99,,,G,,,V,5070002635215,15070002635212,N,
FRUIT - DRIED,SUMA BAGGED DOWN,DR228,Mixed Peel - Contains SO2,Double Cut; Mixed Candied Peel,1 KG,5.89,,,,,,,S,V,5017601009122,,,
CHOCOLATE,RAW HALO,KB047,Dark Salted Caramel,,10 X 70G,22.58,1,3.69,,,G,O,S,V,5060430551690,5060430551706,N,
VINEGARS,SUMA ORGANIC,KJ304,Apple Cider Vinegar Organic,Raw with the "Mother",6 X 500ML,11.65,,2.59,,,,O,,V,5017601042792,05017601042785,,
VEGAN CHEESE,VIOLIFE,CV127,Supreme Cheddarton,High protein,12 X 200G,29.38,,3.25,,,G,,S,V,5202390031687,25202390031704,,
JAMS & FRUIT SPREADS,BIONOVA,JS140,Strawberry Jam - organic,,6 X 340G,20.50,,4.55,,,,O,S,V,8718754501330,8718754501347,,
VINEGARS,ASPALL,KJ474,White Wine Vinegar - organic,,6 X 350ML,8.29,,1.85,,,,O,,V,5012845032028,05012845007507,,
HOUSEHOLD CLEANING PRODUCTS,BIO D,HJ665,Toilet Cleaner,Fragrance Free,5L,8.80,1,13.99,,,,,,V,5034938400057,,,
VEGAN & OAT MILK,CALIFIA FARMS,SY043,Pistachio Oat Barista,,6 X 1L,8.32,,1.89,,,,,,V,1220000500204,11220000500201,,
BREADS & BREAD MIXES,Dillon Organic,BT255,Keto Bagel Original Flaxseed,,6 X 150G,26.96,,5.99,,,G,O,,V,5070000210667,15070000210664,,
VERAGES,,,,,,,,,,,,,,,,,,
FRUIT & VEGETABLE JUICES,ZINGER,JU647,Extra Hot Ginger Zinger Shot,Pressed Ginger; Apple; Chili,15 X 70ML,17.55,1,1.89,,,,O,,V,5020934007048,05020934953031,,
HOUSEHOLD CLEANING PRODUCTS,METHOD,HJ112,Fabric Softener Concentrated,Peony Blush. Concentrated,4 X 0.99L,20.65,1,8.29,,,,,,,843536183379,10843536183376,,07 OCT 25
BAKING SUNDRIES,NIELSEN MASSEY,LJ204,Vanilla Bean Paste,,6 X 60ML,57.40,,12.75,,,,,S,V,2563800130,05010067304268,,
FRUIT - DRIED,SUMA PREPACKS,DR203,Mixed Peel - Contains SO2,Double Cut; Mixed Candied Peel,6 X 200G,10.31,,2.29,,,,,S,V,5017601024460,05017601024453,,
CHOCOLATE,RAW HALO,KB055,Dark 85%,,10 X 70G,22.58,1,3.69,,,G,O,S,V,5060430551676,5060430551683,N,
VINEGARS,SUMA ORGANIC,KJ290,Apple Cider Vinegar Org,Raw with the "Mother",5L,10.72,,14.29,,,,O,,V,5017601042778,,,
SOFT DRINKS,VITA COCO,JU118,Pure Coconut Water,,6 X 1L,15.14,1,4.05,,,,,S,V,898999000503,898999026268,,
VEGETABLES,BIONOVA,VF030,Sweetcorn - organic,Jars,6 X 340G,11.20,,2.49,,,,O,,V,8712423020450,8712423018167,,
VINEGARS,ASPALL,KJ356,White Wine Vinegar,,5L,10.15,,13.49,,,,,,V,5012845500107,,,
HOUSEHOLD CLEANING PRODUCTS,BIO D,HJ244,Toilet Cleaner,Fragrance Free. Angled Head,12 X 750 ML,22.03,1,2.95,,,,,,V,5034938100186,5034938300111,,
DAIRY CHEESE,CALON WEN,CV069,Rossett Red Leicester Cheese,approx. 2.5Kg,PER KG,11.56,,,,,,O,,,,,,
BREADS & BREAD MIXES,DILLON ORGANIC,BT079,Sliced Gluten Free Olive Bread,,4 X 275G,11.98,,3.99,,,G,O,,V,5070000210643,15070000210640,,
COFFEE,GRUMPY MULE,TE130,Easy Does It Decaff Beans,Sourdough & Milk Chocolate,6 X 200G,34.34,,7.65,,F,,O,,V,5060003732518,5060003732525,,
FRUIT & VEGETABLE JUICES,ZINGER,JU571,Ginger Zinger Shot,Pressed ginger root,15 X 70ML,17.75,1,1.89,,,,O,,V,5020934007031,05020934952027,,
HOUSEHOLD CLEANING PRODUCTS,METHOD,HJ359,Floor Cleaner - Rhubarb,Suitable for all floors,6 X 739ML,18.36,1,4.89,,,,,,V,817939019849,10817939019846,,
SUPPLEMENTS & REMEDIES,AYURVEDIQ WELLNESS,VM346,Organic Ashwagandha,With Black Pepper Extract,1 X 120 CAPS,11.21,1,20.99,,,,O,,V,5060514450208,15060514450205,,
FRUIT - DRIED,BULK COMMODITIES,DR025,Peaches - Halves SO2,,12.5 KG,98.08,,,,,,,,V,,,,
CHOCOLATE,RAW HALO,KB065,Mylk & Salted Caramel,,10 X 70G,22.58,1,3.65,,,G,O,S,V,5060430551812,5060430551829,N,
VINEGARS,SUMA ORGANIC,KJ335,Apple Cider Vinegar Organic,Raw with the "Mother",6 X 750ML,13.95,,3.10,,,,O,,V,5017601042815,05017601042808,,
FRUIT & VEGETABLE JUICES,VITACORE,JU303,Blueberry Juice,,6 X 500ML,22.32,1,5.95,,,,O,,V,5034210000012,15034210000019,,
JAMS & FRUIT SPREADS,BIONOVA,JS133,Tangy Marmalade - organic,,6 X 340G,16.05,,3.59,,,,O,S,V,8718754504324,8718754504331,,
BISCUITS CRACKERS & CRISPBREAD,FOODS OF ATHENRY,BT044,Almond & Rosemary Toasts,,12 X 100G,36.92,,4.25,,,G,,S,,5391512392758,05391512392765,,
HOUSEHOLD CLEANING PRODUCTS,BIO D,HJ184,Toilet Cleaner,Pine & Cedarwood,5L,8.79,1,13.99,,,,,,V,5034938100414,,,
DAIRY BUTTER; CREAM & MILK,CALON WEN,CV174,Spreadable Butter,,16 X 250G,52.12,,4.35,,,G,O,,,5060034200499,05060034200505,,
BREADS & BREAD MIXES,DILLON ORGANIC,BT084,Sliced Gluten Free Seeded Brea,,4 X 275G,11.98,,3.99,,,G,O,,V,5070000210636,15070000210633,,
COFFEE,GRUMPY MULE,TE286,Columbia Planadas Ground,Ground-Caramel & Red Fruits,6 X 200G,31.10,,6.95,,F,,O,,V,5060003732297,5060003732334,,
FRUIT & VEGETABLE JUICES,JAMES WHITE,JU064,Apple Juice,,24 X 250ML,25.33,1,1.69,,,,O,,V,5020934025103,05020934822016,,
HOUSEHOLD CLEANING PRODUCTS,METHOD,HJ357,Fabric Softener Concentrated,Tropical Coconut,4 X 0.99L,20.65,1,8.29,,,,,,V,843536183393,10843536183390,,07 OCT 25
SUPPLEMENTS & REMEDIES,AYURVEDIQ WELLNESS,VM443,Organic Cayenne Pepper,600mg Cayenne Per Capsule,1 X 60 CAPS,8.93,1,15.99,,,G,O,,V,5060514450314,15060514450311,,
FRUIT - DRIED,SUMA PREPACKS,DR125,Peaches - SO2,,6 X 250G,15.71,,3.49,,,,,,V,5017601022084,05017601022077,,
CHOCOLATE,RAW HALO,KB103,Mylk Hazelnut Truffle Bar,,8 X 90G,19.78,1,3.95,,,G,O,S,V,5060430551836,5060430551843,N,
CONVENIENCE FOODS,SUMA ORGANIC,VF269,Chickpea & Lentil Daal,Vegan & Organic,12 X 400G,17.98,,2.00,,,,O,S,V,5017601050513,05017601050506,,
SOFT DRINKS,VITA COCO,JU111,Pure Coconut Water,,12 X 330ML,13.00,1,1.69,,,,,S,V,898999000022,898999000046,,
JAMS & FRUIT SPREADS,BIONOVA,JS141,Raspberry Jam - organic,,6 X 340G,22.40,,4.99,,,,O,S,V,8718754501453,8718754501460,,
CAKES,FOODS OF ATHENRY,BT151,Christmas Cake - Gluten Free,marzipan & fondant icing,6 X 600G,54.21,,12.05,,,G,,S,,5391512390693,05391512390716,,
TABLE SAUCES,BIONA,KJ106,Classic Tomato Ketchup Squeezy,,12 X 560G,40.07,,4.45,,,G,O,S,V,5032722313057,05032722650312,,
DRINKS (CHILLED),CALIFIA FARMS,CV685,Extra Creamy Oat Milk,,6 X 750ML,10.41,,2.30,,,,,,V,122000050099,11220000500096,,
ALCOHOLIC DRINKS,DIRTY COW,RT057,Chocolate Cre*m Liqueur,17% ABV. Plant based.,6 X 70CL,90.17,1,24.99,,,G,,S,V,7427135479236,7427135479175,,
FLOURS & BREAD MIXES,EUROSTAR COMMODITIES,FG119,Gluten Free Self-Raising Flour,,8 X 1.5KG,28.07,,4.69,,,G,,,V,5060091115392,5060091115200,N,
COFFEE,GRUMPY MULE,TE289,Easy Does It Decaff Ground,Sourdough & Milk Chocolate,6 X 200G,34.34,,7.65,,F,,O,,V,5060003732495,5060003732501,,
FRUIT & VEGETABLE JUICES,JAMES WHITE,JU599,Pear Juice,Pure pressed pear,24 X 250ML,28.14,1,1.89,,,,O,,V,5020934025110,05020934822023,,
HOUSEHOLD CLEANING PRODUCTS,METHOD,HJ152,Glass Spray,Mint,6 X 828ML,18.46,1,4.89,,,,,,V,817939005538,10843536183147,,
SUPPLEMENTS & REMEDIES,AYURVEDIQ WELLNESS,VM352,Organic Moringa,500mg Moringa Per Capsule,1 X 120 CAPS,10.69,1,19.99,,,,O,,V,5060514450246,15060514450243,,
FRUIT - DRIED,SUMA BAGGED DOWN,DR210,Peaches - SO2,,1 KG,10.65,,,,,,,,V,5017601342106,,,
CHOCOLATE,RAW HALO,KB118,Dark Salt Almond Truffle Bar,,8 X 90G,19.78,1,3.95,,,G,O,S,V,5060430551850,5060430551867,N,
CONVENIENCE FOODS,SUMA,VF770,Cheesy Pasta Pot,with potato & peppers,12 X 400G,24.52,,2.71,,,,,,V,5017601046592,05017601046585,,
CHOCOLATE,VIVANI ORGANIC CHOCOLATE,KB632,85% Dark Chocolate,,10 X 100G,31.20,1,4.99,,,,O,S,V,4044889000054,4044889010053,N,
CRISPS & SNACKS,TRAFO,BT075,Pretzel Sticks,,12 X 100G,13.83,,1.55,,,,O,,V,5400313230050,8712423017306,N,
BISCUITS CRACKERS & CRISPBREAD,FOODS OF ATHENRY,BT049,Cranberry & Hazelnut Toasts,,12 X 100G,36.92,,4.25,,,G,,S,,5391512391867,05391512391935,,
DRINKS (CHILLED),CALIFIA FARMS,CV686,Extra Creamy Almond Milk,,6 X 750ML,10.41,,2.30,,,,,,V,1220000500105,11220000500102,,
ALCOHOLIC DRINKS,DIRTY COW,RT052,Original Cre*m Liqueur,17% ABV. Plant based.,6 X 70CL,90.17,1,24.99,,,G,,S,V,7427135479229,7427135479168,,
FLOURS & BREAD MIXES,EUROSTAR COMMODITIES,FG118,Gluten Free Plain White Flour,,8 X 1.5KG,28.07,,4.69,,,G,,,V,5060091115415,5060091115224,N,
COFFEE,GRUMPY MULE,TE134,Honduras La Labor Ground,Hazelnut & Dark Chocolate,6 X 200G,31.10,,6.95,,F,,O,,V,5060003732327,5060003732365,,
FRUIT & VEGETABLE JUICES,JAMES WHITE,JU398,Prune Juice,,6 X 750ML,17.94,1,4.79,,,,,,V,5020934520042,05020934510036,,
HOUSEHOLD CLEANING PRODUCTS,METHOD,HJ248,Granite Spray,Apple Orchard,8 X 354ML,24.49,1,4.89,,,,,,V,817939005347,10843536180269,,
SUPPLEMENTS & REMEDIES,AYURVEDIQ WELLNESS,VM442,Organic Neem Leaf,600mg Neem Leaf Per Capsule,1 X 60 CAPS,9.49,1,16.99,,,G,O,,V,5060514450307,15060514450304,,
HERBS & SPICES - BULK,BULK WHOLE SPICES,HE050,Peppercorns - black,,25 KG,278.32,,,,,,,,V,,,,02 SEP 25
PASTA SAUCES & PESTOS,MUTTI,LJ207,Tomato Pasta Sauce - Basil,,6 X 400G,13.17,,2.89,,,,,S,V,8005110517006,08005110517020,,
PATE,SUMA ORGANIC,GH048,Hummus - Edamame,Jar,6 X 135G,11.65,,2.59,,,,O,,V,5017601047919,05017601047902,,
CHOCOLATE,VIVANI ORGANIC CHOCOLATE,KB407,92% Dark Choc Panama Estate,,10 X 80G,31.20,1,4.99,,,,O,S,V,4044889002249,4044889012248,N,
BISCUITS CRACKERS & CRISPBREAD,FOODS OF ATHENRY,BT059,Multi-Seed & Cumin Toasts,,12 X 100G,36.92,,4.25,,,G,,S,,5391512392734,05391512392741,,
DRINKS (CHILLED),CALIFIA FARMS,CV702,Simple & Organic Almond Milk,,6 X 750ML,10.41,,2.32,,,,O,,V,120000500129,11220000500126,,
ALCOHOLIC DRINKS,DIRTY COW,RT030,Strawberry Cre*m Liqueur,17% ABV. Plant based.,6 X 70CL,90.17,1,24.99,,,G,,S,V,7427135479151,7427135479144,,
CAKES,EVERFRESH NATURAL FOODS,BT246,Sprouted Banana & Walnut Cake,,8 X 350G,27.29,,4.55,,,,O,,V,5014653026343,5014653026350,,
COFFEE,GRUMPY MULE,TE559,Peru Chiclayo Ground,Dark Chocolate & Citrus,6 X 200G,31.10,,6.95,,F,,O,,V,5060003732310,5060003732358,,
FRUIT & VEGETABLE JUICES,JAMES WHITE,JU863,Pear & Raspberry Juice,,6 X 750ML,21.41,1,5.69,,,,O,,V,5020934000155,05020934001046,,
HOUSEHOLD CLEANING PRODUCTS,METHOD,DY567,Gel Handsoap,Pink Grapefruit,6 X 354ML,9.84,1,2.60,,,,,,V,817939005149,10817939005146,,
SUPPLEMENTS & REMEDIES,AYURVEDIQ WELLNESS,VM350,Organic Shatavari,400mg Shatavari Per Capsule,1 X 120 CAPS,10.69,1,19.99,,,,O,,V,5060514450222,15060514450229,,
SWEET SNACKS,Peppersmith,ZX769,Mighty Pouch Peppermint Gum,,12 X 50G,30.00,1,4.00,,,G,,,V,5060218595144,5060218595175,,
PASTA SAUCES & PESTOS,MUTTI,LJ221,Tomato Pasta Sauce - Olive,,6 X 400G,13.17,,2.89,,,,,S,V,8005110516009,08005110516016,,
PAPER PRODUCTS & STATIONERY,ECOLEAF BY SUMA,NF750,Facial Tissue - Recycled Paper,72 Sheets - Flat Box,18 X 1 BOX,11.22,1,0.99,,,,,,V,5017601052272,05017601052265,,
CHOCOLATE,VIVANI ORGANIC CHOCOLATE,KB452,Espresso Biscotti,,18 X 40G,22.50,1,1.99,,,,O,S,,4044889004502,4044889014501,N,
BISCUITS CRACKERS & CRISPBREAD,FOODS OF ATHENRY,BT058,Multi-Seed Toasts,,12 X 100G,36.92,,4.25,,,G,,S,,5391512391850,05391512391928,,
DRINKS (CHILLED),CALIFIA FARMS,CV693,Simple & Organic Oat Milk,,6 X 750ML,10.42,,2.30,,,,O,,V,1220000500112,11220000500119,,
CHOCOLATE,DIVINE,ZX498,70% Dark Chocolate,,15 X 90G,41.23,1,4.39,,F,,,S,V,5017397001942,5017397002062,N,
CAKES,EVERFRESH NATURAL FOODS,BT242,Sprouted Carrot & Raisin Cake,,8 X 350G,24.67,,4.09,,,,O,,V,5014653026442,05014653026459,,
COFFEE,GRUMPY MULE,TE285,Sumatra Mount Gayo,Cocoa & Warm Spice,6 X 200G,31.10,,6.95,,F,,O,,V,5060003732303,5060003732341,,
FRUIT & VEGETABLE JUICES,ZINGER,JU640,Turmeric Zinger Shot,Pressed turmeric,15 X 70ML,17.79,1,1.89,,,,O,,V,5020934007062,05020934955059,,
HOUSEHOLD CLEANING PRODUCTS,METHOD,DY563,Gel Handsoap,Lavender,6 X 354ML,9.84,1,2.60,,,,,,V,817939005118,10817939005115,,
SUPPLEMENTS & REMEDIES,AYURVEDIQ WELLNESS,VM184,Shilajit,With Organic Ashwagandha,1 X 60 CAPS,13.39,1,23.99,,,G,,,V,5060514450260,15060514450267,,
SWEET SNACKS,PEPPERSMITH,ZX536,Peppermint Fresh Mints,100% Xylitol Dental Packs,12 X 15G,12.50,1,1.69,,,,,,V,96024102,5060218592129,,
PASTA SAUCES & PESTOS,MUTTI,LJ224,Tomato Pasta Sauce - Vegetable,,6 X 400G,13.17,,2.89,,,,,S,V,8005110519000,08005110519048,,
PATES; DIPS & TAPAS (CHILLED),SUMA ORGANIC,CV652,Forest Mushroom Pate,,9 X 150G,20.15,,2.99,,,,O,S,V,5017601052074,05017601052067,,
CHOCOLATE,VIVANI ORGANIC CHOCOLATE,KB430,Black Cherry,,18 X 35G,22.50,1,1.99,,,,O,S,V,4044889002522,4044889012521,N,
CAKES,FOODS OF ATHENRY,BT148,Starry Mince Pies,,12 X 280G,54.21,,6.05,,,G,,S,V,5391512391010,05391512391096,,
DAIRY CHEESE,CALON WEN,CV397,Extra Mature Cheddar Cheese,,12 X 200G,32.77,,3.65,,,,O,,,5060034202028,05060034202028,,
NUT & SEED BUTTERS,CARLEY'S,GH042,Sunflower Butter- Organic,Roasted,6 X 250G,12.13,,2.75,,,,O,,V,5055052620473,15055052620470,,
CHOCOLATE,DIVINE,ZX469,85% Dark Chocolate,,15 X 90G,41.23,1,4.39,,F,,,S,V,5017397001959,5017397002079,N,
CAKES,EVERFRESH NATURAL FOODS,BT366,Sprouted Chocolate Cake,,8 X 350G,25.37,,4.25,,,,O,,V,5014653026305,05014653026329,,
COFFEE,GRUMPY MULE,TE290,Top Notch Beans,Berries & Dark Chocolate,6 X 200G,32.71,,7.29,,F,,O,,V,5060003732457,5060003732464,,
FRUIT & VEGETABLE JUICES,JAMES WHITE,JU431,Tomato Juice,,6 X 750ML,17.94,1,4.79,,,,O,,V,5020934000643,05020934001251,,
HOUSEHOLD CLEANING PRODUCTS,METHOD,HJ111,Gel Handsoap,Sweetwater,6 X 354ML,9.84,1,2.60,,,,,,V,817939005132,10817939005139,,
SUPPLEMENTS & REMEDIES,AYURVEDIQ WELLNESS,VM344,Organic Turmeric,With Ginger & Black Pepper,1 X 120 CAPS,9.62,1,17.99,,,,O,,V,5060514450215,15060514450212,,
SWEET SNACKS,PEPPERSMITH,ZX601,Peppermint Chewing Gum,100% Xylitol Dental Packs,12 X 15G,11.00,1,1.49,,,,,,V,96114247,5060218594123,,
PASTA SAUCES & PESTOS,MUTTI,LJ220,Tomato Pasta Sauce - Chilli,,6 X 400G,13.17,,2.89,,,,,S,V,8005110518003,08005110518034,,
PATES; DIPS & TAPAS (CHILLED),SUMA ORGANIC,CV653,French Style Pate,,9 X 150G,20.15,,2.99,,,,O,S,V,5017601052098,05017601052081,,
CHOCOLATE,VIVANI ORGANIC CHOCOLATE,KB488,Milk & White Cappuccino Choc,,10 X 100G,23.71,1,3.79,,,,O,S,,4044889001075,4044889011074,N,
DESSERTS,FOODS OF ATHENRY,BT150,Christmas Pudding Gluten Free,fruit soaked in cider & brandy,6 X 400G,54.21,,12.05,,,G,,S,,5391512390655,05391512391829,,
DAIRY CHEESE,CALON WEN,CV398,Mellow Cheddar Cheese,,12 X 200G,32.77,,3.65,,,,O,,,5060034202011,05060034202011,,
COFFEE,CLIPPER,TE705,House Blend,,8 X 227 G,38.13,,6.35,,F,,O,,V,5021991245558,05021991245565,,
CHOCOLATE,DIVINE,WS094,70% Dark Chocolate Coins,,25 X 65G,57.15,1,3.69,,F,,,,V,5017397001287,5017397003434,,
CAKES,EVERFRESH NATURAL FOODS,BT241,Sprouted Date & Pecan Cake,,8 X 350G,29.47,,4.89,,,,O,,V,5014653026428,05014653026435,,
COFFEE,GRUMPY MULE,TE718,Columbia Planadas Beans,Beans-Caramel & Red Fruits,6 X 200G,31.10,,6.95,,F,,O,,V,5060003732372,5060003732402,,
FRUIT & VEGETABLE JUICES,JAMES WHITE,JU324,Vegetable Juice,with 10% Apple Juice,6 X 750ML,16.76,1,4.45,,,,O,,V,5020934000636,05020934001244,,
HOUSEHOLD CLEANING PRODUCTS,METHOD,HJ246,Kitchen Spray,Clementine,6 X 828ML,16.29,1,4.35,,,,,,V,817939012413,10843536183123,,
SUPPLEMENTS & REMEDIES,AYURVEDIQ WELLNESS,VM353,Organic Triphala,Alma; Bibhitaki & Haritaki Mix,1 X 120 CAPS,10.69,1,19.99,,,,O,,V,5060514450239,15060514450236,,
HERBS & SPICES - PREPACKED,SUMA PREPACKS,HE001,Peppercorns - black,,6 X 250G,20.48,,4.55,,,,,,V,5017601030010,05017601030003,N,
BISCUITS CRACKERS & CRISPBREAD,RHYTHM 108,BT333,Almond Biscotti,,8 X 135G,21.43,,3.59,,,G,O,,V,7640155340526,7640155340076,,
PASTA,SUMA ORGANIC,WT011,Brown Rice Fusilli Gluten Free,,8 X 500G,19.50,,3.25,,,G,O,,V,5017601041436,05017601041429,,
SNACK BARS & FLAPJACKS,VIVE,BT409,Cherry Bakewell,,15 X 40G,15.21,,1.35,,,G,,S,V,5060594020414,5060594020421,N,
CAKES,FOODS OF ATHENRY,BT106,Traditional Mince Pies,deep fruit filled,24 X 375G,111.51,,6.19,,,,,S,,5391512394295,05391512394301,,
DAIRY CHEESE,CALON WEN,CV624,Rossett Red Cheese,,12 X 200G,32.77,,3.65,,,,O,,,5060034200529,15060034200526,,
MIDDLE EASTERN & AFRICAN FOOD,CARLEY'S,KJ240,Preserved Lemon - Organic,,6 X 700G,27.56,,6.25,,,,O,,V,5055052608709,15055052608706,,
CHOCOLATE,DIVINE,ZX375,Milk Chocolate Giant Coin,,12 X 58G,30.00,1,3.99,,F,,,S,,5017397001249,5017397001256,N,
CAKES,EVERFRESH NATURAL FOODS,BT365,Sprouted Fig & Orange Cake,,8 X 350G,25.37,,4.25,,,,O,,V,5014653026367,05014653026374,,
READY TO EAT FOODS (CHILLED),GOOD NUDE,CV949,Superkraut Spicy Sauerkraut,,6 X 460G,33.08,,7.35,,,,O,,V,5060597740005,15060597740002,,
BISCUITS CRACKERS & CRISPBREAD,KALLO,BT152,Blueberry/Van Rice/Corn Cakes,Jumbo cakes,6 X 131G,14.33,1,3.19,,,G,,S,V,5013665111917,05013665111986,,
HOUSEHOLD CLEANING PRODUCTS,METHOD,HJ057,Laundry Liquid - Concentrated,Berry Bliss. 33 Washes.,4 X 0.99L,21.39,1,8.55,,,,,,V,843536183416,10843536183413,,
SUPPLEMENTS & REMEDIES,AYURVEDIQ WELLNESS,VM441,Organic Tulsi,500mg Tulsi Per Capsule,1 X 60 CAPS,4.47,1,15.99,,,G,O,,V,5060514450291,15060514450298,,03 OCT 25
SWEET SNACKS,PEPPERSMITH,ZX772, Mighty Pouch Peppermint Mint,,12 X 50G,30.00,1,4.00,,,G,,,V,5060218596172,,N,
CHOCOLATE,RHYTHM 108,BT143,Chocolate Salt Caramel Biscuit,Share Bag,8 X 135G,22.29,,3.79,,,G,O,S,V,7640155341059,7640155340311,N,15 SEP 25
PASTA,SUMA ORGANIC,WT013,Brown Rice Penne Gluten Free,,8 X 500G,19.50,,3.25,,,G,O,,V,5017601041450,05017601041443,,
CHOCOLATE,VIVANI ORGANIC CHOCOLATE,KB049,Crunchy Coconut Chocolate Bars,,18 X 35G,22.50,1,1.99,,,,O,S,V,4044889004120,4044889014129,N,
BODY CARE,ATTITUDE,DY837,Sunly After Sun Stick - Mint,Mint & Cucumber,6 X 60ML,60.30,1,18.49,,,,,,V,626232160963,106262321609630,,
DAIRY BUTTER; CREAM & MILK,CALON WEN,CV277,Lightly Salted Welsh Butter,,20 X 250G,69.26,,4.65,,,G,O,,,5060034299905,05060034299929,,
NUT & SEED BUTTERS,CARLEY'S,GH034,Pumpkinseed Butter - og,,6 X 250G,25.11,,5.59,,,,O,,V,5055052620497,15055052620494,,
CHOCOLATE,DIVINE,ZX365,41% Dark Smooth Hazelnut,,15 X 90G,41.23,1,4.39,,F,,,S,V,5017397002307,5017397002314,N,
CAKES,EVERFRESH NATURAL FOODS,BT368,Sprouted Rye Ginger Cake,,8 X 350G,29.47,,4.89,,,,O,,V,5014653026466,05014653026473,,
READY TO EAT FOODS (CHILLED),GOOD NUDE,CV947,Turmeric & Ginger Sauerkraut,,6 X 460G,33.08,,7.35,,,,O,,V,5060597740012,15060597740019,,
BISCUITS CRACKERS & CRISPBREAD,KALLO,BT045,Ancient Grain Corn Cakes,,12 X 150G,23.84,,2.65,,,G,O,,V,5013665114499,05013665145066,,
HOUSEHOLD CLEANING PRODUCTS,Method,HJ335,Laundry Liquid - Concentrated,Peony Blush. 33 Washes,4 X 0.99L,21.39,1,8.55,,,,,,,843536183362,10843536183369,,
ALCOHOL FREE AND LOW ALCOHOL BE,NIRVANA,JU158,Bavarian Helles Lager,,24 X 330ML,38.75,1,2.95,,,,,,V,5060507640258,5060507640241,,
SWEET SNACKS,Peppersmith,ZX771,Mighty Pouch Spearmint Gum,,12 X 50G,30.00,1,4.00,,,G,,,V,,,,
BISCUITS CRACKERS & CRISPBREAD,RHYTHM 108,BT334,Coconut Cookie,,8 X 135G,21.43,,3.59,,,G,O,S,V,7640155340533,7640155340083,,
PASTA,SUMA ORGANIC,WT089,Casarecce Oat Pasta,Made from Oat Flour,12 X 340G,20.17,,2.25,,,G,O,,V,5017601050490,05017601050483,,
SNACK BARS & FLAPJACKS,VIVE,BT410,Chocolate Orange,orange obsession,15 X 40G,15.21,,1.35,,,G,,S,V,5060594020377,5060594020384,N,
BODY CARE,ATTITUDE,DY590,Sunly Lip Balm Coconut SPF15,Coconut,12 X 8.5G,39.00,1,5.79,,,,,,V,626232419856,10626232419853,,
DAIRY BUTTER; CREAM & MILK,CALON WEN,CV204,Unsalted Welsh Butter,,20 X 250G,69.26,,4.65,,,G,O,,,5060034299912,05060034299936,,
CRISPS & SNACKS,EAT REAL,ZX315,Quinoa Chips Cream & Chives,,10 X 90G,12.38,,1.64,,,G,,S,V,5060878780379,25060878780373,N,
CHOCOLATE,DIVINE,KB730,Dark Advent Calendar,70% Dark,12 X 85G,64.29,1,8.59,,F,,,S,V,5017397001782,5017397001799,,
CAKES,EVERFRESH NATURAL FOODS,BT238,Sprouted Ginger Cake,,8 X 350G,29.47,,4.89,,,,O,,V,5014653026404,05014653026411,,
READY TO EAT FOODS (CHILLED),GOOD NUDE,CV948,Supergreens Sauerkraut,with Spirulina,6 X 460G,33.08,,7.35,,,,O,,V,5060597740029,15060597740026,,
BISCUITS CRACKERS & CRISPBREAD,KALLO,BT338,Thin Slice Rice Cake Dark Choc,,22 X 75G,54.51,1,3.99,,,G,O,S,V,5013665117872,05013665148944,,
HOUSEHOLD CLEANING PRODUCTS,METHOD,HJ059,Laundry Liquid - Concentrate,Tropical Coconut. 33 Washes,4 X 0.99L,21.39,1,8.55,,,,,,V,843536183386,10843536183383,,
VERAGES,,,,,,,,,,,,,,,,,,
SWEET SNACKS,PEPPERSMITH,ZX606,Spearmint Chewing Gum,100% Xylitol Dental Packs,12 X 15G,11.00,1,1.49,,,,,,V,96114254,5060218594222,,
CHOCOLATE,RHYTHM 108,KB190,Crispy Hazelnut Praline,,14 X 144G,116.00,1,13.29,,,G,O,S,V,7640155341295,7640155341301,,
PASTA,SUMA ORGANIC,WT077,Linguine Oat Pasta,Made from Oat Flour,12 X 340G,28.40,,3.19,,,G,O,,V,5017601050476,05017601050469,,
CHOCOLATE,VIVANI ORGANIC CHOCOLATE,KB447,Creamy Caramel,,18 X 40G,22.50,1,1.99,,,,O,S,,4044889002515,4044889012514,N,
BODY CARE,ATTITUDE,DY593,Sunly Sunscreen Face Stick,Unscented; Plastic Free; SPF30,8 X 20G,58.63,1,15.99,,,,,,V,10626232460978,626232460971,,
BEANS & PULSES - DRIED,SUMA BAGGED DOWN,PU041,Cannellini Beans - Alubia,,3 KG,9.55,,,,,,,,V,5017601009603,,,
CRISPS & SNACKS,EAT REAL,ZX007,Quinoa Cream & Chive Chips,,18 X 40G,9.16,,0.67,,,G,,S,V,5060878780607,15060878780604,N,
CHOCOLATE,DIVINE,ZX286,70% Dark Chocolate,,30 X 35G,28.64,1,1.55,,F,,,S,V,5017397002512,5017397002581,N,
PAPER PRODUCTS & STATIONERY,EVERCOPY,NF465,A4 Copier Paper High White,Recycled; 80gsm; 500 Sheet,5 X REAM,34.29,1,10.99,,,,,,V,3288580190206,3288585190201,,
SOFT DRINKS,GUSTO,JU223,Fiery Ginger With Jalapeno,Ginger; Agave; Jalapenos,12 X 275ML,14.14,1,1.89,,F,,O,,V,5060042490028,15060042490025,,
BISCUITS CRACKERS & CRISPBREAD,KALLO,BT146,Beetroot Veggie Cakes,,6 X 122G,17.26,,3.85,,,,,S,V,5013665115373,5013665146087,,
HOUSEHOLD CLEANING PRODUCTS,METHOD,HJ249,Multi Purpose Cleaner,Lavender,6 X 828ML,16.29,1,4.35,,,,,,V,817939005248,10843536183185,,
ALCOHOL FREE AND LOW ALCOHOL BE,NIRVANA,JU152,Classic IPA,,12 X 330ML,19.37,1,2.95,,,G,,,V,5060507640128,5060507640326,,
SWEET SNACKS,PEPPERSMITH,ZX026,Extra Strong Mints,Dental Pocket Packs,12 X 15G,12.50,1,1.69,,,,,,V,96044322,5060218592426,,
CHOCOLATE,RHYTHM 108,KB368,Cacao Orange,Swiss Chocolate Tablet,9 X 100G,25.46,1,4.50,,,,O,S,V,7640155340823,7640155340830,N,
PASTA,SUMA ORGANIC,WT009,Corn Rice Penne Gluten Free,,8 X 500G,17.34,,2.89,,,G,O,,V,5017601041412,05017601041405,,
CHOCOLATE,VIVANI ORGANIC CHOCOLATE,KB867,Creme Brulee,,18 X 40G,22.50,1,1.99,,,,O,S,,4044889004793,4044889014884,N,
BODY CARE,ATTITUDE,DY595,Sunly Sunscreen Face Stick,For Sensitive Skin; SPF30,8 X 20G,58.63,1,15.99,,,,,,V,10626232461012,626232461015,,
CANDLES; INCENSE & HOLDERS,MOORLANDS CANDLES,NF326,Candle - Standard 9",8hr burn time; 0.85",6 X PAIRS,32.90,1,8.89,,,,,,,0517601044581,,N,
CRISPS & SNACKS,EAT REAL,ZX314,Quinoa Chips Tomato & Garlic,,10 X 90G,12.38,,1.64,,,G,,S,V,5060878780584,15060878780581,N,
CHOCOLATE,DIVINE,WS177,Milk Chocolate Mini Eggs,smooth caramel centre,14 X 190G,89.93,1,9.99,,,,,,,5017397004707,5017397004707,,
FAR EASTERN FOOD,KING SOBA,WT034,Ginger Miso Ramen Cup,,6 X 85G,10.62,,2.39,,,G,O,,V,619286835000,00619286183507,,
SOFT DRINKS,GUSTO,JU224,Sicilian Blood Orange,Blood Orange and Agave,12 X 275ML,14.14,1,1.89,,F,,O,,V,5060042490011,15060042490018,,
BISCUITS CRACKERS & CRISPBREAD,KALLO,BT810,Milk Chocolate Rice Cakes Thin,,22 X 75G,52.91,1,3.85,,,G,O,S,,5013665117858,05013665148920,,
HOUSEHOLD CLEANING PRODUCTS,METHOD,HJ250,Multi Purpose Cleaner,Pink Grapefruit,6 X 828ML,16.29,1,4.35,,,,,,V,817939005255,10843536183154,,
VERAGES,,,,,,,,,,,,,,,,,,
SWEET SNACKS,PEPPERSMITH,ZX590,Sicilian Lemon Peppermints,100% Xylitol Dental Packs,12 X 15G,12.50,1,1.69,,,,,,V,96031957,5060218592327,,
CHOCOLATE,RHYTHM 108,KB336,Super Coconut Swiss Choc Bar,,15 X 33G,19.09,1,2.05,,,G,O,S,V,7640155340717,07640155340724,N,
CHOCOLATE,VIVANI ORGANIC CHOCOLATE,KB475,Dark Nougat Croccante,,18 X 35G,22.50,1,1.99,,,,O,S,V,4044889002553,4044889012552,N,
BODY CARE,ATTITUDE,DY833,Leaves Bar - Lip Balm Mint,Mint,12 X 8.5G,32.57,1,5.79,,,,,,V,626232119800,10626232119807,,
CANDLES; INCENSE & HOLDERS,MOORLANDS CANDLES,NF294,Candle - Standard 9",8hr burn time; 0.85",3 X PAIRS,17.00,1,9.06,,,,,,,,,,
CRISPS & SNACKS,Eat Real,ZX344,Rose Harissa Hummus Chips,Belazu Limited Edition,10 X 110G,12.38,,1.64,,,G,,S,V,5060878780966,25060878780960,N,
CHOCOLATE,DIVINE,ZX499,Milk Chocolate,,30 X 35G,28.64,1,1.55,,F,,,S,,5017397002529,5017397002598,N,
FAR EASTERN FOOD,KING SOBA,WT055,Classic Miso Ramen Cup,,6 X 85G,10.62,,2.39,,,G,O,,V,619286834003,00619286183408,,
SOFT DRINKS,GUSTO,JU159,Sicilian Lemon with Fresh Yuzu,Lemon and cold pressed Yuzu,12 X 275ML,15.01,1,1.99,,F,,O,,V,5060042490035,15060042490032,,
FAR EASTERN FOOD,KALLO,JP068,Kallo Organic Vegetable Broth,,12 X 500ML,35.00,,3.89,,,G,O,,V,5013665117612,5013665148623,,
HOUSEHOLD CLEANING PRODUCTS,METHOD,HJ338,All Purpose Cleaner - Anti Bac,Wild Rhubarb,6 X 828ML,16.29,1,4.35,,,,,,V,817939012079,10843536183208,,
BAKING SUNDRIES,NIELSEN MASSEY,LJ250,Pure Vanilla Extract,,2 X 6 X 60ML,110.00,,12.25,,,,,S,V,025638710022,05015612501680,,04 SEP 25
SWEET SNACKS,PEPPERSMITH,ZX048,Strawberry Pastilles,,12 X 15G,12.50,1,1.69,,,G,,,V,96146354,5060218592525,,
BISCUITS CRACKERS & CRISPBREAD,RHYTHM 108,BT430,Hazelnut Chocolate Praline,,8 X 135G,22.29,,3.79,,,,O,S,V,7640155340465,7640155340472,,15 SEP 25
CHOCOLATE,VIVANI ORGANIC CHOCOLATE,KB901,Dark 75% Chocolate,With Coconut Blossom Sugar,10 X 80G,26.90,1,4.30,,,,O,S,V,4044889002713,4044889012712,N,
BODY CARE,ATTITUDE,DY598,Leaves Bar - Lip Balm,Unscented,12 X 8.5G,16.29,1,5.79,,,,,,V,626232119848,20626232119842,,03 OCT 25
CANDLES; INCENSE & HOLDERS,MOORLANDS CANDLES,NF323,Candle - Stubby 4.5",0.85",6 X PAIRS,19.30,1,5.19,,,,,,,0517601044567,,N,
CRISPS & SNACKS,EAT REAL,ZX128,Lentil Chips Sea Salt,,10 X 95G,12.38,,1.64,,,G,,,V,5060878780386,25060878780380,N,
CHOCOLATE,DIVINE,WS095,Fairtrade Milk Choc Coins,,25 X 65G,57.14,1,3.69,,F,,,S,,5017397001263,5017397003410,,
FAR EASTERN FOOD,KING SOBA,WT054,Chilli Miso Ramen Cup,,6 X 85G,10.62,,2.39,,,G,O,,V,619286836007,00619286183606,,
SOFT DRINKS,GUSTO,JU376,Naturally Slim Cola,Low cal; Spices; Cola Nut,12 X 275ML,14.14,1,1.89,,F,G,,,V,5060042491339,15060042491336,,
CEREALS & MUESLIS,KALLO,MX004,Cornflakes,,12 X 375G,30.86,,3.45,,,G,O,S,V,5013665117797,5013665148869,,
HOUSEHOLD CLEANING PRODUCTS,METHOD,HJ298,Multi Surface Cleaner Refresh,Concentrated,6 X 240ML,20.48,1,5.49,,,,,,V,843536182037,10843536181938,,
SUPPLEMENTS & REMEDIES,NATURES OWN,VM176,Omega 3 - Vegan,From Marine Algae,1 X 60 CAPS,15.86,1,29.00,,,,,,V,5021758000000,5021758000000,,
FRUIT - DRIED,SUMA PREPACKS,DR124,Pears - SO2,,6 X 250G,16.43,,3.65,,,,,S,V,5017601019589,05017601019572,,
CHOCOLATE & SWEET SPREADS,RHYTHM 108,GH083,Chocolate Hazelnut Spread,,6 X 250G,28.12,,6.29,,,G,O,S,V,7640155340373,7640155340595,,
CHOCOLATE,VIVANI ORGANIC CHOCOLATE,KB851,Dark Choc & Almonds,,10 X 100G,26.90,1,4.30,,,,O,S,,4044889003208,4044889013207,N,
BODY CARE,ATTITUDE,DY608,Leaves Bar - Lip Balm,Watermelon,12 X 8.5G,32.57,1,5.79,,,,,,V,626232119824,20626232119828,,
CANDLES; INCENSE & HOLDERS,MOORLANDS CANDLES,NF325,Beeswax Tree Chime Candles,4" x 0.60",20 X 1 PAIRS,22.00,1,1.79,,,,,,,,5036583237606,N,
CRISPS & SNACKS,EAT REAL,ZX124,Salted Hummus Chips,,10 X 110G,12.38,,1.64,,,G,,,V,5060878780362,25060878780366,N,
CHOCOLATE,DIVINE,ZX370,Milk Chocolate 45% Cocoa,,15 X 90G,41.23,1,4.39,,F,,,S,,5017397002338,5017397002345,N,
BODY CARE,FAITH IN NATURE,DY430,Body Wash - Dragon Fruit,Revitalising,5L,30.00,1,50.00,,,,,,V,0708002905773,,,
SOFT DRINKS,GUSTO,JU222,Cherry Cola,Cherries; blue agave; cola nut,12 X 275ML,14.14,1,1.89,,,,O,,V,5060042490004,15060042490001,,
CAKES,SPECIALITE LOCALE,BT384,Stem Ginger Loaf Cake,,12 X 1 LOAF,39.33,,4.39,,,,,S,V,5010822117058,5010822127057,,
HOUSEHOLD CLEANING PRODUCTS,METHOD,HJ167,Shower Spray,Ylang Ylang,6 X 828ML,16.29,1,4.35,,,,,,V,817939005231,10843536183130,,
SUPPLEMENTS & REMEDIES,NATURES OWN,VM383,Zinc & Copper,15mg/1mg Per Serving,1 X 60 CAPS,10.19,1,18.60,,,,,,V,5060202186563,,,
FRUIT - DRIED,SUMA BAGGED DOWN,DR211,Pears - SO2,,1 KG,10.65,,,,,,,,V,5017601342113,,,
BISCUITS CRACKERS & CRISPBREAD,RHYTHM 108,BT335,Double Choco Hazelnut Biscuits,,8 X 135G,21.43,,3.59,B,,,O,S,V,7640155340502,7640155340069,,
BAKING SUNDRIES,VIVANI ORGANIC CHOCOLATE,KB408,Dark Cooking Chocolate,,10 X 200G,44.86,,5.99,,,,O,S,V,4044889002225,4044889012224,N,
BODY CARE,ATTITUDE,DY834,Sunly Sunscreen Stick Orange,Orange Blossom; Plastic Free,6 X 60G,60.30,1,18.49,,,,,,V,626232460926,10626232460923,,
CANDLES; INCENSE & HOLDERS,MOORLANDS CANDLES,NF520,Candle - Standard 9",Individual Boxes 5 Pairs 0.85",5 X PAIRS,29.00,1,9.29,,,,,,,5017601042570,5017601042563,N,
CRISPS & SNACKS,EAT REAL,ZX160,Tomato & Basil; Hummus Chips,,18 X 45G,9.16,,0.67,,,G,,S,V,5060878780539,15060878780536,N,
CHOCOLATE,DIVINE,ZX001,Dark Chocolate with Mint,,15 X 90G,41.23,1,4.39,,F,,,S,V,5017397001980,5017397002109,N,
BODY CARE,FAITH IN NATURE,DY437,Conditioner-Grapefruit &Orange,Invigorating. Normal/oily hair,5L,36.50,1,59.99,,,,,,V,708002901621,,,29 SEP 25
SOFT DRINKS,GUSTO,JU353,Organic Real Cola,Blue agave; african cola nut,12 X 275ML,14.14,1,1.89,,F,G,O,,V,5060042491322,15060042491329,,
BISCUITS CRACKERS & CRISPBREAD,KALLO,BT244,Kallo Honey Puffed Oat Cakes 1,,118G X 6,17.96,,3.99,,,G,,S,V,5013665117711,5013665148760,,
HOUSEHOLD CLEANING PRODUCTS,METHOD,HJ079,Shower Spray,Passion Fruit,6 X 828ML,16.29,1,4.35,,,,,,V,817939018408,10843536183161,,
SUPPLEMENTS & REMEDIES,NATURES OWN,VM108,Magnesium Citrate,80mg Elemental Magnesium,1 X 90 CAPS,8.69,1,15.60,,,,,,V,5021758003032,,,
BISCUITS CRACKERS & CRISPBREAD,RHYTHM 108,BT115,Double Chocolate Peanut,6-8 Weeks Shelf Life,12 X 50G,15.43,,1.75,,,G,O,S,V,7640155340380,7640155340397,,
CHOCOLATE,VIVANI ORGANIC CHOCOLATE,KB849,Dark Choc & Whole Hazelnuts,,10 X 100G,26.90,1,4.30,,,,O,S,V,4044889003192,4044889013191,N,
BODY CARE,ATTITUDE,DY835,Sunly Sunscreen Stick Children,For Children,8 X 20G,58.63,1,15.99,,,,,,V,626232460995,10626232460992,,
CANDLES; INCENSE & HOLDERS,MOORLANDS CANDLES,NF322,Candle - Stubby Giant 8",22hr burn time; 1.75",1 X 1 PAIR,18.20,1,28.99,,,,,,,5017601044758,5017601044741,,
CRISPS & SNACKS,EAT REAL,ZX121,Tomato & Basil; Hummus Chips,,10 X 110G,12.38,,1.64,,,G,,S,V,5060878780409,25060878780403,N,
CHOCOLATE,DIVINE,ZX422,Orange Milk Chocolate Bars,,30 X 35G,28.64,1,1.55,,F,,,S,,5017397002567,5017397002642,N,
BODY CARE,FAITH IN NATURE,DY436,Shampoo - Grapefruit & Orange,Invigorating. Normal/oily hair,5L,36.50,1,59.99,,,,,,V,708002901614,,,29 SEP 25
COFFEE,GREEN ORIGINS,TE477,Lion's Mane Mushroom Coffee,Coffee Blend,8 X 100G,35.94,,11.99,,,,O,,V,5060426632280,5060426632358,,03 OCT 25
BISCUITS CRACKERS & CRISPBREAD,KALLO,BT096,Mixed Seeds Veggie Thins,,12 X 100G,29.70,,3.29,,,G,,,V,5013665117032,5013665148005,,
HOUSEHOLD CLEANING PRODUCTS,METHOD,HJ093,Foaming Handwash,Sweet Water,6 X 300ML,11.03,1,2.95,,,,,,V,817939005194,10817939005191,,
SUPPLEMENTS & REMEDIES,NATURES OWN,VM252,Vitamin D3 - Vegan,2500iu Per Serving,1 X 60 TABS,5.30,1,9.80,,,,,,V,5021758002905,,,
BISCUITS CRACKERS & CRISPBREAD,RHYTHM 108,BT216,Chocolate Hazelnut Ganache,6-8 Weeks Shelf Life,12 X 50G,15.43,,1.75,,,,O,S,V,7640155340403,7640155340410,,
CHOCOLATE,VIVANI ORGANIC CHOCOLATE,KB243,Dark Marzipan Amaretto,Contains Alcohol,10 X 100G,23.71,1,3.79,,,,O,S,,4044889002171,4044889012170,N,
BODY CARE,ATTITUDE,DY592,Sunly Sunscreen Stick SPF30,Tropical; Plastic Free,6 X 60G,60.30,1,18.49,,,,,,V,626232460919,10626232460916,,
CANDLES; INCENSE & HOLDERS,MOORLANDS CANDLES,NF597,Candle Ivory Standard 9"x0.85",10% Beeswax,10 X 1 PAIRS,23.90,1,3.99,,,,,,,,5036583237088,N,
CRISPS & SNACKS,EAT REAL,ZX095,Veggie Straws Black Pepper,with sea salt,10 X 110G,12.38,,1.64,,,G,,S,V,5060878780751,15060878780758,N,
CHOCOLATE,DIVINE,ZX471,Dark Choc with Ginger & Orange,,15 X 90G,41.23,1,4.39,,F,,,S,V,5017397001928,5017397002048,N,
BODY CARE,FAITH IN NATURE,HJ210,Aluminium Refill Bottle,Reuse and refill bottle,12 X 450ML,24.24,1,4.99,,,,,,V,708002409769,708002419768,,
COFFEE SUBSTITUTES,GREEN ORIGINS,TE483,Matcha Latte Blend,Matcha & Lucuma,8 X 100G,71.88,,11.99,,,,O,,V,5060426632273,5060426632341,,
GRAVY; STOCK & BOUILLON,KALLO,LJ103,Garlic & Herb Stock Cubes,organic,15 X 66G,23.29,,2.09,,,G,O,S,V,5013665101581,05013665101772,N,
HOUSEHOLD CLEANING PRODUCTS,METHOD,DY071,Gel Handsoap,Waterfall,6 X 354ML,9.84,1,2.60,,,,,,V,817939005088,10817939005085,,
SUPPLEMENTS & REMEDIES,NATURES OWN,VM382,High Potency Vitamin B Complex,With Folic Acid & Vitamin C,1 X 60 CAPS,12.06,1,22.00,,,,,,V,5060202186532,,,
BISCUITS CRACKERS & CRISPBREAD,RHYTHM 108,BT431,Hazelnut Chocolate Chip,,8 X 135G,21.43,,3.59,,,,O,S,V,7640155340540,7640155340106,,
CHOCOLATE,ICHOC ORGANIC CHOCOLATE,KB922,Classic Style,,10 X 80G,25.00,1,3.99,,F,,O,S,V,4044889004595,4044889014594,N,
BODY CARE,ATTITUDE,DY591,Sunly Sunscreen Stick SPF30,Unscented; Plastic Free,6 X 60G,60.30,1,18.49,,,,,,V,10626232460909,626232460902,,
CANDLES; INCENSE & HOLDERS,MOORLANDS CANDLES,NF431,Candle - Std Mixed Colours 9",8 hr burn time; 0.85",50 X 1 PAIRS,101.00,1,3.29,,,,,,,,5036583237002,N,
CRISPS & SNACKS,EAT REAL,ZX106,Veggie Straws Paprika & Chilli,,10 X 110G,12.38,,1.64,,,G,,S,V,5060878780744,15060878780741,N,
CHOCOLATE,DIVINE,ZX789,Dark Chocolate with Pink Salt,,15 X 90G,41.23,1,4.39,,F,,,S,V,5017397002024,5017397002147,N,
BODY CARE,FAITH IN NATURE,DY874,Conditioner - Aloe Vera,Rejuvenating. Normal/dry hair,5L,36.50,1,59.99,,,,,,V,708002900525,708002920523,,29 SEP 25
COFFEE SUBSTITUTES,GREEN ORIGINS,TE482,Turmeric Latte Blend,With Pumpkin Powder & Spices,8 X 100G,35.94,,11.99,,,,O,,V,5060426632266,5060426632334,,03 OCT 25
GRAVY; STOCK & BOUILLON,KALLO,LJ171,Low Salt Vegetable Stock Cubes,organic,15 X 60G,23.77,,2.15,,,G,O,S,V,5013665103134,05013665107996,N,
HOUSEHOLD CLEANING PRODUCTS,METHOD,HJ330,Washing Up Liquid,Peach & Pink Pepper,6 X 532ML,15.26,1,4.09,,,,,,V,843536180941,10843536180948,,
FAR EASTERN FOOD,KING SOBA,WT954,Black Rice Noodles,organic,12 X 250G,26.91,,2.99,,,,O,,V,619286609038,00619286619037,,
CHOCOLATE,RHYTHM 108,KB506,Hazelnut Praline Chocolate Bar,,15 X 33G,19.09,1,2.05,,,G,O,S,V,7640155340656,07640155340663,N,
CHOCOLATE,ICHOC ORGANIC CHOCOLATE,KB579,Salty Pretzel,,10 X 80G,25.00,1,3.99,,F,,O,S,V,4044889004649,4044889014648,N,
SOFT DRINKS,ACTI-VIT,JU039,Blackcurrant;Apple;Raspberry,With added vits and minerals,12 X 330ML,8.30,1,1.29,,,G,,,V,05060477670200,015060477670207,,
CANDLES; INCENSE & HOLDERS,MOORLANDS CANDLES,NF130,Candle - Std Multi Col Stripe,,11 X 1 PAIRS,28.00,1,4.09,,,,,,,,5036583237439,N,
CRISPS & SNACKS,EAT REAL,ZX090,Veggie Straws with Sea Salt,,10 X 110G,12.38,,1.64,,,G,,S,V,5060878780713,25060878780717,N,
CHOCOLATE,DIVINE,KB534,Dark Choc with Raspberries,,15 X 90G,41.23,1,4.39,,F,,,S,V,5017397001935,5017397002055,N,
BODY CARE,FAITH IN NATURE,DY877,Body Wash - Aloe Vera,Rejuvenating,5L,30.00,1,50.00,,,,,,V,708002900532,708002920578,,
FRUIT - DRIED,SUMA PREPACKS,DR055,Goji Berries,,6 X 100G,8.98,,1.99,,,,,,V,5017601027737,05017601027720,,
GRAVY; STOCK & BOUILLON,KALLO,LJ122,Mushroom Stock Cubes,organic,15 X 66G,23.29,,2.09,,,G,O,S,V,5013665101598,05013665101789,N,
FAR EASTERN FOOD,KING SOBA,JP087,Brown Rice Paper,,10 X 200G,21.70,,2.89,,,G,O,,V,619286875006,619286875006,,
BISCUITS CRACKERS & CRISPBREAD,RHYTHM 108,BT344,Lemon Ginger Chia Biscuits,,8 X 135G,21.43,,3.59,,,G,O,S,V,7640155340519,7640155340090,,
CHOCOLATE,ICHOC ORGANIC CHOCOLATE,KB898,White Vanilla,,10 X 80G,25.00,1,3.99,,F,,O,S,V,4044889004571,4044889014570,N,
SOFT DRINKS,ACTI-VIT,JU040,Lemon; Lime and Orange,With addedd vits and minerals,12 X 330ML,8.30,1,1.29,,,G,,,V,5060477670194,15060477670191,,
CANDLES; INCENSE & HOLDERS,MOORLANDS CANDLES,NF372,Candle Pastel Shades,10% Beeswax,10 X 1 PAIRS,22.69,1,3.69,,,,,,,5017601052890,05017601052883,N,
CRISPS & SNACKS,EAT REAL,ZX107,Veggie Straws with Sea Salt,,18 X 45G,9.16,,0.67,,,G,,S,V,5060878780737,15060878780734,N,
CHOCOLATE,DIVINE,ZX180,Cappuccino Bar Fairtrade,Milk & White Choc with Coffee,30 X 35G,28.64,1,1.55,,F,,,S,,5017397002574,5017397002635,N,
BODY CARE,FAITH IN NATURE,DY871,Shampoo - Aloe Vera,Rejuvenating. Normal/dry hair,5L,36.50,1,59.99,,,,,,V,708002900518,708002920516,,29 SEP 25
FRUIT - DRIED,SUMA BAGGED DOWN,DR153,Goji Berries,,1 KG,11.35,,,,,,,,V,05017601032489,,,
VEGAN & OAT MILK,KALLO,SY040,Organic Gluten-Free Oat Drink,,6 X 1L,9.13,,2.05,,,G,O,,V,5013665118060,05013665149262,,
FAR EASTERN FOOD,KING SOBA,WT953,Buckwheat & Sweet Potato,organic,12 X 250G,25.20,,2.79,,,,O,,V,0619286609014,00619286619013,,
CHOCOLATE,RHYTHM 108,KB168,Roasted Almond Butter,,9 X 100G,25.46,1,4.50,,,,O,S,V,7640155340847,7640155340854,N,
PASTA,SUMA ORGANIC,WT073,Rigatoni Oat Pasta,Made from Oat Flour,12 X 340G,26.90,,2.99,,,G,O,,V,5017601050452,05017601050445,,
CHOCOLATE,VIVANI,KB165,Lemon Cheesecake Chocolate Bar,,18 X 40G,22.50,1,1.99,,,,O,S,,4044889004861,4044889015065,N,
SOFT DRINKS,ACTI-VIT,JU042,Mango;Pineapple;Passion Fruit,With added vits and minerals,12 X 330ML,8.30,1,1.29,,,G,,,V,015060477670214,015060477670214,,
CANDLES; INCENSE & HOLDERS,MOORLANDS CANDLES,NF373,Candle - Stubby Plant Based,Natural Colour,6 X PAIRS,12.95,1,3.99,,,,,,V,5017601052913,05017601052906,N,10 SEP 25
NUT & SEED BUTTERS,CARLEY'S,GH712,Raw White Almond Butter,,6 X 170G,20.50,,4.65,,,,O,,V,5055052619194,15055052619191,,
CHOCOLATE,DIVINE,WS178,Divine Speckled Milk Chocolate,with hazelnut centre,14 X 150G,89.93,1,9.99,,,,,,,5017397004721,5017397004738,,
BODY CARE,FAITH IN NATURE,DY221,Conditioner - Aloe Vera,Rejuvenating. Normal/dry hair,6 X 400ML,18.86,1,5.35,,,,,,V,708002400520,708002410529,,
FRUIT - DRIED,BULK COMMODITIES,DR643,Goji Berries,Also known as Wolf Berries,5 KG,47.17,,,,,,,,V,05017601045441,,,06 OCT 25
VEGAN & OAT MILK,KALLO,SY039,Organic Oat & Protein Drink,25G Plant Protein,6 X 1L,9.13,,2.05,,,,O,,V,5013665117438,05013665148449,,
FAR EASTERN FOOD,KING SOBA,WT088,Organic Vermicelli Noodles,,12 X 250G,25.20,,2.79,,,,O,,V,0619286901019,00619286911018,,
CHOCOLATE & SWEET SPREADS,RHYTHM 108,GH071,Organic Golden Blonde Spread,Caramel; hazelnut & Sea Salt,6 X 250G,28.12,,6.29,,,G,O,S,V,7640155341196,7640155341202,,
HERBS & SPICES - PREPACKED,SUMA,HE332,Coriander Leaf,,6 X 10G,6.08,,1.35,,,,,,V,5017601006008,05017601006015,N,
CHOCOLATE,VIVANI ORGANIC CHOCOLATE,KB479,Milk Chocolate,,10 X 100G,23.71,1,3.79,,,,O,S,,4044889001037,4044889011036,N,
CANDLES; INCENSE & HOLDERS,MOORLANDS CANDLES,NF436,Plant based; natural colour 9",Rapeseed; Bran & Coconut Oils,6 X PAIRS,18.50,1,4.99,,,,,,V,,,N,
VEGAN YOGHURT,THE COCONUT COLLABORATIVE,CV270,Raspberry Yoghurt,,6 X 350G,9.98,,2.20,,,,,S,V,5060426812583,15060426812580,,
CHOCOLATE,DIVINE,KB459,Milk Choc with Salted Caramel,,15 X 90G,41.23,1,4.39,,F,,,S,,5017397001911,5017397002031,N,
BODY CARE,FAITH IN NATURE,DY844,Shampoo - Aloe Vera,Rejuvenating. Normal/dry hair,6 X 400ML,18.86,1,5.35,,,,,,V,0708002400513,0708002410512,,
CHOCOLATE,GOUPIE,WS009,Boozy Christmas Goupie,,6 X 180G,33.06,1,8.99,,,G,,S,V,5060394000135,5060394000449,N,
GRAVY; STOCK & BOUILLON,KALLO,LJ120,Vegetable Stock Cubes,organic,15 X 66G,23.29,,2.09,,,G,O,,V,5013665103554,05013665103561,N,
FAR EASTERN FOOD,KING SOBA,WT210,100% Buckwheat Noodles,organic,12 X 250G,25.20,,2.79,,,,O,,V,0619286608000,00619286618009,,
CHOCOLATE,RHYTHM 108,KB994,Swiss Chocolate Orange Bar,,15 X 33G,19.09,1,2.05,,,G,O,S,V,7640155340953,07640155340960,N,
HERBS & SPICES - PREPACKED,SUMA,HE333,Curry Leaves,,6 X 5G,7.88,,1.75,,,,,,V,5017601006022,05017601006039,N,
CHOCOLATE,VIVANI ORGANIC CHOCOLATE,KB487,Dark Choc & Peppermint Filling,,10 X 100G,23.71,1,3.79,,,,O,S,,4044889001051,4044889011050,N,
CANDLES; INCENSE & HOLDERS,MOORLANDS CANDLES,NF077,Candle - Std Rainbow Select 9",10 Pairs; 0.85",10 X 1 PAIRS,23.80,1,3.89,,,,,,,,,N,
VEGAN & OAT MILK,BONSOY,SY072,Soya Milk,,6 X 1L,18.85,,4.09,,,,,,V,9312336049013,19312336049034,,
CHOCOLATE,DIVINE,ZX287,White Chocolate Mini Bar,With Madagascan Vanilla,30 X 35G,28.64,1,1.55,,F,,,S,,5017397002536,5017397002604,N,
BODY CARE,FAITH IN NATURE,DY104,Body Wash - Aloe Vera,Rejuvenating,6 X 400ML,15.30,1,4.35,,,,,,V,0708002400537,708002410536,,
BISCUITS CRACKERS & CRISPBREAD,KALLO,BT104,Rosemary & Sea Salt Veggie Ths,,12 X 100G,29.70,,3.29,,,G,,,V,5013665116974,05013665147947,,
FAR EASTERN FOOD,KING SOBA,WT212,Millet & Brown Rice Noodles,organic,12 X 250G,25.20,,2.79,,,,O,,V,619286605009,00619286615008,,
CHOCOLATE & SWEET SPREADS,RHYTHM 108,GH043,Organic Swiss Pistachio Spread,,6 X 250G,32.83,,7.29,,,G,O,S,V,7640155341219,7640155341226,,
FRUIT - CANNED & JARRED,SUMA ORGANIC,KJ700,Organic Young Jackfruit Chunks,in brine,6 X 400G,13.55,,2.99,,,,O,,V,5017601043010,05017601043003,,
CHOCOLATE,VIVANI ORGANIC CHOCOLATE,KB693,Dark Choc & Nougat,,10 X 100G,23.71,1,3.79,,,,O,S,V,4044889001501,4044889011500,N,
CANDLES; INCENSE & HOLDERS,MOORLANDS CANDLES,NF735,Candle - Stumpie 4",3 Pairs; 11hr burn time; 1.75",3 X 1 PAIRS,28.80,1,15.49,,,,,,,,5036583237620,N,
COFFEE,CLIPPER,TE739,House Blend,Medium Roast,6 X 100 G,37.99,,8.45,,F,,O,,V,5021991245497,05021991245503,,
CRISPS & SNACKS,DJ&A,ZX186,Veggie Crisps Hot & Spicy,,9 X 90G,24.04,,3.99,,,,,,V,9345544001214,39345544001215,N,
BODY CARE,FAITH IN NATURE,DY054,Body Wash - Blue Cedar,Uplifting,6 X 400ML,15.30,1,4.35,,,,,,V,708002404672,708002414671,,
BISCUITS CRACKERS & CRISPBREAD,KALLO,BT153,Spinach & Pesto Veggie Cakes,,6 X 122G,17.26,,3.85,,,,,S,V,5013665115397,05013665146100,,
FAR EASTERN FOOD,KING SOBA,WT037,Brown Rice Noodles,organic,12 X 250G,25.20,,2.79,,,,O,,V,0619286603005,00619286613004,,
SOFT DRINKS,PERFECTTED,JU450,Pineapple & Yuzu Energy Drink,With matcha and B vitamins,12 X 250ML,13.20,1,1.99,,,G,,,V,5070000222431,15070000222438,,
CHOCOLATE,RHYTHM 108,KB276,Sweet N Salty Almond Choc Bar,,15 X 33G,19.09,1,2.05,,,G,O,S,V,7640155340687,07640155340694,N,
PATE,SUMA ORGANIC,GH003,Pate - Kidney Bean; Red Pepper,Jar,6 X 140G,11.65,,2.59,,,,O,,V,5017601047896,05017601047889,,
CHOCOLATE,VIVANI ORGANIC CHOCOLATE,KB484,Dark Chocolate & Orange,,10 X 100G,23.71,1,3.79,,,,O,S,V,4044889001013,4044889011012,N,
CANDLES; INCENSE & HOLDERS,MOORLANDS CANDLES,NF422,Candle - Super Giant MixCol 8",40hr burn time; 2.5",8 X 1 SINGLE,54.20,1,10.79,,,,,,,,5036583237378,N,
COFFEE,CLIPPER,TE845,Decaffeinated Ground Coffee,,8 X 227G,44.74,,7.45,,F,,O,,V,5021991245640,05021991645648,,
CRISPS & SNACKS,DJ&A,ZX619,Salt & Vinegar Broccoli Floret,,12 X 25G,27.77,,3.09,,,,,S,V,9345544008275,19345544008272,N,
BODY CARE,FAITH IN NATURE,DY883,Body Wash - Coconut,Hydrating,5L,30.00,1,50.00,,,,,,V,708002900372,708002920370,,
BISCUITS CRACKERS & CRISPBREAD,KALLO,BT251,Kallo Strawberry Puffed Oat Ca,,122G X 6,17.96,,3.99,,,G,,S,V,5013665117735,5013665148784,,
FAR EASTERN FOOD,KING SOBA,WT217,Thai Rice Noodles,organic,12 X 250G,25.20,,2.79,,,,O,,V,0619286606006,00619286616005,,
SOFT DRINKS,PERFECTTED,JU456,Juicy Peach Energy Drink,With matchca and B vitamins,12 X 250ML,13.20,1,1.99,,,G,,,V,5060941970263,15060941970260,,
CHOCOLATE,RHYTHM 108,KB125,Hazelnut Truffle,Swiss Chocolate Tablet,9 X 100G,25.46,1,4.50,,,,O,S,V,7640155340786,07640155340793,N,
BEANS & PULSES - CANNED,SUMA ORGANIC,VF800,Baked Beans - Low Sugar,Organic; Agave Sweetened,12 X 400G,11.05,,1.25,,,,O,,V,5017601042372,05017601032205,,
SNACK BARS & FLAPJACKS,VIVE,BT413,Peanut Butter Jelly,,12 X 49G,13.20,1,1.89,,,,,S,V,5060594020278,15060594020275,N,
CANDLES; INCENSE & HOLDERS,MOORLANDS CANDLES,NF231,Candle - Stumpie 4",1 Pair Boxed; 1.75",1 X 1 PAIR,11.00,1,17.49,,,,,,,0517601044604,,,
COFFEE,CLIPPER,TE849,Italian Style Ground Coffee,,8 X 227G,38.13,,6.35,,F,,O,,V,5021991245626,05021991645624,,
CRISPS & SNACKS,DJ&A,ZX620,Smoked Chilli & Garlic,Shiitake Mushroom Crisps,12 X 30G,27.77,,3.09,,,,,S,V,9345544005960,29345544005964,N,
BODY CARE,FAITH IN NATURE,DY459,Body Wash - Wild Rose,Restoring,5L,30.00,1,50.00,,,,,,V,708002907777,0708002927775,,
BISCUITS CRACKERS & CRISPBREAD,KALLO,BT218,Thai curry veggie cakes,,6 X 122G,17.26,,3.85,,,G,,S,,5013665117193,05013665148203,,
FAR EASTERN FOOD,KING SOBA,WT099,Organic Brown Rice Ramen,,6 X 280G,16.20,,3.59,,,,O,,V,619286609069,00619286619068,,
SOFT DRINKS,PERFECTTED,JU452,Pear & Ginger Energy Drink,With matcha and B vitamins,12 X 250ML,13.20,1,1.99,,,G,,,V,5070000222424,15070000222421,,
SWEET SNACKS,RICOLA,ZX540,Blackcurrant - sugar free,,20 X 45G,17.55,1,1.40,,,,,,V,7610700021682,7610700022283,,
CONVENIENCE FOODS,SUMA,VF012,Mac 'n' Cheeze,Vegan Macaroni & Cheese,12 X 400G,20.57,,2.29,,,,,,V,5017601047971,05017601047964,,
CHOCOLATE,VIVANI,KB169,Pistachio Dubai-Style Choc Bar,,18 X 40G,25.97,1,2.29,,,,O,S,,4044889005134,4044889015133,N,
CANDLES; INCENSE & HOLDERS,MOORLANDS CANDLES,NF291,Christmas Colours Selection,Reds; greens; white,10 X 1 PAIRS,23.90,1,3.99,,,,,S,,,5036583237033,N,
BAKING SUNDRIES,ORGRAN,LJ656,Egg Replacer,,8 X 200 G,20.10,,3.35,,,G,,,V,720516010552,10720516015523,,
BODY CARE,FAITH IN NATURE,DY880,Body Wash - Coconut,Hydrating,6 X 400ML,15.30,1,4.35,,,,,,V,708002400377,708002410376,,
PATE,TARTEX,GH006,Herb Pate - og,,12 X 200G,37.00,,4.15,,,,O,,V,4005514174007,4005514774009,,
FAR EASTERN FOOD,KING SOBA,WT097,Organic Buckwheat Ramen,,6 X 280G,16.20,,3.59,,,,O,,V,619286609076,00619286619075,,
SOFT DRINKS,PERFECTTED,JU449,Apple & Raspberry Energy Drink,With matcha and B vitamins,12 X 250ML,13.20,1,1.99,,,G,,,V,5070000222417,15070000222414,,
SWEET SNACKS,RICOLA,ZX352,Cherry Sugar Free Bag,,12 X 70G,10.31,1,1.40,,,G,,,V,7610700023983,7610700023976,N,
CONVENIENCE FOODS,SUMA,VF057,Makhani Dahl,,12 X 400G,19.83,,2.20,,,,O,,V,5017601052814,05017601052807,,
CHOCOLATE,VIVANI ORGANIC CHOCOLATE,KB480,Milk Choc & Praline Filling,,10 X 100G,23.71,1,3.79,,,,O,S,,4044889001082,4044889011081,N,
NUT & SEED BUTTERS,CARLEY'S,GH215,Raw Almond Butter,,6 X 250G,28.01,,6.35,,,,O,,V,5055052606897,15055052606894,,
VEGETABLES,COOKS & CO,KJ020,Artichoke Bottoms in Brine,,12 X 390G,34.99,,3.89,,,,,,V,5060016800150,05060016820158,,
BODY CARE,FAITH IN NATURE,DY774,Body Wash - Coconut,Hydrating,6 X 500ML,18.86,1,5.35,,,,,,V,0708002170379,0708002180378,,
PATE,TARTEX,GH007,Mushroom pate - og,,12 X 200G,37.00,,4.15,,,,O,,V,4005514174038,4005514774030,,
HOUSEHOLD CLEANING PRODUCTS,METHOD,HJ098,Floor Cleaner - Good for Wood,Almond,6 X 739ML,18.36,1,4.89,,,,,,V,817939005354,10817939005351,,
FAR EASTERN FOOD,KING SOBA,WT951,Pumpkin Ginger & Rice Noodles,organic,12 X 250G,25.20,,2.79,,,,O,,V,619286609007,00619286619006,,
FRUIT - DRIED,BULK COMMODITIES,DR163,Pears - Halves SO2,,12.5 KG,104.00,,,,,,,,V,,,,
SWEET SNACKS,RICOLA,ZX372,Cranberry - sugar free,stevia sweetened,20 X 45G,17.55,1,1.40,,,,,,V,7610700612934,7610700612941,,
MAYONNAISE & SALAD DRESSINGS,SUMA ORGANIC,KJ080,Organic Mayonnaise,,6 X 300G,20.70,,4.65,,,,O,,,5017601036593,8712423018051,,
SNACK BARS & FLAPJACKS,VIVE,BT412,Hazelnut,,12 X 50G,13.20,1,1.89,,,,,S,V,5060594020056,35060594020040,N,
NUT & SEED BUTTERS,CARLEY'S,GH213,Raw Walnut Butter,,6 X 170G,19.62,,4.45,,,,O,,V,5055052618883,15055052618880,,
VEGETABLES,COOKS & CO,KJ088,Artichoke Hearts in Brine,,12 X 390G,35.32,,3.89,,,,,,V,5060016800044,05060016820042,,
BODY CARE,FAITH IN NATURE,DY613,Hand & Body Lotion Coconut,,6 X 400ML,18.86,1,5.35,,,,,,V,0708002400353,0708002410352,,
PATE,TARTEX,GH012,Herb & Garlic Pate - og,,12 X 200G,37.00,,4.15,,,,O,,V,4005514174052,4005514774054,,
HOUSEHOLD CLEANING PRODUCTS,METHOD,HJ243,Wood Polish Spray,Almond,8 X 354ML,24.49,1,4.89,,,,,,V,843536180224,10843536180221,,
FAR EASTERN FOOD,KING SOBA,WT002,Pho Noodles,,12 X 250G,28.88,,2.99,,,G,O,,V,619286609342,00619286619341,,
COFFEE,PERCOL,TE570,Intense Espresso,Strong - 6; 100% Arabica,6 X 100G,19.22,,4.25,,,,,,V,5016311612240,05016311972245,,
SWEET SNACKS,RICOLA,ZX734,Elderflower - sugar free,stevia sweetened,20 X 45G,17.55,1,1.40,,,,,,V,7610700612859,7610700612866,,
CONVENIENCE FOODS,SUMA,VF875,Vegan Meatballs Bolognese,Vegetable Bolognese Sauce,12 X 400G,22.95,,2.54,,,,,S,V,5017601042471,05017601042464,,
CHOCOLATE,VIVANI ORGANIC CHOCOLATE,KB042,Superior Dark 100% Cocoa,with cacoa nibs,10 X 80G,31.20,1,4.99,,,,O,,V,4044889004106,4044889014105,N,
COFFEE,CARAVAN COFFEE ROASTERS,TE119,Daily Blend Coffee Ground,smooth balanced classic blend,6 X 200G,45.00,,9.99,,,,,,V,5060856010191,5060856010276,,
FRUIT - CANNED & JARRED,COOKS & CO,KJ133,Banana Blossom,,6 X 400G,14.80,,3.29,,,,,,V,5060016802987,05060016822985,,
BODY CARE,FAITH IN NATURE,DY614,Hand & Body Lotion - Coconut,,5L,39.29,1,65.00,,,,,,V,708002900358,,,
PATE,TARTEX,GH001,Classic Pate - og,,12 X 200G,37.00,,4.15,,,G,O,,V,4005514174014,4005514774016,,
HOUSEHOLD CLEANING PRODUCTS,METHOD,HJ331,Washing Up Liquid,Coconut Water,6 X 532ML,15.26,1,4.09,,,,,,V,843536180910,10843536180917,,
FAR EASTERN FOOD,KING SOBA,JP089,White Rice Paper,,10 X 200G,21.70,,2.89,,,G,O,,V,619286876003,619286187604,,
COFFEE,PERCOL,TE054,Rich Americano,Rich - 4; 100% Arabica,6 X 100G,22.45,,4.99,,,,,,V,5016311811124,05016311891126,,
SWEET SNACKS,RICOLA,ZX269,Glacier Peppermint -Sugar Free,stevia sweetened,20 X 45G,17.55,1,1.40,,,G,,,V,7610700922491,7610700922507,,
SUGARS & SYRUPS,SUMA ORGANIC,LJ260,Barley Malt Extract - Organic,,6 X 340G,17.95,,3.99,,,,O,,V,5017601047117,05017601047100,,
SNACK BARS & FLAPJACKS,VIVE,BT417,Salted Caramel,,12 X 49G,13.20,1,1.89,,,,,S,V,5060594020049,15060594020046,N,
SUGARS & SYRUPS,BIONA,LJ014,Coconut Palm Sugar - Organic,,5 X 500G,20.88,,5.59,,,,O,,V,5032722312401,05032722652224,,
VEGETABLES,COOKS & CO,KJ370,Borettane Onions in Balsamic,,6 X 280G,17.91,,3.98,,,,,,V,5060016803403,05060016823401,,
BODY CARE,FAITH IN NATURE,DY881,Shampoo - Coconut,Hydrating. Normal/dry hair,5L,36.50,1,59.99,,,,,,V,708002900310,708002920318,,29 SEP 25
GRAVY; STOCK & BOUILLON,KALLO,LJ186,Vegetable Stock Pots,,8 X 4 X 24G,17.33,,2.89,,,G,O,S,V,5013665117278,05013665148265,,
HOUSEHOLD CLEANING PRODUCTS,METHOD,HJ005,Antibacterial Spray,Yuzu Orange,6 X 828ML,16.29,1,4.35,,,,,,V,843536180811,10843536183215,,
BURGERS SAUSAGES & TVP MIXES,SUMA BAGGED DOWN,SY113,Vegan TVP Mince,,1 KG,5.99,,,,,,,,V,5017601008910,,,
COFFEE,PERCOL,TE679,Delicious Decaf,Medium - 3; 100% Arabica,6 X 100G,24.97,,5.55,,F,,,,V,5016311131277,05016311140446,,
SWEET SNACKS,RICOLA,ZX351,Herb - sugar free,stevia sweetened,20 X 45G,17.55,1,1.40,,,,,,V,7610700614266,7610700614273,,
BAGS; BOXES AND BASKETS,SUMA,NF001,Cotton Mesh Produce Bag-Large,Draw String 30cm(w) x 38cm(h),1 X BAG,1.86,1,2.99,,,,O,,V,5017601048879,05017601048862,,
CHOCOLATE,VIVANI ORGANIC CHOCOLATE,KB861,Wafer Praline Bar,,18 X 40G,22.50,1,1.99,,,,O,S,,4044889004786,4044889014877,N,
BODY CARE,BEN & ANNA,DY543,Lip Balm Strawberry Stick,Plastic free,8 X 6G,23.99,1,4.99,,,,,,V,4260491223296,4260491223654,,
FRUIT - CANNED & JARRED,COOKS & CO,KJ012,Pitted Black Cherries,In Light Syrup,6 X 850G,16.09,,3.59,,,,,S,V,5060016800235,05060016820233,,
BODY CARE,FAITH IN NATURE,DY879,Conditioner - Coconut,Hydrating. Normal/dry hair,5L,36.50,1,59.99,,,,,,V,708002900327,708002920325,,29 SEP 25
CHOCOLATE,GOUPIE,WS008,Boozy Christmas Goupie Mini,,10 X 75G,24.11,1,3.99,,,G,,S,V,5060394000616,5060394000647,N,
BISCUITS CRACKERS & CRISPBREAD,KALLO,BT088,Beetroot & Three Seeds Thins,,12 X 100G,29.70,,3.29,,,G,,,V,5013665116998,5013665147961,,
VEGAN & OAT MILK,MINOR FIGURES,SY091,Bag in Box Barista Oat M*lk,Bulk Barista Oat M*lk,1 X 10L,20.74,,,,,,,,V,05060406080575,,,
BURGERS SAUSAGES & TVP MIXES,SUMA PREPACKS,SY109,Vegan TVP Mince,,6 X 250G,11.03,,2.45,,,,,,V,5017601023708,05017601023692,,
COFFEE,PERCOL,TE005,Smooth Colombian,Medium - 3; Arabica,6 X 100G,22.45,,4.99,,,,,,V,5016311130706,05016311139709,,
SUPPLEMENTS & REMEDIES,RICOLA,MD009,Honey; Lemon & Echinacea,,12 X 75G,10.31,1,1.40,,,G,,S,,7610700001417,7610700001363,,
BAGS; BOXES AND BASKETS,SUMA,NF002,Cotton Mesh Produce Bag-Medium,Draw String 25cm(w) x 30cm(h),1 X BAG,1.56,1,2.49,,,,O,,V,5017601048893,05017601048886,,
CHOCOLATE,VIVANI ORGANIC CHOCOLATE,KB476,White Nougat Crisp,Rice Chocolate,18 X 35G,22.50,1,1.99,,,,O,S,V,4044889002546,4044889012545,N,
BODY CARE,BEN & ANNA,DY539,Lip Balm Raspberry stick,Plastic free,8 X 6G,23.99,1,4.99,,,,,,V,4260491222152,4260491223661,,
VEGETABLES,COOKS & CO,KJ090,Dried Porcini Mushrooms,,6 X 40G,29.48,,6.55,,,,,,V,5060016800860,05060016820868,,
BODY CARE,FAITH IN NATURE,DY830,Conditioner - Coconut,Hydrating. Normal/dry hair,6 X 400ML,18.86,1,5.35,,,,,,V,708002400322,708002410321,,
CHOCOLATE,GOUPIE,KB158,Cherry & Almond,,6 X 180G,27.03,1,7.25,,,G,,S,V,5060394000067,5060394000388,N,
BISCUITS CRACKERS & CRISPBREAD,KALLO,BT085,Lentil&Pea Veggie Cake,Sea Salt & Cider Vinegar,6 X 122G,17.26,,3.85,,,G,,,V,5013665116738,5013665147541,,
VEGAN & OAT MILK,MINOR FIGURES,SY228,Everyday Oat - Regular,,6 X 1L,8.26,,1.85,,,,,,V,5060406081657,5060406081664,,
ALCOHOL FREE AND LOW ALCOHOL BE,NORFOLK PUNCH,JU195,Original Norfolk Punch,Non alcoholic herbal drink,6 X 700ML,27.57,1,7.35,,,,,S,,5573063214387,15573063214384,,
COFFEE,PERCOL,TE632,Rich Americano Fairtrade,Plastic-free Packaging,6 X 200G,22.45,,4.99,,F,,O,,V,5016311000023,15016311000020,,
SWEET SNACKS,RICOLA,ZX442,Lemon Mint - sugar free,stevia sweetened,20 X 45G,17.55,1,1.40,,,,,,V,7610700612507,7610700612514,,
BAGS; BOXES AND BASKETS,SUMA,NF003,Cotton Mesh Produce Bag-Small,Draw String 20cm(w) x 25cm(h),1 X BAG,1.43,1,2.29,,,,O,,V,5017601048916,05017601048909,,
SUPPLEMENTS & REMEDIES,VIVO LIFE,VM452,Liquid Vitamin B12 Complex,500mg B12 Per Serving,1 X 60ML,6.90,1,12.74,,,,,,V,5060572520325,15060572520322,,
BODY CARE,BEN & ANNA,DY562,Lip Balm Pure stick,Plastic free,8 X 6G,23.99,1,4.99,,,,,,V,4260491223463,4260491223647,,
JAMS & FRUIT SPREADS,COOKS & CO,JS011,Fig Jam,,6 X 140G,13.96,,3.09,,,,,S,V,5060016803335,05060016823333,,
BODY CARE,FAITH IN NATURE,DY875,Shampoo - Coconut,Hydrating. Normal/dry hair,6 X 400ML,18.86,1,5.35,,,,,,V,708002400315,708002410314,,
CHOCOLATE,GOUPIE,WS132,Mint Chocolates,54% Dark Chocolate,6 X 180G,27.03,1,7.25,,,G,,S,V,5060394000081,5060394000401,N,
BISCUITS CRACKERS & CRISPBREAD,KALLO,BT421,Caramelised Onion Veggie Cakes,,6 X 122G,17.26,,3.85,,,,,S,V,5013665115953,05013665146704,,
CEREALS & MUESLIS,MORNFLAKE,MX015,Honey; Raisin & Almond Crunchy,,12 X 500G,22.55,,2.49,,,,,S,,5010026512055,05010026512048,,
VERAGES,,,,,,,,,,,,,,,,,,
TEAS,PERFECTTED,TE474,Matcha Powder - Organic,Shade grown; ceremonial grade,12 X 30G,107.49,,11.95,,,G,O,,V,5070000222400,15070000222407,,
SWEET SNACKS,RICOLA,ZX350,Liquorice - sugar free,stevia sweetened,20 X 45G,17.55,1,1.40,,,,,,V,7610700626344,7610700626351,,
HERBS & SPICES - PREPACKED,SUMA,HE105,Mulled Wine Spices,6 Mulled Wine Pouches,12 X 25G,48.16,,5.35,,,,,,V,5033146950101,5033146950156,,
SUPERFOODS & SPORTS NUTRITION,VIVO LIFE,VM449,Clean Vegan Protein- Chocolate,21g Protein Per Serving,1 X 960G,18.78,,28.89,,,G,,,V,5060572521384,15060572521381,,
ALCOHOL FREE AND LOW ALCOHOL BE,THREE SPIRIT,JU136,Livener,invigorating botanical elixir,6 X 500ML,82.88,1,22.09,,,G,,S,V,5060658950121,5060658950626,,
JAMS & FRUIT SPREADS,COOKS & CO,JS008,Fig Jam Gift Set,,8 X 3 X 140G,69.42,,11.59,,,,,S,V,5060016803366,05060016823364,,
BODY CARE,FAITH IN NATURE,DY477,Shampoo Bars Coconut SheaButtr,,6 X 85G,25.00,1,7.00,,,,,,V,0708002306204,0708002316203,,
CHOCOLATE,GOUPIE,KB162,Original Goupie,Choc coated toasted rice bites,6 X 180,27.03,1,7.25,,,G,,S,V,5060394000005,5060394000265,N,
BISCUITS CRACKERS & CRISPBREAD,KALLO,BT578,Protein Lentil Cake,,6 X 100G,11.81,,2.65,,,G,,,V,05013665114017,05013665114321,,
VEGAN & OAT MILK,MINOR FIGURES,SY024,Hyper Oat - Mango,Oat m*lk w/green mate; vits,6 X 750ML,12.86,,2.85,,,,,,V,5060406081886,05060406081893,,
CHOCOLATE,NOURISH,KB935,The Berry One,Choc Coconut Brownie Bar,14 X 50G,21.80,,2.29,,,G,,S,V,0754523658582,0754523658605,N,
TEAS,PERFECTTED,TE476,Matcha Powder - Strawberry,Ceremonial grade,12 X 75G,107.49,,11.95,,,G,,S,V,5060941970386,15060941970383,,
CEREALS & MUESLIS,KALLO,MX124,Puffed Rice Cereal - Natural,,8 X 225G,23.71,,3.95,,,G,O,,V,5013665101413,05013665104278,,
SOUPS,SUMA ORGANIC,VF655,Organic Mushroom Soup,with Creamed Coconut,12 X 400G,18.26,,2.03,,,,O,,V,5017601044673,05017601044666,,
SUPERFOODS & SPORTS NUTRITION,VIVO LIFE,VM451,Creatine Monohydrate Powder,Physical & Mental Performance,1 X 252G,9.21,1,16.99,,,G,,,V,5060572521056,15060572521053,,
VERAGES,,,,,,,,,,,,,,,,,,
JAMS & FRUIT SPREADS,COOKS & CO,JS012,Fig & Orange Jam,,6 X 140G,13.96,,3.09,,,,,S,V,5060016803359,05060016823357,,
CRISPS & SNACKS,DJ&A,ZX669,Green Bean Crisps,,10 X 30G,23.14,,3.09,,,,,,V,9345544003263,29345544003267,N,
BODY CARE,FAITH IN NATURE,DY918,Loose Soap - Coconut,,18 X 100G,28.19,1,2.66,,,,,,V,708002600364,,N,
CHOCOLATE,GOUPIE,WS134,Orange Chocolates,,6 X 180G,27.03,1,7.25,,,G,,S,V,5060394000012,5060394000333,N,
CEREALS & MUESLIS,KALLO,MX134,Superfruit Crunch Granola,cranberry; blueberry,5 X 360G,15.56,,4.15,,,,O,S,V,5013665117537,5013665148548,,
VEGAN & OAT MILK,MINOR FIGURES,SY010,Hyper Oat - Matcha,Oat m*lk w/ginseng; spirulina,6 X 750ML,12.86,,2.85,,,,,,V,5060406081862,05060406081879,,
DESSERTS & PUDDINGS (CHILLED),NOURISH,CV640,Caramel Bar,Topped with rich cacao,10 X 60G,21.29,,2.99,,,G,O,,V,0706502232528,0754523658162,N,
TEAS,PERFECTTED,TE475,Matcha Powder - Vanilla,Ceremonial grade,12 X 75G,107.49,,11.95,,,G,,S,V,5060941970379,15060941970376,,
BISCUITS CRACKERS & CRISPBREAD,KALLO,BT184,Corn Cakes  OG,Slightly Salted,12 X 130G,21.79,,2.39,,,G,O,,V,5013665103752,05013665103769,,
PASTA SAUCES & PESTOS,SUMA ORGANIC,VF360,Napoletana Sauce - Organic,From Italian Ingredients,6 X 350G,12.12,,2.49,,,G,O,,V,5017601052357,05017601052340,,
SUPERFOODS & SPORTS NUTRITION,VIVO LIFE,VM448,Clean Vegan Protein - Vanilla,21g Protein Per Serving,1 X 900G,18.78,,28.89,,,G,,,V,5060572521698,15060572521695,,
ALCOHOL FREE AND LOW ALCOHOL BE,THREE SPIRIT,JU140,Nightcap,relaxing botanical elixir,6 X 500ML,82.88,1,22.09,,,G,,,V,5060658950169,5060658950633,,
VEGETABLES,COOKS & CO,KJ369,Grilled Borettane Onions,,6 X 280G,24.13,,5.35,,,,,,V,5060016803397,05060016823395,,
CRISPS & SNACKS,DJ&A,ZX679,Crispy Garlic Cloves,,12 X 45G,27.77,,3.09,,,,,S,V,9345544007025,29345544007029,N,
BODY CARE,FAITH IN NATURE,DY541,Hair Mask Coconut & SheaButter,Hydrating,6 X 300ML,28.29,1,7.99,,,,,,V,708002307782,708002317781,,
CHOCOLATE,GOUPIE,WS135,Sticky Toffee Chocolates,,6 X 180G,27.03,1,7.25,,,G,,S,V,5060394000661,5060394000678,N,
BISCUITS CRACKERS & CRISPBREAD,KALLO,BT298,Beetroot & Balsamic Veggie,Snack Pack,12 X 22G,10.93,,1.19,,,,,,V,5013665116295,5013665147046,,
VEGAN & OAT MILK,MINOR FIGURES,SY028,Hyper Oat - Berry,Oat m*lk w/maca; guarana,6 X 750ML,12.86,,2.85,,,,,,V,5060406081848,5060406081855,,
DESSERTS & PUDDINGS (CHILLED),NOURISH,CV645,Coconutty Bar,Raw Cacao Covered,10 X 60G,21.29,,2.99,,,G,O,,V,0706502232511,0754523658155,N,
BISCUITS CRACKERS & CRISPBREAD,PETER'S YARD,BT118,Oregano & Olive Oil Crackers,,8 X 90G,13.08,,2.20,,,,,S,V,5060198821219,05060198821226,,
SUPPLEMENTS & REMEDIES,RICOLA,MD008,Original Bag,,12 X 75G,10.31,1,1.40,,,G,,S,V,7610700001059,7610700001035,,
CHOCOLATE,BULK COMMODITIES - ORGANIC,KB081,Cacao Nibs - Organic,,15 KG,350.77,,,,,,O,,V,,,,
SUPERFOODS & SPORTS NUTRITION,VIVO LIFE,VM450,Clean Vegan Protein - Vanilla,21g Protein Per Serving,1 X 210G,5.52,,8.49,,,G,,,V,5060572521896,15060572521893,,
VERAGES,,,,,,,,,,,,,,,,,,
FRUIT - CANNED & JARRED,COOKS & CO,KJ104,Whole Green Figs in Syrup,,6 X 410G,11.14,,2.40,,,,,S,,5060016800440,05060016820448,,
CRISPS & SNACKS,DJ&A,ZX188,Crunch Time Original,,9 X 50G,24.04,,3.99,,,,,,V,9345544009289,19345544009286,N,
BODY CARE,FAITH IN NATURE,DY909,Wrapped Soap - Coconut,Hydrating,6 X 100G,12.34,1,3.49,,,,,,V,708002300363,708002310362,,
CHOCOLATE,GOUPIE,KB099,Taste of Christmas,,6 X 180G,33.06,1,8.99,,,G,,S,V,5060394000128,5060394000432,N,
PATE,KALLO,GH033,Spicy Tomato Dip,,6 X 135G,14.91,,3.29,,,G,O,,V,5013665117339,5013665148326,,
VEGAN & OAT MILK,MINOR FIGURES,SY011,Hyper Oat - Turmeric & Ginger,Oat m*lk w/vitamins; iodine,6 X 750ML,12.86,,2.85,,,,,,V,5060406081824,05060406081831,,
CHOCOLATE,NOURISH,KB416,The Nutty One,Choc Coated Coconut Brownie,14 X 50G,21.80,,2.29,,,G,,S,V,0754523658537,0754523658544,N,
BISCUITS CRACKERS & CRISPBREAD,PETER'S YARD,BT120,Pumpkin & Sunflower Seed Crack,,8 X 105G,13.08,,2.20,,,,,S,V,5060198821233,05060198821240,,
SWEET SNACKS,RICOLA,ZX539,Raspberry Mint - sugar free,,20 X 45G,17.55,1,1.40,,,,,,V,7610700021705,7610700022306,,
HERBS & SPICES - PREPACKED,SUMA,HE110,Nutmeg Grater & Nutmegs,In Presentation Box,12 X 15G,33.76,,3.75,,,,,,V,5033146945701,5033146945756,,
SUPPLEMENTS & REMEDIES,VIVO LIFE,VM453,Liquid Vitamin D3 & K2,50mcg D3; 25mcg K2 Per Serving,1 X 50ML,6.90,1,12.74,,,,,,V,5060572521063,15060572521060,,
ALCOHOL FREE AND LOW ALCOHOL BE,THREE SPIRIT,JU138,Social,herbal botanical elixir,6 X 500ML,82.88,1,22.09,,,G,,,V,5060658950008,5060658950619,,
VEGETABLES,COOKS & CO,KJ019,Hearts of Palm,,12 X 400G,32.71,,3.65,,,,,,V,5060016800709,05060016820707,,
CRISPS & SNACKS,DJ&A,ZX080,Yellow Sweet Potato Crisps,,10 X 55G,23.14,,3.49,,,,,,V,19345544002508,9345544002501,N,
BODY CARE,FAITH IN NATURE,DY442,Conditioner - Wild Rose,Restoring. Normal/Dry Hair,5L,36.50,1,59.99,,,,,,V,708002907722,0708002927720,,29 SEP 25
CHOCOLATE,GOUPIE,KB144,Taste of Christmas Mini,,10 X 75G,24.11,1,3.99,,,G,,S,V,5060394000609,5060394000630,N,
CEREALS & MUESLIS,KALLO,MX128,Three Nut Crunch Granola,,5 X 360G,15.56,,4.15,,,,O,S,V,5013665117551,5013665148562,,
VEGAN & OAT MILK,MINOR FIGURES,SY172,Masala Chai Organic,3:1 Concentrate,6 X 1L,21.74,,4.85,,,,O,S,V,05060406081299,5060406081282,,
CHOCOLATE,NOURISH,KB937,The Orange One,Choc coconut brownie bar,14 X 50G,21.80,,2.29,,,G,,S,V,0754523658575,0754523658599,N,
BISCUITS CRACKERS & CRISPBREAD,PETER'S YARD,BT399,Fig & Spelt Sourdough Crackers,,8 X 100G,13.07,,2.20,,,,,,,5060198820090,05060198820656,,
BISCUITS CRACKERS & CRISPBREAD,KALLO,BT034,Original Wholegrain Rice Cakes,Salted,12 X 130G,20.60,,2.29,,,G,O,,V,5013665100065,05013665101536,,
BEANS & PULSES - CANNED,SUMA ORGANIC,VF300,Black Chickpeas - Organic,,12 X 400G,9.87,,1.09,,,,O,,V,5017601041696,05017601041689,,
SUPPLEMENTS & REMEDIES,VIVO LIFE,VM454,Liquid Plant-Based Omega 3,EPA & DHA From Algea Source,1 X 60ML,12.89,1,23.79,,,,,,V,5060572521933,15060572521930,,
VERAGES,,,,,,,,,,,,,,,,,,
NUT & SEED BUTTERS,CARLEY'S,GH216,Economy Org Raw Almond Butter,,6 X 500G,53.47,,11.89,,,,O,,V,5055052606880,15055052606887,,
VEGETABLES,COOKS & CO,KJ178,Red & Green Jalapenos,w/ Yellow Banana Peppers,6 X 290G,11.74,,2.59,,,,,,V,5060016803328,05060016823326,,
CRISPS & SNACKS,DJ&A,ZX081,Shiitake Mushroom Crisp-Gravy,,12 X 30G,27.80,,3.49,,,,,,V,9345544008503,19345544008500,N,
BODY CARE,FAITH IN NATURE,DY981,Body Wash - Dragon Fruit,Revitalising,6 X 400ML,15.30,1,4.35,,,,,,V,708002405778,708002415777,,
CHOCOLATE,GOUPIE,WS120,White Christmas Goupie,,6 X 160G,33.06,1,8.99,,,G,,S,V,5060394000227,5060394000463,N,
PATE,KALLO,GH036,Tomato & Olives Dip,,6 X 135G,14.91,,3.29,,,G,O,,V,5013665117353,5013665148340,,
VEGAN & OAT MILK,MINOR FIGURES,SY171,Oat M*lk - Barista,Foamable; for use in coffee,6 X 1L,8.24,,1.85,,,,,,V,5060406080223,05060406080230,,
DESSERTS & PUDDINGS (CHILLED),NOURISH,CV646,Raspbounty Bar,,10 X 60G,21.29,,2.99,,,G,O,,V,0754523658124,0754523658186,N,
BISCUITS CRACKERS & CRISPBREAD,PETER'S YARD,BT233,Original Sourdough Crackers,,8 X 90G,13.07,,2.20,,,,,,,5060198820052,05060198820632,,
SOUPS,RIFCO,VF233,Mexican Bean Soup,,6 X 400G,11.20,,2.49,,,,O,,V,5034736000039,15034736000036,,
PASTA,SUMA ORGANIC,WT017,White Fusilli Pasta,Organic,12 X 500G,19.32,,2.15,,F,,O,,V,5017601048756,05017601048749,,
SUPERFOODS & SPORTS NUTRITION,VIVO LIFE,VM444,Perform Plant Protein - Cacao,25g Protein Per Serving,1 X 988G,20.71,1,38.24,,,G,,,V,5060572521124,15060572521121,,
BODY CARE,BEN & ANNA,DY458,Deodorant - Cherry Blossom,Stick Deodorant In Paper Tube,1 X 40G,5.00,1,8.45,,,,O,,V,4260491222954,,,
CHOCOLATE,CAROBOO,ZX522,Raspberry & Honeycomb Crunch,,20 X 32G,19.43,1,1.55,,,G,,S,V,5060742480244,15060742480241,N,
GRAINS,COOKS & CO,QS046,Lemon & Pea Risotto,,6 X 190G,14.10,,3.15,,,,,,V,5060016802505,05060016822503,,
CRISPS & SNACKS,DJ&A,ZX681,Mixed Mushroom Crisps,Shiitake; Nameko & Oyster,12 X 30G,27.77,,3.09,,,,,,V,9345544007100,29345544007104,N,
BODY CARE,FAITH IN NATURE,DY919,Conditioner - Dragon Fruit,Revitalising. All hair types,6 X 400ML,18.86,1,5.35,,,,,,V,708002405723,708002415722,,
CHOCOLATE,GOUPIE,WS121,White Christmas Goupie Mini,,10 X 75G,24.11,1,3.99,,,G,,S,V,5060394000623,5060394000654,N,
DRINKS (CHILLED),KARMA,CV318,Apple Kombucha,,6 X 1L,19.72,1,5.29,B,F,G,O,S,V,3760192494809,03760192494816,,
VEGAN & OAT MILK,MINOR FIGURES,SY196,Organic Barista Oat Drink,Formulated for Coffee,6 X 1L,8.80,,1.95,,,,O,,V,5060406080452,05060406080469,,
CEREALS & MUESLIS,NATURES PATH ORGANIC,MX079,Choco Chimps,,4 X 284G,13.81,,4.59,,,G,O,S,V,0058449185017,10058449185014,,
BISCUITS CRACKERS & CRISPBREAD,PETER'S YARD,BT503,Sourdough C/Bread - Peppercorn,,8 X 90G,13.08,,2.20,,,,,,,5060198820915,,,
SOUPS,RIFCO,VF225,Moroccan Chickpea Soup,,6 X 400G,11.20,,2.49,,,,O,,V,5034736000046,15034736000043,,
PASTA,SUMA ORGANIC,WT062,White Macaroni Pasta,Organic,12 X 500G,19.32,,2.15,,F,,O,,V,5017601049074,05017601049067,,
SUPERFOODS & SPORTS NUTRITION,VIVO LIFE,VM446,Perform Plant Protein - Cacao,25g Protein Per Serving,1 X 266G,6.44,1,11.89,,,G,,,V,5060572521988,15060572521985,,
BODY CARE,BEN & ANNA,DY065,Soda Deodorant - Coco Mania,,1 X 40G,4.29,1,7.45,,,,O,,V,4260491222213,4260491222343,,
CHOCOLATE,CAROBOO,ZX516,Salted Caramel Nutty Bar,Caffeine Free Carob Bar,20 X 32G,19.43,1,1.55,,,G,,S,V,5060742480237,15060742480234,N,
VEGETABLES,COOKS & CO,KJ093,Mixed Forest Mushrooms,,6 X 40G,17.65,,3.89,,,,,,V,5060016800877,05060016820875,,
CRISPS & SNACKS,DJ&A,ZX190,Tempura Veggie Crisps,,9 X 70G,24.04,,3.99,,,,,,V,9345544010124,19345544010121,N,
BODY CARE,FAITH IN NATURE,DY920,Shampoo - Dragon Fruit,Revitalising. All hair types,6 X 400ML,18.86,1,5.35,,,,,,V,708002405716,708002415715,,
BURGERS SAUSAGES & TVP MIXES,GORDON RHODES,VF024,Apple; Apricot & Bay Stuffing,,5 X 125G,13.93,,3.69,,,G,,S,V,5060131730691,5060131730714,,
SOFT DRINKS,KARMA DRINKS,JU165,Cherry Lee,Organic and Fairtrade,24 X 250ML,22.29,1,1.49,,F,G,O,S,V,05061070850075,15061070850072,,
VEGETABLES,MERCHANT GOURMET,VF145,Chestnut Puree,,6 X 200G,9.40,,2.09,,,,,,V,5056215600240,15056215600247,,
CEREALS & MUESLIS,NATURES PATH ORGANIC,MX602,Gorilla Munch,,4 X 300G,13.63,,4.55,,,G,O,S,V,0058449191179,10058449191176,,
BISCUITS CRACKERS & CRISPBREAD,PETER'S YARD,BT007,Rosemary & Sea Salt,,8 X 90G,13.07,,2.20,,,,,S,V,5060198820847,05060198821127,,
SOUPS,RIFCO,VF220,Balinese Lentil & Pepper Soup,,6 X 400G,11.20,,2.49,,,,O,,V,5034736000053,15034736000050,,
PASTA,SUMA ORGANIC,WT019,Tricolore Fusilli Pasta,Organic,12 X 500G,22.40,,2.49,,F,,O,,V,5017601048732,05017601048725,,
BODY CARE,BEN & ANNA,DY564,Deodorant Cream - Love Me,Fragranced,1 X 40G,4.98,1,8.95,,,,,,V,4260491223357,4260491223357,,
CHOCOLATE,CAROBOO,ZX985,Coconut Bar,Caffeine Free Carob Bar,20 X 35G,19.43,1,1.55,,,G,,S,V,5060742480206,15060742480203,N,
VEGETABLES,COOKS & CO,KJ372,Diavulillo Mixed Spicy Vegetab,In Oil,6 X 280G,20.04,,4.45,,,,,,V,5060016803427,05060016823425,,
CRISPS & SNACKS,DJ&A,ZX058,Broccoli Florets,vacuum cooked,12 X 25G,27.77,,3.49,,,,,,V,9345544006752,39345544006753,N,
BODY CARE,FAITH IN NATURE,DY427,Body Wash - Fragrance Free,Sensitive,5L,30.00,1,50.00,,,,,,V,0708002901973,0708002921971,,
BURGERS SAUSAGES & TVP MIXES,GORDON RHODES,VF049,Gourmet Bread Sauce Mix,,5 X 125G,13.14,,3.49,,,G,,S,,5060131730226,5060131730400,,
BISCUITS CRACKERS & CRISPBREAD,DR KARG,BT812,Classic 3 Seed Crispbread,Wholegrain; organic,8 X 200G,20.11,,3.39,,,,O,,V,4033634061006,04033634866007,,
VEGETABLES,MERCHANT GOURMET,VF146,Whole Chestnuts,,6 X 180G,14.20,,3.15,,,,,,V,5056215600233,15056215600230,,
CEREALS & MUESLIS,NATURES PATH ORGANIC,MX194,Maple Sunrise,,4 X 332G,14.27,,4.75,,,G,O,S,V,1058449771999,10058449771996,,
BISCUITS CRACKERS & CRISPBREAD,PETER'S YARD,BT504,Sourdough Crispbread Selection,Rosemary; Charcoal & Original,6 X 270G,23.72,,5.27,,,,,S,,5060198820892,05060198821189,,
SOUPS,RIFCO,VF114,Sri Lankan Lentil & Coconut,,6 X 400G,11.20,,2.49,,,,O,,V,5034736000060,15034736000067,,
OILS & FATS,SUMA ORGANIC,GT019,Italian Organic Olive Oil,Extra Virgin,4 X 3L,192.00,,64.00,,,,O,,V,5017601030911,05017601030904,,
BODY CARE,BEN & ANNA,DY076,Soda Deodorant - Green Fusion,,1 X 40G,4.29,1,7.45,,,,O,,V,4260491222220,4260491222350,,
CHOCOLATE,CAROBOO,ZX990,Mint Bar,Caffeine Free Carob Bar,20 X 35G,19.43,1,1.55,,,G,,S,V,5060742480220,15060742480227,N,
VEGETABLES,COOKS & CO,KJ188,Pepperoncini Peppers,,6 X 280G,8.77,,1.95,,,,,,V,5060016802451,05060016822459,,
CRISPS & SNACKS,DJ&A,ZX059,Crispy Beetroot Slices,vacuum cooked,10 X 35G,23.14,,3.49,,,,,,V,9345544001511,49345544001519,N,
BODY CARE,FAITH IN NATURE,DY044,Body Wash - Fragrance Free,Sensitive,6 X 400ML,15.30,1,4.35,,,,,,V,0708002401978,0708002411977,,
SOFT DRINKS,GRASS & CO.,JU457,FOCUS - Lion's Mane With Lemon,& Elderflower,12 X 250ML,16.32,1,2.49,,,G,,,V,5060699400562,15060699400569,,
SOFT DRINKS,KARMA DRINKS,JU749,Karma Cola - sugar free,,24 X 250ML,22.29,1,1.49,,,,,,V,9421902090707,09421902090714,,
FLAKES; BRANS & WHEATGERM,SUMA PREPACKS - ORGANIC,FX031,Organic Millet Flakes,,6 X 500G,20.66,,4.59,,,,O,,V,5017601018285,05017601018704,,
CEREALS & MUESLIS,NATURES PATH ORGANIC,MX885,Mesa Sunrise,,4 X 355G,14.80,,4.95,,,G,O,S,V,058449771890,10058449771897,,
BISCUITS CRACKERS & CRISPBREAD,PETER'S YARD,BT173,Sourdough Flatbreads Seeded,,6 X 135G,12.80,,2.85,,,,,,V,5060198820717,05060198820748,,
CONVENIENCE FOODS,RIFCO,VF108,Spanish Chickpea Casserole,,6 X 400G,15.70,,3.49,,,,O,,V,5034736000008,15034736000005,,
OILS & FATS,SUMA ORGANIC,GT017,Italian Organic Olive Oil,Extra Virgin,6 X 500ML,52.00,,11.65,,,,O,,V,5017601030874,05017601030867,,
BODY CARE,BEN & ANNA,DY462,Deodorant - Highland Breeze,Stick Deodorant In Paper Tube,1 X 40G,5.00,1,8.45,,,,O,,V,4260491222947,,,
CHOCOLATE,CAROBOO,ZX987,Caroboo Orange Bar,Caffeine Free Carob Bar,20 X 35G,19.43,1,1.55,,,G,,S,V,5060742480213,15060742480210,N,
GRAINS,COOKS & CO,QS053,Porcini Mushroom Risotto,,6 X 190G,14.10,,3.15,,,,,,V,5060016802925,05060016822923,,
CRISPS & SNACKS,DJ&A,ZX735,Kyoho Grapes,,10 X 25G,26.71,,3.59,,,,,,V,9345544008886,19345544008883,N,
BODY CARE,FAITH IN NATURE,DY033,Conditioner - Fragrance Free,Sensitive. For all hair types,6 X 400ML,18.86,1,5.35,,,,,,V,708002401923,708002411922,,
SOFT DRINKS,GRASS & CO.,JU458,POWER - Shiitake With Ginger,& Lime,12 X 250ML,16.32,1,2.49,,,G,,,V,5060699400586,15060699400583,,
SOFT DRINKS,KARMA DRINKS,JU075,Karma Cola,Organic and Fairtrade,24 X 300ML,34.97,1,2.35,,F,,O,S,V,9421902090028,09421902090462,,
FLAKES; BRANS & WHEATGERM,BULK COMMODITIES - ORGANIC,FX053,Millet Flakes - Organic,,25 KG,118.45,,,,,,O,,V,,,,
CEREALS & MUESLIS,NATURES PATH ORGANIC,MX884,Millet Rice,No longer gluten free,4 X 375G,12.84,,4.29,,,,O,,V,058449770077,10058449790171,,
BISCUITS CRACKERS & CRISPBREAD,PETER'S YARD,BT170,Sourdough Flatbreads Sea Salt,,6 X 115G,12.80,,2.85,,,,,,V,5060198820694,5060198820724,,
CONVENIENCE FOODS,RIFCO,VF100,Thai Green Curry Organic,with tofu & vegetables,6 X 400G,15.70,,3.49,,,,O,,V,5034736000015,15034736000012,,
OILS & FATS,SUMA ORGANIC,GT018,Italian Organic Olive Oil,Extra Virgin,6 X 750ML,77.90,,17.40,,,,O,,V,5017601030898,05017601030881,,
BODY CARE,BEN & ANNA,DY083,Soda Deodorant - Mint,,1 X 40G,4.29,1,7.45,,,,O,,V,4260491222244,4260491222374,,
DESSERTS & PUDDINGS (CHILLED),CARTMEL STICKY TOFFEE PUDDING,CV605,Sticky Toffee Pudding,Serves 2-3 People,250G,3.11,,4.15,,,,,S,,5060035570010,,,
VEGETABLES,COOKS & CO,KJ017,Roasted Red Peppers,,6 X 460G,20.70,,4.59,,,,,,V,5060016801430,05060016821438,,
CRISPS & SNACKS,DJ&A,ZX991,Blueberries,,10 X 25G,30.01,,3.99,,,,,,V,9345544006073,29345544006077,N,
BODY CARE,FAITH IN NATURE,DY032,Shampoo - Fragrance Free,Sensitive. All hair types,6 X 400ML,18.86,1,5.35,,,,,,V,708002401916,708002411915,,
BURGERS SAUSAGES & TVP MIXES,GORDON RHODES,VF034,Chestnut & Cranberry Stuffing,,5 X 125G,13.93,,3.69,,,G,,S,V,5060131730707,5060131730721,,
SOFT DRINKS,KARMA DRINKS,JU616,Karma Cola,Organic and Fairtrade,24 X 250ML,22.29,1,1.49,,F,,O,S,V,9421902090349,09421902090400,,
GRAINS,SUMA BAGGED DOWN - ORGANIC,QS092,Millet - organic,,3 KG,8.85,,,,,,O,,V,5017601480921,,,
CONVENIENCE FOODS,NICE RICE,QS127,Coconut & Lemongrass Basmati,,6 X 250G,9.60,,2.15,,,,,,V,5065016009053,15065016009050,,
BISCUITS CRACKERS & CRISPBREAD,PETER'S YARD,BT219,Swedish Crispbread - with hole,,8 X 145G,19.31,,3.35,,,,,,,5060198820083,05060198821103,,
PASTA,SUMA ORGANIC,WT020,White Penne Pasta,Organic,12 X 500G,19.32,,2.15,,F,,O,,V,5017601048794,05017601048787,,
BODY CARE,BEN & ANNA,DY816,Soda Deodorant - Pink G/Fruit,,1 X 40G,4.29,1,7.45,,,,O,,V,4260491222282,4260491222398,,
DESSERTS & PUDDINGS (CHILLED),CARTMEL STICKY TOFFEE PUDDING,CV152,Sticky Toffee Pudding,Serves 3-4 people,390G,4.69,,6.25,,,,,S,,5060035570027,,,
VEGETABLES,COOKS & CO,KJ132,Roasted Red Pepper Strips,,6 X 300G,8.00,,1.79,,,,,S,V,5060016802871,05060016822879,,
CRISPS & SNACKS,DJ&A,ZX728,Strawberries,,10 X 25G,23.14,,3.09,,,,,,V,49345544001205,9345544001207,N,
BODY CARE,FAITH IN NATURE,DY508,Conditioner-Grapefruit &Orange,Invigorating. Normal/oily hair,6 X 400ML,18.86,1,5.35,,,,,,V,708002401626,708002411625,,
SOFT DRINKS,GRASS & CO.,JU459,RELAX - Reishi With Chamomile,& Peach,12 X 250ML,16.32,1,2.49,,,G,,,V,5060699400579,15060699400576,,
SOFT DRINKS,KARMA DRINKS,JU750,Karma Cola - Sugar Free,,24 X 300ML,34.97,1,2.35,,,,,,V,9421902090660,09421902090691,,
SNACK BARS & FLAPJACKS,MISFITS,KB634,Brownie Batter Protein Bar,Plant Based,15 X 50G,19.30,1,2.05,,,,,,V,5060501564628,5060501564635,N,
CONVENIENCE FOODS,NICE RICE,QS084,Smokey Chipotle Basmati Rice,,6 X 250G,9.60,,2.15,,,,,,V,5065016009077,15065016009074,,
FLOURS & BREAD MIXES,BULK COMMODITIES,FG048,Potato Starch,,25 KG,46.88,,,,,,,,V,,,,
PASTA,SUMA ORGANIC,WT200,Orecchiette Pasta,Organic,12 X 500G,19.32,,2.15,,F,,O,,V,5017601052234,05017601052227,,
BODY CARE,BEN & ANNA,DY185,Soda Deodorant - Persian Lime,,1 X 40G,4.29,1,7.45,,,,O,,V,4260491222275,4260491222381,,
HOUSEHOLD PRODUCTS,IF YOU CARE,NF338,Firelighters,72\Pack. FSC Wood&Veg Oil,12 X 1 PACK,45.43,1,6.09,,,,,,V,770009250330,10770009250337,,
VEGETABLES,COOKS & CO,KJ187,Roasted Red & Yellow Peppers,,6 X 460G,18.19,,4.05,,,,,,V,5060016802888,05060016822886,,
CRISPS & SNACKS,DJ&A,ZX340,Raspberries - Freeze Dried,vacuum cooked,10 X 20G,30.00,,3.99,,,,,,V,9345544002983,29345544002987,N,
BODY CARE,FAITH IN NATURE,DY772,Body Wash - Grapefruit&Orange,Energising,6 X 500ML,18.86,1,5.35,,,,,,V,0708002171673,0708002181672,,
BURGERS SAUSAGES & TVP MIXES,GORDON RHODES,VF045,Sage & Red Onion Stuffing,,5 X 125G,12.43,,3.29,B,,G,,S,V,5060131730745,5060131730738,,
BISCUITS CRACKERS & CRISPBREAD,DR KARG,BT815,Emmental Cheese & Pumpkin Seed,Organic wholegrain crispbread,8 X 200G,23.54,,3.99,,,,O,,,4033634061020,04033634866021,,
SNACK BARS & FLAPJACKS,MISFITS,KB622,Cookie Butter Protein Bar,Plant Based,15 X 50G,19.30,1,2.05,,,,,,V,5060501564475,5060501564482,N,
CONVENIENCE FOODS,NICE RICE,QS076,White Basmati Rice,cooked & ready to heat,6 X 250G,9.00,,1.99,,,,,,V,5070000525822,15070000525829,,
COFFEE SUBSTITUTES,THE CHICORY CO,TE728,Chicory Drink - Cocoa,Hot Chocolate style drink,6 X 100G,20.00,,4.45,,,G,,,V,5060221550222,15060221550229,,
PASTA,SUMA ORGANIC,WT175,Orzo Pasta,Organic,12 X 500G,19.32,,2.15,,F,,O,,V,5017601052173,05017601052166,,
BODY CARE,BEN & ANNA,DY077,Soda Deodorant - Urban Black,,1 X 40G,4.29,1,7.45,,,,O,,V,4260491222237,4260491222367,,
HOUSEHOLD PRODUCTS,IF YOU CARE,NF491,Firelighters,28\Pack. FSC Wood&Veg Oil,12 X 28,20.06,1,2.69,,,,,,V,770009250347,10770009250344,,
VEGETABLES,COOKS & CO,KJ078,Sweety Drop Peppers,,6 X 235G,19.38,,4.29,,,G,,,V,5060016802680,05060016822688,,
CRISPS & SNACKS,DJ&A,ZX068,Shiitake Mushroom Crisps,vacuum cooked,12 X 30G,27.77,,3.49,,,,,,V,9345544001580,59345544001585,N,
BODY CARE,FAITH IN NATURE,DY501,Body Wash - Grapefruit &Orange,Energising,6 X 400ML,15.30,1,4.35,,,,,,V,708002401671,708002411670,,
BODY CARE,BADGER,DY411,Lip Balm Sticks - Green Pack,Mint;TeaTree;Tangerine;Unscent,4 X STICK,12.49,1,19.99,,,,O,,,634084225716,,N,
SOFT DRINKS,KARMA DRINKS,JU073,Gingerella Ginger Ale,Organic and Fairtrade,24 X 300ML,34.97,1,2.35,,F,,O,S,V,9421902090035,09421902090479,,
SNACK BARS & FLAPJACKS,MISFITS,KB661,Cookie Dough Protein Bar,Plant Based,15 X 50G,22.71,1,2.39,,,,,,V,5060501564604,5060501564611,N,
CONVENIENCE FOODS,NICE RICE,QS077,Wholegrain Basmati Rice,cooked & ready to heat,6 X 250G,9.00,,1.99,,,,,,V,5070000525839,15070000525836,,
PASTA,MAIDEA,WT007,Pacheri,,10 X 250G,28.15,,3.75,,,G,,,V,8056324825326,18056324825330,,
PASTA,SUMA ORGANIC,WT022,White Spaghetti Pasta,Organic,12 X 500G,19.32,,2.15,,F,,O,,V,5017601048770,05017601048763,,
BODY CARE,BEN & ANNA,DY307,Love Shampoo Soap Bar Elmswood,Shampoo & Shower Bar Elmswood,1 X 60G,4.00,1,6.95,,,,O,,V,4260491222046,4260491222019,,
NUTS & SEEDS,SUMA PREPACKS - ORGANIC,NU033,Cashews whole - organic,,6 X 125G,12.11,,2.69,,,,O,,V,5017601019503,05017601019497,,
VEGETABLES,COOKS & CO,KJ029,Sundried Tomatoes,Size Change 295g to 280g Jars,6 X 280G,14.01,,3.09,,,,,,V,5060016803151,05060016823159,,
CRISPS & SNACKS,DJ&A,ZX731,Strawberry & Apple,,10 X 25G,23.14,,3.09,,,,,,V,9345544000828,29345544000822,N,
BODY CARE,FAITH IN NATURE,DY771,Conditioner-Grapefruit&Orange,Normal/oily,6 X 500ML,22.30,1,6.65,,,,,,V,0708002171628,0708002181627,,
BODY CARE,BADGER,DY417,Lip Balm Sticks - Yellow Pack,Tangerine;Vanilla;G.Fruit;Lav,4 X STICK,12.49,1,19.99,,,,O,,,634084225709,,N,
SOFT DRINKS,KARMA DRINKS,JU617,Gingerella Ginger Ale,Organic and Fairtrade,24 X 250ML,22.29,1,1.49,,F,,O,S,V,9421902090356,09421902090417,,
SNACK BARS & FLAPJACKS,MISFITS,KB614,Caramel Fudge Protein Bar,Plant Based,15 X 50G,19.30,1,2.05,,,,,,V,5060501564444,5060501564451,N,
PASTA,MAIDEA,WT010,Tagliatelle,,12 X 250G,33.75,,3.75,,,G,,,V,8056324825081,18056324825736,,
PASTA,SUMA ORGANIC,WT035,Wholewheat Fusilli Pasta,Organic,12 X 500G,19.32,,2.15,,F,,O,,V,5017601048671,05017601048664,,
BODY CARE,BEN & ANNA,DY292,Love Shampoo Bar Lemongrass,,1 X 60G,4.00,1,6.95,,,,O,,V,4260491222015,4260491222169,,
NUTS & SEEDS,SUMA PREPACKS,NU089,Cashew - large pieces,,6 X 125G,7.61,,1.69,,,,,,V,5017601020288,05017601020271,,
JAMS & FRUIT SPREADS,COOKS & CO,JS013,Spicy Fig Jam,,6 X 140G,13.96,,3.09,,,,,S,V,5060016803342,05060016823340,,
CRISPS & SNACKS,DJ&A,ZX061,Sugar Snap Pea Crisps,vacuum cooked,10 X 30G,23.14,,3.49,,,,,,V,9345544001535,29345544001539,N,
BODY CARE,FAITH IN NATURE,DY512,Shampoo - Grapefruit & Orange,Invigorating. Normal/oily hair,6 X 400ML,18.86,1,5.35,,,,,,V,708112401619,708002411618,,
BODY CARE,BADGER,MD874,Sleep Balm - Mini,Helps to calm thoughts,1 X 21G,5.59,1,8.99,,,,O,,,634084026122,00634084330663,,
DRINKS (CHILLED),KARMA,CV753,Kefruit Elderflower,,6 X 750ML,19.70,1,5.25,,F,,O,,V,3760192494489,3760192494496,,
SNACK BARS & FLAPJACKS,MISFITS,KB629,Peanut Butter Fudge Protein Br,Plant Based,15 X 50G,19.30,1,2.05,,,,,,V,5060501564505,5060501564512,N,
FLAKES; BRANS & WHEATGERM,PIMHILL,FX006,Oats - jumbo; organic,,12 X 850G,25.71,,2.86,,,,O,,V,5060099990397,5060099990434,,
PASTA,SUMA ORGANIC,WT044,Wholewheat Penne Pasta,Organic,12 X 500G,19.32,,2.15,,F,,O,,V,5017601048718,05017601048701,,
SUPERFOODS & SPORTS NUTRITION,VIVO LIFE,VM445,Perform Plant Protein- Vanilla,25g Protein Per Serving,1 X 936G,20.71,1,38.24,,,G,,,V,5060572521117,15060572521114,,
BODY CARE,BEN & ANNA,DY296,Love Shampoo Soap Bar Magic,Shampoo & Shower Bar Magic,1 X 60G,4.00,1,6.95,,,,O,,V,4260491222022,4260491222176,,
NUTS & SEEDS,SUMA PREPACKS,NU149,Cashew - large pieces,,6 X 250G,12.56,,2.79,,,,,,V,5017601019749,05017601019732,,
VEGETABLES,COOKS & CO,KJ096,Dried Shii-Take Mushrooms,,6 X 30G,20.04,,4.45,,,,,,V,5060016800884,05060016820882,,
CRISPS & SNACKS,DJ&A,ZX518,Veggie Crisps Original,,9 X 90G,24.05,,3.59,,,,,,V,9345544006868,29345544006862,N,
BODY CARE,FAITH IN NATURE,DY768,Shampoo - Grapefruit & Orange,Normal/oily,6 X 500ML,22.30,1,6.65,,,,,,V,0708002171611,0708002181610,,
PATE,GRANOVITA,GH143,Mushroom Pate,Tin,12 X 125G,17.85,,1.99,,,G,,,V,5022569091003,5022569191000,,
DRINKS (CHILLED),KARMA,CV752,Kefruit Fig and Lemon,,6 X 750ML,19.71,1,5.25,,F,,O,,V,3760192494465,3760192494472,,
FRUIT - DRIED,SUMA PREPACKS,DR070,Fruit salad - SO2,,6 X 250G,17.71,,3.49,,,,,,V,5017601018209,05017601018629,,
FLAKES; BRANS & WHEATGERM,PIMHILL,FX005,Oats - porridge; organic,,12 X 850G,25.71,,2.86,,,,O,,V,5060099990380,5060099990427,,
PASTA,SUMA ORGANIC,WT045,Wholewheat Spaghetti Pasta,Organic,12 X 500G,19.32,,2.15,,F,,O,,V,5017601048695,05017601048688,,
SUPERFOODS & SPORTS NUTRITION,VIVO LIFE,VM447,Perform Plant Protein- Vanilla,25g Protein Per Serving,1 X 252G,6.44,1,11.89,,,G,,,V,15060572521992,5060572521995,,
BODY CARE,BEN & ANNA,DY281,Bath Salts - Cornflower,,1 X 300G,4.70,1,7.95,,,,O,,V,4260491223722,4260491223869,,
NUTS & SEEDS,SUMA PREPACKS,NU150,Cashew Nuts - baked & salted,,6 X 125G,12.19,1,3.25,,,,,,V,5017601020882,05017601020875,,
VEGETABLES,COOKS & CO,KJ371,Saporiso - Mixed Vegatables,In Oil,6 X 280G,20.04,,4.45,,,,,,V,5060016803410,05060016823418,,
CRISPS & SNACKS,DJ&A,ZX527,Pickle-Licious,Pickle Flavoured Cucumber,9 X 50G,24.05,,3.99,,,,,,V,9345544009395,19345544009392,N,
BODY CARE,FAITH IN NATURE,DY266,Body Wash-Grapefruit & Orange,Energising,5L,30.00,1,50.00,,,,,,V,708002901676,708002921674,,
CONVENIENCE FOODS,GRANOVITA,VF036,Nut Luncheon,Canned,6 X 400G,13.30,,2.99,,,G,,,V,5022569083008,5022569183029,,
VEGAN & OAT MILK,KOKO DAIRY FREE,SY038,Coconut Milk Drink,with calcium & vitamins,12 X 1L,15.50,,1.69,,,G,,S,V,5060100600208,15060100600205,,
CRISPS & SNACKS,SUMA PREPACKS,ZX084,Fruit & Nut Mix,,6 X 125G,8.33,,1.85,,,,,,V,5017601018544,05017601018964,,
FRUIT - DRIED,SUMA PREPACKS,DR129,Pineapple - diced SO2,Crystallised,6 X 125G,7.61,,1.69,,,,,S,V,5017601022107,05017601022091,,
BAGS; BOXES AND BASKETS,SUMA PAPER BAGS,NF295,Patterned Flat Bags - Small,Recycled Paper 20cm x 15cm,1 X 1000BAGS,26.25,1,,,,,,,V,05017601046240,,,
VEGAN CHEESE,VIOLIFE,CV593,Cheddar Style,,5 X 2.5KG,121.44,,,,,,,,V,5202390016233,15202390016230,,
BODY CARE,BEN & ANNA,DY282,Bath Salts - Lavender,,1 X 300G,4.70,1,7.95,,,,O,,V,4260491223739,4260491223876,,
NUTS & SEEDS,SUMA PREPACKS,NU152,Cashew - whole,,6 X 125G,10.31,,2.29,,,,,,V,5017601019725,05017601019718,,
VEGETABLES,COOKS & CO,KJ018,Stuffed Vine Leaves,,6 X 400G,15.26,,3.39,,,,,,V,5060016800242,05060016820912,,
CRISPS & SNACKS,DJ&A,ZX519,Veggie Crisps Salt & Vinegar,,9 X 90G,24.05,,3.59,,,,,,V,9345544009166,1934554009163,N,
BODY CARE,FAITH IN NATURE,DY894,Hand Wash - Coconut,,6 X 400ML,11.99,1,4.35,,,,,,V,708002400391,708002410390,,
BURGERS SAUSAGES & TVP MIXES,BULK COMMODITIES,VF404,Burger Mix - Vegan,,25 KG,300.42,,,,,,,,V,05017601026754,,,
NUTS & SEEDS,SUMA PREPACKS,NU091,Mixed nuts,,6 X 125G,8.96,,1.99,,,,,,V,5017601020844,05017601020837,,
FRUIT - DRIED,SUMA PREPACKS,DR180,Pineapple - diced SO2,Crystallised,6 X 250G,11.21,,2.49,,,,,S,V,5017601020707,05017601020691,,
TOMATOES & TOMATO PRODUCTS,SUMA ORGANIC,LJ560,Organic Passata,No Added Salt,12 X 690G,17.98,,1.99,,,,O,,V,5017601027195,05017601027188,,
VEGAN CHEESE,VIOLIFE,CV449,Cheese Block Cheddar,,7 X 400G,26.56,,5.05,,,,,,V,5202390015984,15202390015981,,
BODY CARE,BEN & ANNA,DY287,Bath Salts - Rose,,1 X 300G,4.70,1,7.95,,,,O,,V,4260491223746,4260491223883,,
NUTS & SEEDS,SUMA PREPACKS,NU153,Cashew - whole,,6 X 250G,18.68,,4.15,,,,,,V,5017601019763,05017601019756,,
VEGETABLES,COOKS & CO,KJ186,Sweet Red Peppers,,12 X 390G,20.87,,2.29,,,,,,V,5060016800167,15060016800164,,
CRISPS & SNACKS,DJ&A,ZX736,Peach; Lychee & Strawberries,,10 X 35G,26.71,,3.59,,,,,,V,9345544009883,19345544009880,N,
BODY CARE,FAITH IN NATURE,DY505,Hand Wash-Grapefruit & Orange,,6 X 400ML,11.99,1,4.35,,,,,,V,708002401695,708002411694,,
BURGERS SAUSAGES & TVP MIXES,SUMA BAGGED DOWN,VF406,Burger Mix - Vegan,,5 KG,69.05,,,,,,,,V,5017601008774,,,
NUTS & SEEDS,SUMA PREPACKS,NU158,Mixed nuts - chopped,,6 X 250G,7.99,,3.55,,,,,,V,5017601022527,05017601022510,,03 OCT 25
FRUIT - DRIED,SUMA BAGGED DOWN,DR212,Pineapple - diced; SO2,Crystallised,1 KG,7.35,,,,,,,S,V,5017601342120,,,
CONVENIENCE FOODS,RIFCO,VF093,Thai Temple Curry,,6 X 400G,15.70,,3.49,,,,O,,V,5034736000022,15034736000029,,
BAGS; BOXES AND BASKETS,SUMA PAPER BAGS,NF286,Carrier Bags Lrg Twist Handle,Recycled Paper 33x27x16cm,1 X 250 BAGS,37.29,1,,,,,,,V,,5037698001201,,
VEGAN CHEESE,VIOLIFE,CV448,Cheese Block Mozzarella,,7 X 400G,26.56,,5.05,,,,,,V,5202390015472,15202390015479,,
TOOTH CARE,BEN & ANNA,DY302,Toothpaste - Charcoal,Palm oil free In a glass jar,1 X 100ML,5.14,1,8.95,,,,O,,V,4260491220509,,,
NUTS & SEEDS,SUMA PREPACKS - ORGANIC,NU255,Cashews whole - organic,,6 X 250G,22.03,,4.89,,,,O,,V,5017601021445,05017601021438,,
VEGETABLES,COOKS & CO,KJ027,Whole Green Chillies,,6 X 300G,9.09,,1.99,,,,,,V,5060016800822,05060016820820,,
SUGARS & SYRUPS,ST LAWRENCE GOLD,HY009,Maple Syrup Grade A Amber,rich taste,12 X 250 ML,57.53,,6.39,,,,,,V,5060584300007,15060584300004,,
BODY CARE,FAITH IN NATURE,DY312,Hand Wash-Lavender & Geranium,,6 X 400ML,11.99,1,4.35,,,,,,V,708002400490,708002410499,,
PATE,GRANOVITA,GH144,Vegetable Pate,Tin,12 X 125G,17.85,,1.99,,,G,,,V,5022659091027,5022569191024,,
NUTS & SEEDS,SUMA PREPACKS,NU162,Mixed nuts,,6 X 250G,15.71,,3.49,,,,,,V,5017601020325,05017601020318,,
FRUIT - DRIED,BULK COMMODITIES,DR029,Pineapple - Diced SO2,Sweetened Chunks,5 KG,28.00,,,,,,,S,V,5017601006398,,,
BODY CARE,RIO ROSA MOSQUETA,DY653,Anti-ageing day & night cream,Rosehip;Shea Butter; Calendula,1 X 50ML,10.49,1,18.49,,,,,,V,5021859002002,,,
VEGETABLES,SUMA ORGANIC,VF111,Fresh Peas - Organic,,12 X 340G,17.04,,1.89,,,,O,,V,5017601042433,05017601042426,,
VEGAN CHEESE,VIOLIFE,CV446,Cheese Block Original,,7 X 400G,26.56,,5.05,,,,,,V,5202390007934,15202390007931,,
TOOTH CARE,BEN & ANNA,DY293,Toothpaste - Sensitive,Palm oil free In a glass jar,1 X 100ML,5.14,1,8.95,,,,O,,V,4260491220523,,,
NUTS & SEEDS,SUMA BAGGED DOWN,NU020,Cashew - large pieces,,1 KG,7.65,,,,,,,,V,5017601770206,,,
PASTA,CORNWALL PASTA CO.,WT106,Basil Campenelle Pasta,Organic,12 X 350G,44.99,,4.99,,,,O,,V,0633710789981,0633710790000,,
SUGARS & SYRUPS,ST LAWRENCE GOLD,HY053,Og Maple Syrup Grade A Amber,rich taste,12 X 250ML,61.18,,6.83,,,,O,,V,5060584300038,15060584300035,,
BODY CARE,FAITH IN NATURE,DY553,Wild Rose Hand Wash,,6 X 400ML,11.99,1,4.35,,,,,,V,708002407796,708002417795,,
BURGERS SAUSAGES & TVP MIXES,BULK COMMODITIES,VF405,Sausage Mix - Vegan,,25 KG,260.42,,,,,,,,V,5017601026778,,,
BEANS & PULSES - DRIED,SUMA PREPACKS - ORGANIC,PU222,Bean Mix - organic,,6 X 500G,16.88,,3.75,,,,O,,V,5017601023425,05017601023418,,
CRISPS & SNACKS,PIPERS CRISPS,ZX291,Anglesey Sea Salt,,8 X 150G,10.91,1,2.75,,,G,,,V,5033060100040,5060539320883,N,
BODY CARE,RIO ROSA MOSQUETA,DY659,Pure Chilean Rosehip Oil,,1 X 20ML,7.79,1,13.99,,,,,,V,5021859050119,,,
SOUPS,SUMA,VF565,Pea & Vegan Ham Soup,,12 X 400G,17.21,,1.91,,,,,,V,5017601044659,05017601044642,,
VEGAN CHEESE,VIOLIFE,CV225,Creamy Cheddar,,10 X 150G,20.35,,2.75,,,,,S,V,5202390021497,15202390021496,,
TOOTH CARE,BEN & ANNA,DY291,Toothpaste - Whitening,Palm oil free In a glass jar,1 X 100ML,5.14,1,8.95,,,,O,,V,4260491220516,,,
NUTS & SEEDS,SUMA BAGGED DOWN,NU019,Cashew - large pieces,,5 KG,35.95,,,,,,,,V,5017601770190,,,
PASTA,CORNWALL PASTA CO.,WT098,Beetroot Lumaconi Pasta,Organic,12 X 350G,44.99,,4.99,,,,O,,V,0634158996382,0633710789974,,
SUGARS & SYRUPS,ST LAWRENCE GOLD,HY056,Og Maple Syrup Grade a Amber,rich taste,6 X 1L,108.43,,23.99,,,,O,,V,5060584300052,15060584300059,,
BURGERS SAUSAGES & TVP MIXES,SUMA BAGGED DOWN,VF407,Sausage Mix - Vegan,,5 KG,61.25,,,,,,,,V,5017601139072,,,
FRUIT - DRIED,SUMA BAGGED DOWN,DR344,Fruit Salad - SO2,,1 KG,9.95,,0.00,,,,,,V,5017601022169,,,
CRISPS & SNACKS,PIPERS CRISPS,ZX292,Anglesey Sea Salt,,24 X 40G,12.35,1,0.85,,,G,,,V,5033060100125,5033060101177,N,
BODY CARE,RIO ROSA MOSQUETA,DY660,Pure Chilean Rosehip Oil,,1 X 50ML,14.99,1,26.79,,,,,,V,5021859050225,,,
SOUPS,SUMA ORGANIC,VF595,Organic Pea Soup,,12 X 400G,17.51,,1.95,,,,O,S,V,5017601044710,05017601044703,,
VEGAN CHEESE,VIOLIFE,CV226,Creamy with Garlic and Herb,,10 X 150G,20.35,,2.75,,,,,,V,5202390030611,75202390030610,,
BODY CARE,BEN & ANNA,DY298,Love Conditioner Bar Berry,Very Berry,1 X 60G,4.00,1,6.95,,,,O,,V,4260491222039,4260491222183,,
NUTS & SEEDS,BULK COMMODITIES,NU018,Cashew Nut - Large Pieces,50lbs,22.68 KG,134.14,,,,,,,,V,5017601048251,,,
PASTA,CORNWALL PASTA CO.,WT104,Chilli Lumaconi Pasta,Organic,12 X 350G,44.99,,4.99,,,,O,,V,0634158996399,0633710789998,,
SUGARS & SYRUPS,ST LAWRENCE GOLD,HY042,Og Maple Syrup Grade A Dark,robust taste,12 X 250ML,61.18,,6.83,,,,O,,V,5060584300069,15060584300066,,
FLOURS & BREAD MIXES,SUMA PREPACKS,FG078,Gram Flour,,6 X 500G,10.58,,2.35,,,,,,V,5017601019947,05017601019930,,
FRUIT - DRIED,SUMA PREPACKS,DR127,Super Berry Mix,Cranberry;Goji;Blue;Mulberry,6 X 125G,11.20,,2.49,,,,,S,V,5017601030331,05017601030331,,
ALCOHOL FREE AND LOW ALCOHOL BE,ALT,JU226,Blanc de Blancs 0% Sparkling,Hints of green apples; citrus,6 X 750ML,48.61,1,12.95,,,,,S,V,7090050773736,7090050773866,,
FRUIT & VEGETABLE JUICES,PIP ORGANIC,JU698,Blackcurrant; Raspberry; Apple,Pressed Juice and Spring Water,6 X 4X180ML,20.59,1,5.49,,,,O,,V,5060218970286,05060218976288,,
BEANS & PULSES - DRIED,SUMA BAGGED DOWN,PU055,Kidney Beans - red,,3 KG,10.35,,,,,,,,V,5017601009856,,,
PASTA SAUCES & PESTOS,SUMA ORGANIC,KJ800,Green Basil Pesto,Italian,12 X 130G,26.00,,2.89,,,,O,,V,5017601050711,05017601050704,,
VEGAN CHEESE,VIOLIFE,CV407,Cheddar Flavour Slices,,12 X 200G,30.31,,3.40,,,,,,V,5202390015380,25202390015384,,
BABY & CHILD FOOD,ORGANIX,BB075,Carrot Cake Soft Oaty Bars,from 12 months,6 X 6 X 23G,17.64,,6.19,,,,O,,V,5024121100499,05024121100505,N,
NUTS & SEEDS,SUMA BAGGED DOWN - ORGANIC,NU070,Cashews - whole; organic,,1 KG,14.55,,,,,,O,,V,5017601009238,,,
PASTA,CORNWALL PASTA CO.,WT111,Pasta - Lumaconi,Organic,8 X 500G,23.95,,3.99,,,,O,,V,0633710789929,0633710789967,,
BISCUITS CRACKERS & CRISPBREAD,DEAN'S,BT172,Angus McCoo Shortbread Rounds,,6 X 150G,35.96,,7.99,,,,,S,,655762102648,10655762102645,,
FLOURS & BREAD MIXES,BULK COMMODITIES,FG076,Pure Gram Flour,,20 KG,37.29,,,,,,,,V,,,,
FRUIT - DRIED,SUMA BAGGED DOWN,DR178,Fruit Cake Mix,,1 KG,7.25,,,,,,,S,V,5017601009108,,,
VERAGES,,,,,,,,,,,,,,,,,,
FRUIT & VEGETABLE JUICES,PIP ORGANIC,JU699,Mango; Orange & Apple,Pressed Juice and Spring Water,6 X 4X180ML,20.59,1,5.49,,,,O,,V,5060218970279,05060218976271,,
BEANS & PULSES - DRIED,BULK COMMODITIES - ORGANIC,PU037,Red Kidney Beans - organic,,25 KG,102.92,,,,,,O,,V,,,,
PROMOTIONAL MATERIALS,SUMA,BK001,Suma Point of sale Kit,,1 KIT,0.00,,,,,,,,,,,,
VEGAN CHEESE,VIOLIFE,CV529,Creamy Original,,8 X 200G,17.71,,3.00,,,,,,V,5202390013836,05202390016226,,
BABY & CHILD FOOD,ORGANIX,BB080,Raspberry & Apple Soft Oaty,display case,6 X 6 X 23G,17.64,,5.15,,,,O,,V,5024121100475,05024121100482,N,
NUTS & SEEDS,BULK COMMODITIES - ORGANIC,NU112,Cashews - whole organic,,22.67 KG,272.05,,,,,,O,,V,,,,
PASTA,CORNWALL PASTA CO.,WT108,Pasta - Macaroni,Organic,8 X 500G,23.94,,3.99,,,,O,,V,0633710789905,0633710789943,,
BISCUITS CRACKERS & CRISPBREAD,DEAN'S,BT188,Xmas Shortbread Assortment,,6 X 360G,26.96,,5.99,,,,,S,,655762101429,10655762101426,,
FLOURS & BREAD MIXES,BULK COMMODITIES,FG046,Gram Flour,,5 KG,12.13,,,,,,,,V,50211400132,,,
NUTS & SEEDS,SUMA BAGGED DOWN,NU107,Mixed nuts - chopped,,1 KG,10.05,,,,,,,,V,5017601771074,,,
ALCOHOLIC DRINKS,ANTICH,RT033,Organic Vermouth,,6 X 750ML,81.21,1,21.65,,,,O,,V,8437005744134,8437005744165,,
SWEET SNACKS,PIP ORGANIC,ZX730,Mango Pipstick,,24 X 18G,16.11,,0.89,,,,O,,V,5060218971016,05060218973010,,
BEANS & PULSES - DRIED,SUMA BAGGED DOWN - ORGANIC,PU192,Red Kidney Beans - organic,,3 KG,15.39,,,,,,O,,V,5017601009863,,,
CONVENIENCE FOODS,SUMA,VF289,Refried Fava Beans,Collaboration with Hodmedod's,12 X 400G,18.26,,2.03,,,,O,,V,5017601052531,05017601052524,,
VEGAN CHEESE,VIOLIFE,CV230,Epic Mature Cheddar Cheese,,12 X 200G,29.58,,3.30,,,,,S,V,5202390021640,25202390021644,,
BABY & CHILD FOOD,ORGANIX,BB076,Apple & Orange Soft Oaty Bar,from 12 months,6 X 6 X 23G,17.64,,5.15,,,,O,,V,5024121100512,05024121100529,N,
OLIVES,GAEA,VF177,Pitted Kalamata Olives,,8 X 290G,21.84,,3.65,,,,,,V,5201671000527,15201671000524,,
BISCUITS CRACKERS & CRISPBREAD,DEAN'S,BT213,Mature Cheddar & Onion Bites,extra mature;caramelised onion,10 X 100G,19.43,,2.59,,,,,S,,655762102761,10655762102768,,
HERBS & SPICES - PREPACKED,PERSIAN TRADER,HE037,Saffron,Gatefold Packs,12 X 0.5G,31.42,,3.49,,,,,,V,0700315473000,0700315473031,,
NUTS & SEEDS,BULK COMMODITIES,NU036,Mixed nuts - chopped,Peanut70%-Almond15%-Walnut15%,12.5 KG,100.93,,,,,,,,V,,,,
ALCOHOL FREE AND LOW ALCOHOL BE,ARA ZERO,JU026,0% Rose,,6 X 750ML,39.79,1,10.65,,,,,,V,9416040003306,9416040003313,,
SWEET SNACKS,PIP ORGANIC,ZX545,Pineapple & Mango Pipstick,,24 X 18G,16.11,,0.89,,,,O,,V,5060218971023,05060218973027,,
BEANS & PULSES - DRIED,SUMA PREPACKS - ORGANIC,PU156,Red Kidney Beans - organic,,6 X 500G,16.17,,3.59,,,,O,,V,5017601024521,05017601024514,,
BEANS & PULSES - CANNED,SUMA ORGANIC,VF710,Red Kidney Beans - Organic,,6 X 2.6KG,28.10,,6.25,,,,O,,V,5017601052593,05017601052586,,
VEGAN CHEESE,VIOLIFE,CV433,Grated Epic Mature,,12 X 150G,21.63,,2.40,,,,,,V,5202390022319,25202390022313,,
BABY & CHILD FOOD,ORGANIX,BB094,Mini Cheese Crackers,from 12 months,3 X 4 X 20G,7.17,,3.19,,,,O,,,5024121626104,05024121626906,N,
NUTS & SEEDS,SUMA BAGGED DOWN,NU021,Cashew Nuts - baked & salted,,3 KG,47.85,1,,,,,,,V,5017601025641,,,
BISCUITS CRACKERS & CRISPBREAD,DEAN'S,BT174,Choc Yule Log Shortbread Round,shortbread rounds,6 X 150G,22.46,,4.99,,,,,S,,655762102631,10655762102638,,
HERBS & SPICES - PREPACKED,PERSIAN TRADER,HE024,Saffron,Bubble Packs,12 X 125MG,13.41,,1.49,,,,,,V,0700315473017,0700315473024,N,
SOFT DRINKS,KARMA DRINKS,JU615,Lemony Lemon,Organic and Fairtrade,24 X 250ML,22.29,1,1.49,,F,,O,S,V,9421902090363,09421902090424,,
DESSERTS,JUST WHOLEFOODS,VF065,Custard Powder,,12 X 100G,17.72,,1.99,,,,,,V,5022775000110,5022775120115,,
VERAGES,,,,,,,,,,,,,,,,,,
CRISPS & SNACKS,PIPERS CRISPS,ZX283,Cider Vinegar & Sea Salt,Burrow Hill Cider Vinegar,8 X 150G,10.91,1,2.75,,,G,,S,,5033060100064,5060539320906,N,
BEANS & PULSES - DRIED,BULK COMMODITIES,PU039,Kidney Beans - red,,25 KG,64.54,,,,,,,,V,,,,
OILS & FATS,SUMA,GT010,Extra Virgin Rapeseed Oil,,5L,21.34,,28.59,,,,,,V,5017601041658,05017601041641,,
VEGAN CHEESE,VIOLIFE,CV781,Greek Style Cheese,Feta Style,12 X 200G,31.51,,3.50,,,,,,V,5202390020407,25202390020432,,
BABY & CHILD FOOD,ORGANIX,BB030,Apple Rice Cake,,6 X 40G,9.57,,2.15,,,,O,,V,5024121804120,05024121804922,N,
NUTS & SEEDS,SUMA BAGGED DOWN,NU134,Cashew - whole,,1 KG,12.15,,,,,,,,V,5017601771340,,,
BISCUITS CRACKERS & CRISPBREAD,DEAN'S,BT181,Double Choc Orange Shortbread,shortbread rounds,6 X 150G,22.46,,4.99,,,,,S,,655762102587,10655762102584,,
HERBS & SPICES - PREPACKED,PERSIAN TRADER,HE127,Saffron,Brides Jars,6 X 1G,31.28,,6.95,,,,,,V,0617390419130,0609788128878,,
SOFT DRINKS,KARMA DRINKS,JU078,Lemony Lemon,Organic and Fairtrade,24 X 300ML,34.97,1,2.35,,F,,O,S,V,9421902090264,09421902090486,,
CRISPS & SNACKS,SUMA BAGGED DOWN,ZX083,Fruit & Nut Mix,,5 KG,36.75,,,,,,,,V,5017601990833,,,
ALCOHOL FREE AND LOW ALCOHOL BE,ARA ZERO,JU021,0% Sauvignon Blanc,,6 X 750ML,39.79,1,10.65,,,,,,V,9416040002422,9416040002439,,
CRISPS & SNACKS,PIPERS CRISPS,ZX296,Cider Vinegar & Sea Salt,Burrow Hill Cider Vinegar,24 X 40G,12.35,1,0.85,,,G,,S,,5033060100156,5033060101214,N,
BEANS & PULSES - DRIED,SUMA PREPACKS,PU076,Lentils - red split,,6 X 500G,8.33,,1.85,,,,,,V,5017601018414,05017601018834,,
OILS & FATS,SUMA,GT036,Extra Virgin Rapeseed Oil,,6 X 500ML,20.80,,4.65,,,,,,V,5017601046493,05017601046486,,
VEGAN CHEESE,VIOLIFE,CV871,Grated Original,,11 X 200G,25.44,,3.10,,,,,,V,5202390018855,25202390018859,,
BABY & CHILD FOOD,ORGANIX,BB022,Animal Biscuits,from 12 months,5 X 100G,10.37,,2.79,,,,O,,V,5024121617300,05024121617607,N,
NUTS & SEEDS,SUMA BAGGED DOWN,NU131,Cashew - whole,,5 KG,58.25,,,,,,,,V,5017601771319,,,
BISCUITS CRACKERS & CRISPBREAD,DEAN'S,BT225,Extra Mature Cheddar Bites,,10 X 100G,19.43,,2.59,,,,,S,,655762102747,10655762102744,,
BEANS & PULSES - DRIED,SUMA PREPACKS,PU070,Split Peas - green,,6 X 500G,7.88,,1.75,,,,,,V,5017601020004,05017601019992,,
DRINKS (CHILLED),KARMA,CV012,Probiotic Lemonade,,6 X 750ML,16.28,1,4.35,,F,G,O,S,V,3760192495387,03760192495394,,
FRUIT - DRIED,SUMA PREPACKS,DR038,Fruit Cake Mix,,6 X 500G,19.13,,4.25,,,,,S,V,5017601030591,05017601030584,,
VERAGES,,,,,,,,,,,,,,,,,,
FRUIT & VEGETABLE JUICES,PIP ORGANIC,JU065,Strawberry & Banana Smoothie,With Purple Carrot Juice,6 X 4 X180ML,21.80,1,5.85,,,,O,,V,5060218974260,05060218976264,,
BEANS & PULSES - DRIED,SUMA PREPACKS - ORGANIC,PU294,Lentils - Red split organic,,6 X 750G,14.63,,3.25,,,,O,,V,5017601033752,05017601033745,,
PASTA SAUCES & PESTOS,SUMA ORGANIC,KJ900,Red Pesto - Sundried Tomatoes,Italian,12 X 130G,26.00,,2.89,,,,O,,V,5017601050735,05017601050728,,
VEGAN CHEESE,VIOLIFE,CV706,Mediterranean Grill Cheese,Halloumi Style,12 X 200G,27.12,,3.00,,,,,,V,5202390019517,25202390019511,,
BABY & CHILD FOOD,ORGANIX,BB031,Banana Bread Biscuits,from 12 months,6 X 135G,14.59,,3.25,,,,O,,V,5024121101212,05024121101229,N,
NUTS & SEEDS,BULK COMMODITIES,NU125,Cashew Nuts - Whole 50lbs,,22.68 KG,207.30,,,,,,,,V,,,,02 SEP 25
BISCUITS CRACKERS & CRISPBREAD,DEAN'S,BT180,Jura MacGonk Shortbread Rounds,,6 X 150G,31.46,,6.99,,,,,S,,655762102815,10655762102812,,
BEANS & PULSES - DRIED,BULK COMMODITIES,PU025,Split Peas - green,,25 KG,36.93,,,,,,,,V,,,,
SOFT DRINKS,KARMA DRINKS,JU302,Summer Orangeade,Organic and Fairtrade,24 X 300ML,34.97,1,2.35,,F,,O,S,V,9421902090622,09421902090646,,
BURGERS SAUSAGES & TVP MIXES,SUMA PREPACKS,VF154,Nut Roast Mix - Gluten Free,Vegan & Gluten Free,6 X 340G,17.33,,3.85,,,G,,S,V,5017601039532,05017601039525,,
WINES,WHITE WINE,WN005,Coral Ethical Sauvignon Blanc,,6 X 750ML,55.53,1,14.79,,,,O,,V,8410849001694,18410849001691,,
FRUIT & VEGETABLE JUICES,PIP ORGANIC,JU047,Smooth Orange Juice,,6 X 4 X180ML,21.80,1,5.85,,,,O,,V,5060218970293,05060218976295,,
BEANS & PULSES - DRIED,SUMA BAGGED DOWN - ORGANIC,PU127,Lentils - red split; organic,,1 KG,3.55,,,,,,O,,V,5017601061274,,,
CONVENIENCE FOODS,SUMA ORGANIC,VF181,Ravioli with Tomato & Ricotta,Organic,6 X 400G,13.28,,2.95,,,,O,S,,5017601046714,05017601046707,,
VEGAN CHEESE,VIOLIFE,CV779,Mature Cheddar Flavour Slices,,12 X 200G,30.31,,3.40,,,,,,V,5202390016912,25202390016916,,
BABY & CHILD FOOD,ORGANIX,BB057,Banana;Peach & Apple Muesli,,4 X 200G,13.66,,4.59,,,,O,,V,5024121217319,05024121217814,N,
PET FOODS & PET CARE,BIO-CATOLET,NF971,Cat Litter,100% Recycled Waste Paper,25L,9.85,1,15.79,,,,,,V,05029429000007,,,
BISCUITS CRACKERS & CRISPBREAD,DEAN'S,BT220,Mature Cheddar & Chilli Bites,extra mature,10 X 100G,19.43,,2.59,,,,,S,,655762102754,10655762102751,,
BODY CARE,FAITH IN NATURE,DY301,Hand Wash - Seaweed & Citrus,,6 X 400ML,11.99,1,4.35,,,,,,V,708002400292,708002410291,,
BEANS & PULSES - DRIED,BULK COMMODITIES - ORGANIC,PU083,Green Split Peas - organic,,25 KG,68.77,,,,,,O,,V,,,,
BISCUITS CRACKERS & CRISPBREAD,DR KARG,BT137,Protein Thins,,14 X 150G,37.80,,3.59,,,,,,V,4033634028689,04033634300396,,
BURGERS SAUSAGES & TVP MIXES,SUMA BAGGED DOWN,VF166,Nut Roast Mix,Vegan & Gluten Free,1 KG,7.85,,,,,G,,S,V,05017601039600,,,
WINES,WHITE WINE,WN141,Fedele Catarratto Pinot Grigio,Crisp; Citrus; Tropical,6 X 75CL,49.72,1,13.25,,,,O,,V,8034115193373,8034115193380,,
CRISPS & SNACKS,PIPERS CRISPS,ZX436,Wild Thyme & Rosemary,,8 X 150G,10.91,1,2.75,,,G,,S,V,5033060100347,5060539320876,N,
BEANS & PULSES - DRIED,BULK COMMODITIES - ORGANIC,PU126,Lentils - red split; organic,,25 KG,61.20,,,,,,O,,V,,,,01 OCT 25
SOUPS,SUMA ORGANIC,VF525,Organic Rustic Vegetable Soup,Organic,12 X 400G,17.51,,1.95,,,,O,,V,5017601041795,05017601041788,,
VEGAN CHEESE,VIOLIFE,CV439,Mozzarella Cheese Slices,,12 X 200G,30.31,,3.40,,,,,,V,5202390015397,25202390015391,,
BABY & CHILD FOOD,ORGANIX,BB052,Banana & Plum Porridge,,4 X 200G,11.97,,3.99,,,,O,,V,5024121225314,05024121225819,N,
PET FOODS & PET CARE,BIO-CATOLET,NF970,Cat Litter,100% Recycled Waste Paper,12L,4.99,1,7.99,,,,,,V,05029429000038,,,
BISCUITS CRACKERS & CRISPBREAD,DEAN'S,BT175,Skye MacGonk Shortbread Rounds,,6 X 150G,31.46,,6.99,,,,,S,,655762102808,10655762102805,,
BODY CARE,FAITH IN NATURE,DY473,Hand Wash - Wild Rose,,5L,30.00,1,50.00,,,,,,V,0708002907791,0708002927799,,
BEANS & PULSES - DRIED,SUMA BAGGED DOWN - ORGANIC,PU162,Green Split Peas - organic,,3 KG,10.75,,0.00,,,,O,,V,5017601009696,,,
SOFT DRINKS,KARMA DRINKS,JU418,Razza Raspberry Lemonade,Organic and Fairtrade,24 X 300ML,34.97,1,2.35,,F,,O,S,V,9421906005288,09421906005295,,
NUTS & SEEDS,SUMA BAGGED DOWN,NU035,Mixed nuts,,5 KG,41.39,,,,,,,,V,5017601770350,,,
WINES,RED WINE,WN140,Fedele Nero D'Avola,Fruity; Spicy; Approachable,6 X 75CL,50.79,1,13.55,,,,O,,V,8034115193397,8034115193403,,
CRISPS & SNACKS,PIPERS CRISPS,ZX289,Lye Cross Cheddar & Onion,,8 X 150G,10.91,1,2.75,,,G,,S,,5033060100057,5060539320890,N,
BEANS & PULSES - DRIED,SUMA BAGGED DOWN - ORGANIC,PU194,Lentils - red split; organic,,3 KG,9.09,,,,,,O,,V,5017601009870,,,
CONVENIENCE FOODS,SUMA ORGANIC,VF270,Saag Aloo,Potatoes & Spinach,12 X 400G,23.63,,2.63,,,,O,S,V,5017601050537,05017601050520,,
VEGAN CHEESE,VIOLIFE,CV416,Original Flavour Cheese Slices,,12 X 200G,29.49,,3.30,,,,,,V,5202390015359,25202390015353,,
BABY & CHILD FOOD,ORGANIX,BB039,Banana Rice Cake,,6 X 40G,9.57,,2.15,,,,O,,V,5024121801129,05024121801921,N,
PET FOODS & PET CARE,CATURAL,NF272,Cat Litter - Natural,100% Plant based by product,8L,5.99,1,9.99,,,,O,,V,4260617680996,,,
BISCUITS CRACKERS & CRISPBREAD,DEAN'S,BT201,Shortbread Stars,,12 X 140G,22.41,,2.49,,,,,S,,,,,
BODY CARE,FAITH IN NATURE,DY223,Conditioner - Jojoba,Smoothing. Normal/dry hair,6 X 400ML,18.86,1,5.35,,,,,,V,0708002400629,708002410628,,
BEANS & PULSES - DRIED,SUMA PREPACKS - ORGANIC,PU182,Green Split Peas - organic,,6 X 500G,11.93,,2.65,,,,O,,V,5017601023760,05017601023753,,
SOFT DRINKS,KARMA DRINKS,JU420,Razza Raspberry Lemonade,Organic and Fairtrade,24 X 250ML,22.29,1,1.49,,F,,O,S,V,9421906005301,09421906005318,,
NUTS & SEEDS,SUMA BAGGED DOWN,NU239,Mixed nuts,,1 KG,9.25,,,,,,,,V,5017601009320,,,
ALCOHOL FREE AND LOW ALCOHOL BE,GIESEN,JU017,0% Rose,,6 X 750ML,36.38,1,9.69,,,,,,V,9416040002941,9416040002972,,
CRISPS & SNACKS,PIPERS CRISPS,ZX297,Lye Cross Cheddar & Onion,,24 X 40G,12.35,1,0.85,,,G,,S,,5033060100149,5033060101191,N,
BEANS & PULSES - DRIED,SUMA PREPACKS - ORGANIC,PU267,Lentils - Red split; organic,,6 X 500G,10.58,,2.35,,,,O,,V,5017601024125,05017601024118,,
READY TO EAT FOODS (CHILLED),SUMA ORGANIC,CV076,Sauerkraut,,6 X 300G,18.90,,4.20,,,G,O,,V,5017601050759,0689843841256,,
VEGAN CHEESE,VIOLIFE,CV592,Mozzarella Style,,5 X 2.5KG,98.20,,,,,,,,V,5202390016035,15202390016032,,
BABY & CHILD FOOD,ORGANIX,BB715,Crunchy Carrot Sticks,over 9 months,8 X 20G,5.42,1,0.89,,,,O,,V,5024121885303,05024121885402,N,
TOFU & TEMPEH (CHILLED),CAULDRON,CV561,Organic Tofu,,6 X 396G,16.01,,3.55,,,,O,,V,5013683305442,05013683305459,,
BISCUITS CRACKERS & CRISPBREAD,DEAN'S,BT211,Sticky Toffee Pud Shortbread,,12 X 150G,22.50,,2.50,,,,,S,,655762102792,10655762102799,,
BODY CARE,FAITH IN NATURE,DY839,Shampoo - Jojoba,Smoothing. Normal/dry hair,6 X 400ML,18.86,1,5.35,,,,,,V,708002400612,708002410611,,
VEGAN CHEESE,GREENVIE,CV629,Blue Cheese Wedge,,10 X 200G,26.46,,3.59,,,G,,,V,5292874001374,5292874001381,,
DRINKS (CHILLED),KARMA,CV259,Sunset Ltd. Edition Kombucha,with Pineapple,6 X 1L,19.72,1,5.29,B,F,,O,,V,3760192494540,03760192494557,,
FRUIT - DRIED,SUMA BAGGED DOWN - ORGANIC,DR423,Vine Fruit Mix - organic,,1 KG,7.49,,,,,,O,,V,5017601014805,,,
VERAGES,,,,,,,,,,,,,,,,,,
CRISPS & SNACKS,PIPERS CRISPS,ZX434,Wild Thyme & Rosemary,,24 X 40G,12.35,1,0.85,,,G,,S,V,5033060100316,5033060100330,N,
BEANS & PULSES - DRIED,SUMA BAGGED DOWN,PU040,Lentils - red split,,10 KG,21.95,,0.00,,,,,,V,5017601060406,,,
CONVENIENCE FOODS,SUMA,VF210,Spicy Chorizo Style Stew,With Chickpeas & Peppers,12 X 400G,17.00,,1.91,,,,,,V,,,,
VEGAN CHEESE,VIOLIFE,CV546,Prosociano Cheese,Italian Hard Style,11 X 150G,36.59,,4.45,,,,,,V,5202390017834,25202390017838,,
BABY & CHILD FOOD,ORGANIX,BB029,Cheese & Herb Corn Puffs,from 10 months,3 X 4 X 15G,7.36,,3.29,,,G,O,,,5024121887307,5024121314803,N,
TOFU & TEMPEH (CHILLED),CAULDRON,CV562,Organic Marinated Tofu Pieces,,6 X 160G,15.40,,3.40,,,,O,S,V,5013683305466,05013683305473,,
PASTA,CORNWALL PASTA CO.,WT107,Pasta - Mafalda,Organic,6 X 500G,17.96,,3.99,,,,O,,V,0633710789899,0633710789936,,
BREADS & BREAD MIXES,AMAIZIN,BT329,Organic Tortilla Wraps,,16 X 240G,34.93,,2.95,,,,O,,V,8717496903990,8717496904218,,
BODY CARE,FAITH IN NATURE,DY188,Shampoo - Jojoba,Smoothing. Normal/dry Hair,5L,36.50,1,59.99,,,,,,V,708002900617,708002920615,,29 SEP 25
VEGAN CHEESE,GREENVIE,CV639,Camembert Flavour Block,,8 X 200G,22.45,,3.80,,,G,,,V,5292874002210,013529287400221,,
SOFT DRINKS,KARMA DRINKS,JU164,Tropikool - Mango & P'fruit,Organic and Fairtrade,24 X 250ML,22.29,1,1.49,,F,G,O,S,V,05061070850051,15061070850058,,
FRUIT - DRIED,SUMA PREPACKS - ORGANIC,DR365,Vine Fruit Mix - organic,,6 X 500G,20.21,,4.49,,,,O,,V,5017601024309,05017601024293,,
ALCOHOL FREE AND LOW ALCOHOL BE,GIESEN,JU015,0% Sauvignon Blanc,,6 X 750ML,36.38,1,9.69,,,,,,V,9416040002408,9416040002415,,
NUTS & SEEDS,SUMA PREPACKS,NU093,Pistachio - roasted & salted,,6 X 125G,13.28,,2.95,,,,,,V,5017601023005,05017601022992,,
BEANS & PULSES - DRIED,BULK COMMODITIES,PU081,Lentils - red split,,25 KG,37.30,,,,,,,,V,,,,
HONEY,SUMA,HY064,Wildflower Pure Set Honey,,6 X 340G,16.70,,3.79,,,,,,,5017601601760,05017601036708,,
VEGAN CHEESE,VIOLIFE,CV442,Smoked Cheese Slices,,12 X 200G,30.31,,3.40,,,,,,V,5202390015403,25202390015407,,
BABY & CHILD FOOD,ORGANIX,BB073,Gruffalo Cocoa & Vanilla,Biscuits,3 X 5 X 20G,6.58,,3.39,,,,O,,,5024121666216,05024121666919,N,
FRUIT & VEGETABLE JUICES,CAWSTON PRESS,JU328,Apple & Elderflower,,6 X 1L,15.65,1,4.19,,,,,,V,5060054134040,05060054130448,,
PASTA,CORNWALL PASTA CO.,WT110,Pasta - Radiatori,Organic,8 X 500G,23.95,,3.99,,,,O,,V,0633710789912,0633710789950,,
BREADS & BREAD MIXES,AMAIZIN,BT268,Og Tortilla Wraps Extra Fibre,,16 X 240G,34.93,,2.95,,,,O,,V,8718976015073,8718976015080,,
BODY CARE,FAITH IN NATURE,DY773,Body Wash-Lavender & Geranium,Relaxing,6 X 500ML,18.86,1,5.35,,,,,,V,0708002173875,0708002183874,,
VEGAN CHEESE,GREENVIE,CV620,Cheddar Style Block,,8 X 250G,19.50,,3.30,,,G,,,V,5292874000155,05292874001657,,
BISCUITS CRACKERS & CRISPBREAD,DR KARG,BT001,3 Grains & 3 Seeds Crispbreads,,8 X 200G,22.17,,3.69,,,,O,,V,4033634061181,4033634866182,,
NUTS & SEEDS,SUMA BAGGED DOWN - ORGANIC,NU287,Omega Seed Mix - organic,pumpkin/sunflwr/linseed/sesame,5 KG,28.35,,,,,,O,,V,5017601025467,,,
VERAGES,,,,,,,,,,,,,,,,,,
NUTS & SEEDS,SUMA BAGGED DOWN,NU060,Pistachio - roasted & salted,,1 KG,16.55,,0.00,,,,,,V,5017601780601,,,
BEANS & PULSES - DRIED,SUMA BAGGED DOWN,PU137,Lentils - red split,,3 KG,6.45,,0.00,,,,,,V,5017601009887,,,
HONEY,SUMA,HY083,Wildflower Pure Set Honey,,3 KG,17.66,,22.00,,,,,,,5017601004011,,,
SUPPLEMENTS & REMEDIES,NATURES OWN,VM156,Multivitamin & Mineral,Euro Formula,1 X 100 TABS,18.21,1,32.50,,,,,,V,5021758001304,,,
BABY & CHILD FOOD,ORGANIX,BB247,Gingerbread Men,from 12 months,6 X 135G,14.59,,3.25,,,,O,,V,5024121222207,05024121222108,N,
FRUIT & VEGETABLE JUICES,CAWSTON PRESS,JU329,Apple & Ginger,,6 X 1L,15.65,1,4.19,,,,,,V,5060054134057,05060054130455,,
JUICE CONCENTRATES & CORDIALS,BELVOIR,JU275,Organic Elderflower Cordial,,6 X 500ML,20.91,1,5.59,,,G,O,S,V,5022019150205,05022019151202,,
PASTRY (FROZEN),DORSET PASTRY,XL124,Puff Pastry,Uncooked; ready rolled,12 X 325G,45.25,,5.05,,,,,,,5060059980017,05060059981229,,
BODY CARE,FAITH IN NATURE,DY867,Conditioner-Lavender&Geranium,Nourishing. Normal/dry hair,5L,36.50,1,59.99,,,,,,V,708002900426,708002920424,,29 SEP 25
VEGAN CHEESE,GREENVIE,CV130,Vegan Cheddar Flavour Block,,5 X 2.5KG,97.51,,,,,G,,,V,5292874000162,5292874000780,,01 SEP 25
SOFT DRINKS,KARMA DRINKS,JU800,Karma Orangeade,Organic and Fairtrade,24 X 250ML,22.29,1,1.49,,F,,O,S,V,9421902090585,09421902090608,,
NUTS & SEEDS,SUMA BAGGED DOWN - ORGANIC,NU001,Omega Seed Mix - organic,Pumpkin/sunflwr/linseed/sesame,1 KG,7.15,,,,,,O,,V,5017601028567,,,
ALCOHOL FREE AND LOW ALCOHOL BE,GIESEN,JU018,0% Merlot,,6 X 750ML,36.38,1,9.69,,,,,,V,9416040003023,9416040003085,,
NUTS & SEEDS,BULK COMMODITIES,NU058,Pistachio - roasted & salted,In shell,12.5 KG,169.65,,,,,,,,V,,,,
PATES; DIPS & TAPAS (CHILLED),THE REAL OLIVE COMPANY,CV536,Garlic & Basil Olives,,6 X 150G,16.12,,3.55,,,,O,,V,5060312395695,05060312395794,,
VEGAN BUTTER; MARGARINES & SPRE,SUMA,MA055,Soya Spread,,8 X 550G,14.94,,2.49,,,,,,V,5017601015109,05017601027867,,
BEERS,SAM SMITHS,RT008,Organic Pale Ale,Full rounded flavour,12 X 550ML,34.00,1,4.55,,,,O,,V,5010149200556,085725215274,,
BABY & CHILD FOOD,ORGANIX,BB033,Melty Carrot Puffs,from 6 months,4 X 4 X 18G,10.00,,3.35,,,G,O,,V,5024121377112,5024121377914,N,
FRUIT & VEGETABLE JUICES,CAWSTON PRESS,JU631,Cloudy Apple,Pressed from English Apples,6 X 1L,15.65,1,4.19,,,,,,V,5060054134026,05060054130431,,
JUICE CONCENTRATES & CORDIALS,BELVOIR,JU276,Organic Ginger Cordial,,6 X 500ML,20.91,1,5.59,,,G,O,S,V,5022019160204,05022019161201,,
PASTRY (FROZEN),DORSET PASTRY,XL264,Shortcrust Pastry,Uncooked; ready rolled,12 X 325G,40.04,,4.05,,,,,,,5060059980024,50600599812128,,
BODY CARE,FAITH IN NATURE,DY105,Body Wash-Lavender & Geranium,Relaxing,6 X 400ML,15.30,1,4.35,,,,,,V,708002400438,708002410239,,
VEGAN CHEESE,GREENVIE,CV595,Greek Style Cheese Block,,10 X 200G,19.59,,2.65,,,G,,,V,5292874001299,5292874001718,,
NUT & SEED BUTTERS,CYPRESSA,GH178,Tahini,,12 X 300G,32.31,,3.59,,,,,,V,5000362110206,05000362221315,,
NUTS & SEEDS,SUMA PREPACKS - ORGANIC,NU136,Omega Seed Mix - Organic,pumpkin/sunflwr/linseed/chia,6 X 125G,6.71,,1.49,,,,O,,V,5017601025481,05017601025474,,
VERAGES,,,,,,,,,,,,,,,,,,
NUTS & SEEDS,SUMA PREPACKS,NU175,Pistachio - roasted & salted,,6 X 250G,24.53,,5.45,,,,,,V,5017601021100,05017601021094,,
PATES; DIPS & TAPAS (CHILLED),THE REAL OLIVE COMPANY,CV447,Lemon & Thyme Olives,with Black Pepper,6 X 150G,16.12,,3.55,,,,O,,V,5060312395701,05060312395800,,
ADS (CHILLED),,,,,,,,,,,,,,,,,,
BEERS,SAM SMITHS,RT120,Organic Pure Brewed Lager,Clean; refreshing; crisp,12 X 550ML,34.00,1,4.55,,,,O,,V,5010149200594,10085725115250,,
BABY & CHILD FOOD,ORGANIX,BB032,Melty Tomato Slices,from 7 months,5 X 20G,3.79,,1.05,,,G,O,,V,5024121306105,05024121306808,N,
SOFT DRINKS,CAWSTON PRESS,JU238,Cloudy Apple,Lightly Sparkling,24 X 330ML,21.52,1,1.45,,,,,,V,5060054134118,05060054134163,,
FAR EASTERN FOOD,BLUE DRAGON,LJ495,Coconut Cream UHT,,12 X 250ML,21.49,,2.39,,,,,,V,5010338014964,05015612014968,,
SNACK BARS & FLAPJACKS,BOUNCE,KB600,Dipped Hazelnut Praline,,12 X 40G,15.60,1,2.09,,,G,,S,V,5060411921825,05060411921856,N,
BODY CARE,FAITH IN NATURE,DY769,Conditioner-Lavender&Geranium,Normal/dry,6 X 500ML,22.30,1,6.65,,,,,,V,0708002173820,0708002183829,,
VEGAN CHEESE,GREENVIE,CV600,Vegrill Cheese,,8 X 200G,19.50,,3.30,,,G,,S,V,5292874000940,5292874001701,,
OLIVES,CYPRESSA,KJ867,Cypressa Pitted Green Olives,,2 KG,11.19,,14.92,,,,,,V,5000362206503,,,
NUTS & SEEDS,SUMA PREPACKS - ORGANIC,NU138,Omega Seed Mix - Organic,pumpkin/sunflwr/linseed/chia,6 X 250G,11.03,,2.45,,,,O,,V,5017601026792,05017601026785,,
ALCOHOL FREE AND LOW ALCOHOL BE,GIESEN,JU016,0% Riesling,,6 X 750ML,36.38,1,9.69,,,,,,V,9416040003207,9416040003214,,
NUTS & SEEDS,SUMA BAGGED DOWN,NU059,Pistachio - Roasted & Salted,,2.5 KG,42.75,,,,,,,,V,5017601780595,,,
PATES; DIPS & TAPAS (CHILLED),THE REAL OLIVE COMPANY,CV806,Fresh Basil Pesto,,6 X 150G,17.42,,3.85,,,,O,,V,5060312395398,05060312395473,,
VEGETABLES,SUMA ORGANIC,LJ800,Supersweet Sweetcorn - Organic,Naturally Super Sweet,12 X 340G,20.25,,2.25,,,,O,,V,5017601046158,05017601046158,,
DAIRY BUTTER; CREAM & MILK,VRAI,CV632,Creme Fraiche,Glass jar,6 X 200G,10.72,,2.39,,,,O,,,3273227407045,13273227407042,,
BABY & CHILD FOOD,ORGANIX,BB717,Crunchy Sweetcorn Rings,from 7 months,8 X 20G,5.42,,0.89,,,,O,,V,5024121884306,05024121884405,N,
FRUIT & VEGETABLE JUICES,CAWSTON PRESS,JU799,Kids Cloudy Apple Juice,3 pack,6 X 3 X200ML,13.56,1,3.65,,,,,,V,5060054131124,05060054131131,,
BAKING SUNDRIES,CERTO,LJ216,Apple Pectin,contains SO2,6 X 250ML,14.84,,3.29,,,,,,V,5010338166694,05015612166704,,
SNACK BARS & FLAPJACKS,DOVES FARM,KB230,Apricot & Chia Seed Flapjack,,18 X 35G,11.91,,0.89,,,G,O,S,V,5011766300315,05011766300438,N,
BODY CARE,FAITH IN NATURE,DY890,Conditioner-Lavender&Geranium,Nourishing. Normal/dry hair,6 X 400ML,18.86,1,5.35,,,,,,V,708002400421,708002410420,,
VEGAN CHEESE,GREENVIE,CV630,Grated Mozzarella Cheese,,7 X 150G,12.30,,2.39,,,G,,,V,5292874002043,5292874001992,,
VEGETABLES,CYPRESSA,VF214,Stuffed Vineleaves,,6 X 280G,9.13,,2.03,,,,,,V,5000362112903,05000362223012,,
CRISPS & SNACKS,SUMA PREPACKS,ZX316,Super Seed And Berry Mix,Sunflower;Pumpkin;Goji;Blue',6 X 125G,5.07,,2.25,,,,,,V,5017601042310,05017601042303,,03 OCT 25
VERAGES,,,,,,,,,,,,,,,,,,
NUTS & SEEDS,SUMA PREPACKS,NU252,Pistachio - raw shelled,,6 X 125G,23.18,,5.15,,,,,,V,5017601024088,05017601024071,,
PATES; DIPS & TAPAS (CHILLED),THE REAL OLIVE COMPANY,CV538,Chilli; Cumin & Garlic Olives,,6 X 150G,16.12,,3.55,,,G,O,,V,5060312395817,05060312395824,,
VEGETABLES,SUMA ORGANIC,LJ270,Supersweet Sweetcorn - Organic,Naturally Super Sweet,12 X 160G,13.50,,1.50,,,,O,,V,5017601047711,05017601047704,,
DESSERTS & PUDDINGS (CHILLED),VRAI,CV634,Sheep's Milk Chocolate Dessert,Glass jar,12 X 110G,14.64,,1.65,,,,O,S,,3467397340312,13467397340319,,
BABY & CHILD FOOD,ORGANIX,BB036,Strawberry Rice Cake,,6 X 40G,9.57,,2.15,,,,O,,V,5024121805127,05024121805929,N,
FRUIT & VEGETABLE JUICES,CAWSTON PRESS,JU444,Apple & Rhubarb,,6 X 1L,15.65,1,4.19,,,,,,V,5060054134064,05060054130462,,
SWEET SNACKS,COTSWOLD FUDGE CO,ZX064,Vegan Btterscotch Fudge,,12 X 150G,29.50,1,3.95,,F,G,,S,V,5060182760661,5060182760661,,
SNACK BARS & FLAPJACKS,DOVES FARM,KB261,Apricot & Chia Seed Flapjack,,7 X 4 X 35G,15.07,,2.89,,,G,O,S,V,5011766300322,05011766300445,N,
BODY CARE,FAITH IN NATURE,DY870,Body Wash-Lavender & Geranium,Relaxing,5L,30.00,1,50.00,,,,,,V,708002900433,708002920479,,
VEGAN CHEESE,GREENVIE,CV611,Mozzarella Block,,8 X 250G,19.50,,3.30,,,G,,,V,5292874000063,5292874001671,,
FERMENTATION & CULTURES,KEFIRKO,NF258,Kefir Maker Large 1.4L Blue,Grains sold separately,SINGLE,18.74,1,29.99,,,,,,,3830063020144,,,
CRISPS & SNACKS,BULK COMMODITIES,ZX087,Trail Mix,,10 KG,69.95,,,,,,,S,V,5017601990871,,,
ALCOHOL FREE AND LOW ALCOHOL BE,GIESEN,JU019,0% Sparkling White,,6 X 750ML,47.60,1,12.69,,,,,,,9416040003337,9416040003375,,
NUTS & SEEDS,SUMA BAGGED DOWN,NU251,Pistachio - raw; shelled,,1 KG,32.25,,,,,,,,V,5017601009399,,,
PATES; DIPS & TAPAS (CHILLED),THE REAL OLIVE COMPANY,CV903,Smoky Harissa Meze Dip,,6 X 150G,15.07,,3.35,,,,,,V,5060312396241,05060312396258,,
SUPPLEMENTS & REMEDIES,VEGAN SOCIETY,VM241,VEG 1 - Blackcurrant Flavour,Multivitamin Chewy Tablets,1 X 90 TABS,6.43,1,10.29,,,,,S,V,5065000944056,,,
FLOURS & BREAD MIXES,BACHELDRE,FG165,Stoneground Malted Blend Flour,,5 X 1.5KG,11.73,,3.15,,,,O,,V,5024624000111,5060062067095,N,
SOFT DRINKS,CAWSTON PRESS,JU265,Apple & Rhubarb,Lightly Sparkling,24 X 330ML,21.52,1,1.45,,,,,,V,5060054134132,05060054134187,,
SWEET SNACKS,COTSWOLD FUDGE CO,ZX463,Vegan Chocolate Fudge,,12 X 150G,29.50,1,3.95,,F,G,,S,V,5060182760036,5060182760036,,
CEREALS & MUESLIS,DOVES FARM,MX090,Breakfast Flakes,,5 X 375G,17.66,,4.69,,,G,O,,V,5011766778138,05011766578141,,
BODY CARE,FAITH IN NATURE,DY611,Hand Body Lotion Lav Geranium,,6 X 400ML,18.86,1,5.35,,,,,,V,708002410452,708002400451,,
VEGAN CHEESE,GREENVIE,CV129,Vegan Mozzarella Flavour Block,,5 X 2.5KG,97.51,,,,,G,,,V,5292874000339,5292874000797,,01 SEP 25
FERMENTATION & CULTURES,KEFIRKO,NF268,Kombucha Starter 100ml,,1 X 100ML,9.36,1,14.99,,,,O,,V,3830063020380,,,
FRUIT - DRIED,SUMA BAGGED DOWN,DR069,Vine Fruit Mix,,5 KG,24.75,,,,,,,,V,5017601340690,,,
VERAGES,,,,,,,,,,,,,,,,,,
NUTS & SEEDS,BULK COMMODITIES,NU300,Pistachio - raw; shelled,,10 KG,275.38,,,,,,,,V,,,,
PATES; DIPS & TAPAS (CHILLED),THE REAL OLIVE COMPANY,CV554,Kalamata Olives,,6 X 180G,17.21,,3.80,,,,O,,V,5060312396715,05060312396760,,
SUPPLEMENTS & REMEDIES,VEGAN SOCIETY,VM245,VEG 1 - Orange Flavour,Multivitamin Chewy Tablets,1 X 90 TABS,6.43,1,10.29,,,,,S,V,5065000944049,,,
FLOURS & BREAD MIXES,BACHELDRE,FG187,Stoneground Plain White Flour,,5 X 1.5KG,11.09,,2.95,,,,O,,V,5024624100019,5060062067040,N,
FRUIT & VEGETABLE JUICES,CAWSTON PRESS,JU090,Brilliant Beetroot,,6 X 1L,15.51,1,4.15,,,,,,V,5060054134033,05060054130424,,
SWEET SNACKS,COTSWOLD FUDGE CO,WS202,Vegan Caramel & Sea Salt Fudge,,12 X 150G,29.50,1,3.95,,,G,,S,V,5060182760517,5060182760319,,
CEREALS & MUESLIS,DOVES FARM,MX088,Cocoa Rice Pops,,5 X 300G,13.36,,3.55,,,G,O,S,V,5011766778152,05011766578165,,
BODY CARE,FAITH IN NATURE,DY612,Lotion - Lavender & Geranium,,5L,39.29,1,65.00,,,,,,V,708002900457,,,
VEGAN CHEESE,GREENVIE,CV633,Original Cheese Spread,,8 X 200G,17.29,,2.90,,,G,,,V,5292874002265,5292874002357,,
FERMENTATION & CULTURES,KEFIRKO,NF265,Milk Kefir Grains 1g,Dehydrated grains =6g hydrated,1 X SACHET,9.36,1,14.99,,,,O,,,3830063020397,,,
FRUIT - DRIED,SUMA BAGGED DOWN,DR691,Vine Fruit Mix,,1 KG,6.35,,,,,,,,V,5017601009115,,,
ALCOHOL FREE AND LOW ALCOHOL BE,LA GIOIOSA,JU179,0.0% Prosecco-style Sparkling,Exotic fruit and citrus notes,6 X 750ML,28.86,1,7.69,,,,,,V,8006805220027,8006805221024,,
BODY CARE,PITROK,DY175,Deodorant Spray - Fragranced,Fragranced - For Men,6 X 100ML,17.85,1,4.99,,,,,,V,814867000505,00814867000512,,
PATES; DIPS & TAPAS (CHILLED),THE REAL OLIVE COMPANY,CV902,Kalamata Olive Meze Dip,,6 X 150G,15.07,,3.35,,,,,,V,5060312396210,05060312396227,,
SUPPLEMENTS & REMEDIES,VEGAN SOCIETY,VM244,VEG 1 - Blackcurrant Flavour,Multivitamin Chewy Tablets,1 X 180 TABS,12.15,1,19.49,,,,,S,V,5065000944070,5065000944070,,
FLOURS & BREAD MIXES,BACHELDRE,FG175,Stoneground Rye Flour,,5 X 1.5KG,9.77,,2.59,,,,O,,V,5024624000128,5060062067064,N,
SOFT DRINKS,CAWSTON PRESS,JU350,Cloudy Lemonade,,24 X 330ML,21.52,1,1.45,,,,,,V,5060054132725,05060054132732,,
SWEET SNACKS,COTSWOLD FUDGE CO,ZX464,Vegan Seasalt Fudge,,12 X 150G,29.50,1,3.95,,F,G,,S,V,5060182760043,5060182760043,,
CEREALS & MUESLIS,DOVES FARM,MX080,Fruit & Fibre Flakes,,5 X 375G,18.76,,4.99,,,G,O,S,V,5011766778121,05011766578134,,
BODY CARE,FAITH IN NATURE,DY270,Hand Wash-Lavender & Geranium,,5L,30.00,1,50.00,,,,,,V,0708002900495,0708002920493,,
VEGAN CHEESE,GREENVIE,CV598,Grated Parveggio,,8 X 100G,11.72,,1.99,,,G,,,V,5292874000032,5292874001695,,
FERMENTATION & CULTURES,KEFIRKO,NF260,Sourdough Fermenter 900ml,Starter sold separately,SINGLE,18.74,1,29.99,,,,,,,3830063021301,,,
BURGERS SAUSAGES & TVP MIXES,SUMA PREPACKS,VF153,Nut Roast Mix - Savoury/Vegan,,6 X 370G,17.06,,3.79,,,,,S,V,5017601039518,05017601039501,,
VERAGES,,,,,,,,,,,,,,,,,,
BODY CARE,PITROK,DY250,Push Up Crystal Deodorant,,6 X 100G,27.55,1,7.29,,,,,,V,0814867000307,00814867000314,,
PATES; DIPS & TAPAS (CHILLED),THE REAL OLIVE COMPANY,CV549,Nocellara Del Belice Olives,,6 X 180G,17.98,,3.99,,,,O,,V,5060312396708,05060312396753,,
SUPPLEMENTS & REMEDIES,VEGAN SOCIETY,VM246,VEG 1 - Orange Flavour,Multivitamin Chewy Tablets,1 X 180 TABS,12.15,1,19.49,,,,,S,V,5065000944063,,,
FLOURS & BREAD MIXES,BACHELDRE,FG179,Stoneground Spelt Flour,,5 X 1.5KG,16.43,,4.39,,,,O,,V,5024624000135,5060062067071,N,
SOFT DRINKS,CAWSTON PRESS,JU478,Elderflower Lemonade,Lightly Sparkling,24 X 330ML,21.52,1,1.45,,,,,,V,5060054134323,05060054134330,,
SWEET SNACKS,COTSWOLD FUDGE CO,ZX465,Vegan Vanilla Fudge,,12 X 150G,29.50,1,3.95,,F,G,,S,V,5060182761200,5060182761200,,
CEREALS & MUESLIS,DOVES FARM,MX081,Cereal Hoops,,5 X 300G,16.90,,4.49,,,G,O,,V,5011766778145,05011766578158,,
BODY CARE,FAITH IN NATURE,DY640,Loose Soap - Grapefruit,With 4 essential oils,18 X 100G,28.19,1,2.66,,,,,,V,708002600869,,N,
VEGAN CHEESE,GREENVIE,CV631,Smoked Gouda Slices,,11 X 180G,19.41,,2.39,,,G,,,V,5292874000100,5292874001787,,
FERMENTATION & CULTURES,KEFIRKO,NF271,Sourdough Starter - Dried 15g,,1 X SACHET,9.36,1,14.99,,,,O,,V,3830063021394,,,
BURGERS SAUSAGES & TVP MIXES,SUMA BAGGED DOWN,VF157,Nut Roast Mix - Savoury/Vegan,,1 KG,7.35,,,,,,,S,V,5017601039549,05017601039556,,
ALCOHOL FREE AND LOW ALCOHOL BE,LA GIOIOSA,JU036,0.0% Sparkling Rose,,6 X 750ML,28.86,1,7.69,,,,,,V,8006805377028,8006805378025,,
JUICE CONCENTRATES & CORDIALS,ROCKS,JU426,Blackcurrant Squash,,6 X 740ML,15.43,1,4.15,,,,,S,V,5023762000113,05023762000175,,
BEANS & PULSES - CANNED,SUMA,VF707,Borlotti Beans,,12 X 400G,8.55,,0.95,,,,,,V,5017601057079,05017601057086,,
FLOURS & BREAD MIXES,BACHELDRE,FG160,Stoneground Strong White Flour,,5 X 1.5KG,11.09,,2.95,,,,O,,V,5024624000081,5060062067057,N,
SOFT DRINKS,CAWSTON PRESS,JU477,Ginger Beer,Lightly Sparkling,24 X 330ML,21.52,1,1.45,,,,,,V,5060054134125,05060054134170,,
GRAINS,SUMA PREPACKS,QS051,Couscous,,6 X 500G,9.41,,2.09,,,,,,V,5017601018445,05017601018865,,
SNACK BARS & FLAPJACKS,DOVES FARM,KB228,Apple & Sultana Flapjack,,18 X 35G,11.91,,0.89,,,G,O,S,V,5011766300162,05011766300285,N,
BODY CARE,FAITH IN NATURE,DY766,Shampoo - Lavender & Geranium,Normal/dry,6 X 500ML,22.30,1,6.65,,,,,,V,0708002173813,0708002183812,,
VEGAN CHEESE,GREENVIE,CV628,Plant-Based Sour Cream,,8 X 200G,18.30,,3.10,,,G,,,V,5292874002272,5292874002364,,
FERMENTATION & CULTURES,KEFIRKO,NF262,Vegetable Fermenter 1.4L,Grains sold separately,SINGLE,21.86,1,34.99,,,,,,,3830063021066,,,
BAKING SUNDRIES,MUMMY MEEGZ,ZX304,M's Gems,M!lk Choc in crunchy shell,1 X 1KG,19.35,1,30.99,,,G,,S,V,5060595790729,5060595790705,,
VERAGES,,,,,,,,,,,,,,,,,,
JUICE CONCENTRATES & CORDIALS,ROCKS,JU427,Lemon Squash,,6 X 740ML,15.43,1,4.15,,,,,S,V,5023762000120,05023762000182,,
BEANS & PULSES - CANNED,SUMA,VF119,Butter Beans,,12 X 400G,8.55,,0.95,,,,,,V,5017601051190,05017601051206,,
FLOURS & BREAD MIXES,BACHELDRE,FG162,Strong 100% Wholemeal Flour,,5 X 1.5KG,11.09,,2.95,,,,O,,V,5024624000074,5060062067088,N,
FRUIT & VEGETABLE JUICES,CAWSTON PRESS,JU308,Kids Apple & Mango Juice,3 pack,6 X 3 X200ML,13.56,1,3.65,,,,,,V,5060054130110,05060054130301,,
GRAINS,SUMA BAGGED DOWN,QS018,Couscous,,10 KG,31.85,,,,,,,,V,5017601480181,,,
SNACK BARS & FLAPJACKS,DOVES FARM,KB237,Apple & Sultana Flapjack,,7 X 4 X 35G,15.07,,2.89,,,G,O,S,V,5011766300179,05011766300292,N,
BODY CARE,FAITH IN NATURE,DY503,Shampoo - Lavender & Geranium,Nourishing. Normal/dry hair,6 X 400ML,18.86,1,5.35,,,,,,V,708002400414,708002410413,,
VEGAN CHEESE,GREENVIE,CV638,Vintage Cheddar Cheese,,10 X 200G,18.43,,2.50,,,G,,,V,5292874001886,5292874001893,,
FERMENTATION & CULTURES,KEFIRKO,NF264,Water Kefir Grains 5g,Dehydrated grains =30g hydrate,1 X SACHET,9.36,1,14.99,,,,O,,V,3830063020403,,,
CHOCOLATE,MUMMY MEEGZ,KB870,Choccy Balls,Oat M!lk Chocolate,22 X 36G,29.23,1,2.15,,,,,S,V,5060595790521,5060595790514,N,
WINES,WHITE WINE,WN029,Giesen Sauvignon Blanc,,6 X 750ML,66.07,1,17.59,,,,O,,V,9416040100364,29416040000347,,
JUICE CONCENTRATES & CORDIALS,ROCKS,JU428,Orange Squash,,6 X 740ML,15.43,1,4.15,,,,,S,V,5023762000137,05023762000373,,
BEANS & PULSES - CANNED,SUMA,VF709,Cannellini Beans,,12 X 400G,8.55,,0.95,,,,,,V,5017601057093,05017601057106,,
BAGS; BOXES AND BASKETS,SUMA,NF487,NatureFlex Bags - Large,Block Bottom 4" x 6" x 11",1 X 1000BAGS,93.81,1,,,,,,,V,,,N,
FRUIT & VEGETABLE JUICES,CAWSTON PRESS,JU309,Kids Apple & Pear Juice,3 pack,6 X 3 X200ML,13.56,1,3.65,,,,,,V,5060054130127,05060054130318,,
GRAINS,BULK COMMODITIES,QS017,Couscous,,25 KG,52.13,,,,,,,,V,,,,
BAKING SUNDRIES,DOVES FARM,LJ168,Baking Powder Bulk,,3 X 1KG,19.30,,,,,G,,,V,,05011766110419,,
BODY CARE,FAITH IN NATURE,DY050,Loose Soap - Aloe Vera,With ylang ylang & patchouli,18 X 100G,28.19,1,2.66,,,,,,V,708002600562,,N,
HONEY,COMVITA,HY079,5+ Manuka Honey,,6 X 250G,73.54,,16.49,,F,G,,,,9400501001109,05012171000135,,
CRISPS & SNACKS,KETTLE CHIPS,ZX427,Sheese & Red Onion,made with vegan sheese,8 X 130G,18.48,1,3.75,,,G,,,V,5017764901349,05017764901493,N,
CHOCOLATE,MUMMY MEEGZ,KB159,Choccy Balls Advent Calendar,oat m!lk chocolate,6 X 288G,60.00,1,15.99,,,,,S,V,5060595790675,15060595790672,,
WINES,RED WINE,WN020,Integro Organic Primitivo,Smoky plum; cherry fruit,6 X 75CL,55.28,1,14.75,,,G,O,,V,8034115194585,8034115194592,,
JUICE CONCENTRATES & CORDIALS,ROCKS,JU022,Summer Fruits Squash,,6 X 740ML,15.43,1,4.15,,,,,S,V,5023762000632,50237620006494,,
BEANS & PULSES - CANNED,SUMA ORGANIC,VF395,Cannellini Beans - Organic,,12 X 400G,11.62,,1.29,,,,O,,V,5017601027775,05017601027768,,
BAGS; BOXES AND BASKETS,SUMA,NF477,NatureFlex Bags - Extra Large,Block Bottom 13" X 8" X 5",1 X 1000BAGS,136.21,1,,,,,,,V,,,N,
FRUIT & VEGETABLE JUICES,CAWSTON PRESS,JU014,Kids Apple & Summer Berries,3 pack,6 X 3 X200ML,13.56,1,3.65,,,,,,V,5060054130134,05060054130325,,
GRAINS,SUMA BAGGED DOWN,QS062,Couscous,,3 KG,8.29,,,,,,,,V,5017601480624,,,
FLOURS & BREAD MIXES,DOVES FARM,FG995,Wholewheat Flour,for breadmaking,25 KG,28.04,,,,,,O,,V,05011766110617,,,
BODY CARE,FAITH IN NATURE,DY154,Loose Soap - Hemp,With green tea,18 X 100G,28.19,1,2.66,,,,,,V,708002601163,,N,
HONEY,COMVITA,HY155,5+ Manuka Honey,,4 X 500G,78.85,,26.49,,F,G,,,,940050100110,5012171000159,,
SUPPLEMENTS & REMEDIES,KIKI HEALTH,VM388,Body Biotics,8 Strains Of Friendly Bacteria,1 X 60 CAPS,12.74,1,25.16,,,G,,,V,50562558,,,
WINES,RED WINE,WN045,Melea Monastrell,Spanish wine - red berry aroma,6 X 75CL,54.64,1,14.59,,,,O,,V,8437006043762,18437006043769,,
DESSERTS; DAIRY (FROZEN),ROSKILLYS,XL325,Chocolate Ice Cream,,6 X 500ML,23.65,1,6.30,,,,O,S,,5060014402325,5060014404930,,
BEANS & PULSES - CANNED,SUMA,VF117,Chickpeas,,12 X 400G,8.55,,0.95,,,,,,V,5017601016939,05017601051176,,
BAGS; BOXES AND BASKETS,SUMA,NF482,NatureFlex Bags - XSmall,Block Bottom 3" X 4.5" X 5",1 X 1000BAGS,43.95,1,,,,,,,V,,,N,
SOFT DRINKS,CAWSTON PRESS,JU231,Orange,Lightly Sparkling,24 X 330ML,21.52,1,1.45,,,,,,V,5060054131803,05060054131797,,
GRAINS,SUMA PREPACKS - ORGANIC,QS301,Couscous - wholemeal; organic,,6 X 500G,10.79,,2.39,,,,O,,V,5017601020561,05017601020554,,
BAKING SUNDRIES,DOVES FARM,LJ202,Bicarbonate of Soda,,5 X 200G,6.62,,1.79,,,G,,,V,5011766222419,05011766022439,,
BODY CARE,FAITH IN NATURE,DY005,Loose Soap - Lavender,,18 X 100G,28.19,1,2.66,,,,,,V,708002650468,708002600463,N,
SUGARS & SYRUPS,SHADY MAPLE FARMS,HY025,Maple Syrup - organic,,12 X 250ML,86.02,,9.49,,,,O,,V,066676203305,30066676203306,,
FAR EASTERN FOOD,KIKKOMAN,JP067,Tamari Gluten Free Soy Sauce,,6 X 150ML,16.13,,3.59,,,G,,,V,8715035150102,18715035150130,,
WINES,WHITE WINE,WN042,Melea Verdejo Sauvignon Blanc,Dry and citrusy Spanish wine,6 X 75CL,49.38,1,13.19,,,,O,,V,8436555721114,18436555721111,,
DESSERTS; DAIRY (FROZEN),ROSKILLYS,XL220,Vanilla Ice Cream,With Clotted Cream,6 X 500ML,23.65,1,6.30,,,,O,S,,5060014402318,5060014404909,,
BAGS; BOXES AND BASKETS,SUMA,NF437,String Bag-Lg Handles-Charcoal,100% Recycled plastic bottles,1 X BAG,2.80,1,4.49,,,,,,V,5017601048510,05017601048503,,
BEANS & PULSES - CANNED,SUMA ORGANIC,VF325,Butter Beans - Organic,,6 X 2.6KG,31.40,,6.99,,,G,O,,V,5017601052258,05017601052241,,
BAGS; BOXES AND BASKETS,SUMA,NF484,NatureFlex Bags - Small,Block Bottom 3" X 4.5" X 7",1 X 1000BAGS,50.48,1,,,,,,,V,,,N,
FRUIT & VEGETABLE JUICES,CAWSTON PRESS,JU352,Sunshine Orange Fruit Water,,18 X 200ML,13.67,1,1.25,,,,,,V,96207932,05060054131841,,
GRAINS,SUMA BAGGED DOWN - ORGANIC,QS152,Corn Couscous - Organic,,3 KG,15.65,,,,,,O,,V,05017601041009,,,
SNACK BARS & FLAPJACKS,DOVES FARM,KB445,Banana & Chocolate Oat Bar,,18 X 35G,11.50,,0.85,,,G,O,S,V,5011766300520,05011766300667,N,
BODY CARE,FAITH IN NATURE,DY006,Loose Soap - Orange,,18 X 100G,28.19,1,2.66,,,,,,V,708002601668,708002600463,N,
HONEY,COMVITA,HY687,15+ Manuka Honey,,4 X 250G,174.85,,58.29,,F,G,,,,9400501005558,5012171000173,,
FAR EASTERN FOOD,KIKKOMAN,JP136,Teriyaki Marinade,gluten free,6 X 250ML,18.36,,3.99,,,G,,S,V,8715035290303,18715035290331,,
WINES,RED WINE,WN044,Melea Tempranillo,Spanish; black fruit aroma,6 X 75CL,51.90,1,13.85,,,,O,,V,8436555721107,18436555721104,,
DESSERTS; DAIRY (FROZEN),ROSKILLYS,XL326,Mint Choc Chip Ice Cream,,6 X 500ML,23.65,1,6.30,,,,O,S,,5060014404251,5060014404954,,
BAGS; BOXES AND BASKETS,SUMA,NF438,String Bag-Lg Handles-Ivory,100% Recycled plastic bottles,1 X BAG,2.80,1,4.49,,,,,,V,5017601048534,05017601048527,,
BEANS & PULSES - CANNED,SUMA ORGANIC,VF645,Butter Beans - Organic,,12 X 400G,11.16,,1.25,,,,O,,V,5017601014133,05017601014201,,
FRUIT & VEGETABLE JUICES,CAWSTON PRESS,JU214,Orange Juice,,6 X 1L,19.80,1,5.29,,,,,,V,5060054131995,05060054132008,,
GRAINS,SUMA PREPACKS - ORGANIC,QS150,Corn Couscous - Organic,,6 X 500G,15.98,,3.55,,,,O,,V,5017601040996,05017601040989,,
SNACK BARS & FLAPJACKS,DOVES FARM,KB456,Banana & Chocolate Oat Bar,,7 X 4 X 35G,14.65,,2.79,,,G,O,S,V,5011766300537,05011766300674,N,
BODY CARE,FAITH IN NATURE,DY008,Loose Soap - Rosemary,,18 X 100G,28.19,1,2.66,,,,,,V,708002650161,708002600166,N,
SUGARS & SYRUPS,RAYNERS,LJ901,Black Treacle - organic,,6 X 340G,13.93,,3.09,,,G,O,,V,5019998628405,05019998760006,,
SUPPLEMENTS & REMEDIES,KIKI HEALTH,VM390,Inulin Powder,Soluble Fiber,1 X 250G,8.10,,13.05,,,G,O,,V,5060018515847,,,
WINES,WHITE WINE,WN015,Natuurlik Chenin Blanc,,6 X 750ML,58.07,1,15.49,,,,O,,V,6009679752726,16009679752723,,
DESSERTS; DAIRY (FROZEN),ROSKILLYS,XL219,Caramel Crunch Ice Cream,,6 X 500ML,23.65,1,6.30,,,,O,S,,5060014402486,5060014404893,,
BAGS; BOXES AND BASKETS,SUMA,NF450,String Bag-Lg Handles-Mulberry,100% Recycled plastic bottles,1 X BAG,2.80,1,4.49,,,,,,V,5017601048572,05017601048565,,
BEANS & PULSES - CANNED,SUMA ORGANIC,VF642,Chickpeas - Organic,,12 X 400G,11.62,,1.29,,,,O,,V,5017601014102,05017601014171,,
TEAS,CHEERFUL BUDDHA,TE217,Lion's Mane Mushroom Black Tea,,6 X 15PK,22.46,,4.99,,,,,,V,796548596869,781005319969,,
GRAINS,SUMA BAGGED DOWN - ORGANIC,QS049,Couscous - wholemeal; organic,,3 KG,9.49,,,,,,O,,V,5017601004363,,,
BAKING SUNDRIES,DOVES FARM,LJ206,Baking Powder,,5 X 130G,7.25,,1.95,,,G,,,V,5011766222426,05011766022446,,
BODY CARE,FAITH IN NATURE,DY637,Loose Soap - Fragrance Free,With seaweed,18 X 100G,28.19,1,2.66,,,,,,V,708002600265,,N,
FAR EASTERN FOOD,KIKKOMAN,JP065,Less Salt Soy Sauce,,6 X 150ML,15.50,,3.49,,,,,,V,8715035130104,18715035130132,,
WINES,RED WINE,WN017,Natuurlik Pinotage,,6 X 750ML,58.07,1,15.49,,,,O,,V,6009679753082,16009679753089,,
DESSERTS; DAIRY (FROZEN),ROSKILLYS,XL327,Strawberry Ice Cream,,6 X 500ML,23.65,1,6.30,,,,O,S,,5060014402332,5060014404961,,
BAGS; BOXES AND BASKETS,SUMA,NF053,String Bag-Lg Handles-Natural,100% Recycled Plastic Bottles,1 X BAG,2.80,1,4.49,,,,,,V,5017601049715,05017601049708,,
BEANS & PULSES - CANNED,SUMA ORGANIC,VF647,Green Lentils - Organic,,12 X 400G,11.62,,1.29,,,,O,,V,5017601014157,05017601014225,,
TEAS,CHEERFUL BUDDHA,TE221,Lion's Mane Mushroom Decaf Tea,Naturally decaffeinated,6 X 15PK,22.46,,4.99,,,G,,,V,796548596876,796548596890,,
GRAINS,BULK COMMODITIES - ORGANIC,QS115,Couscous - wholemeal; organic,,20 KG,48.67,,,,,,O,,V,,,,
FLOURS & BREAD MIXES,DOVES FARM,FG117,Rice Flour,Beige Bag Brown Logo,5 X 1KG,9.59,,2.55,,,G,,,V,5011766010085,05011766110204,N,
BODY CARE,FAITH IN NATURE,DY239,Loose Soap - Tea Tree,,18 X 100G,28.19,1,2.66,,,,,,V,708002650765,708002600760,N,
SUPPLEMENTS & REMEDIES,KIKI HEALTH,VM110,Magnesium Oil Spray,For Tired Muscles,1 X 125ML,5.72,1,11.25,,,G,,,V,5060018511580,5060018511580,,
WINES,SPARKLING WINE,WN133,Proverbio Prosecco,Aromatic; Apple; Citrus,6 X 75CL,59.82,1,15.95,,,,O,,V,8034115193199,,,
BODY CARE,PITROK,DY235,Deodorant Stick Refill,,6 X 100G,13.78,1,7.29,,,,,,V,814867000062,00814867000086,,03 OCT 25
TOFU & TEMPEH (CHILLED),CLEAR SPOT,CV612,Oriental Tofu,,8 X 225G,20.50,,3.40,,,,O,,V,5034467000179,05034467000278,,
BAGS; BOXES AND BASKETS,SUMA,NF051,String Bag-Lg Handles-Ochre,100% Recycled plastic bottles,1 X BAG,2.80,1,4.49,,,,,,V,5017601049692,05017601049685,,
BEANS & PULSES - CANNED,SUMA ORGANIC,VF644,Haricot Beans - Organic,,12 X 400G,9.87,,1.09,,,,O,,V,5017601014126,05017601014195,,
TEAS,CHEERFUL BUDDHA,TE287,Lion's Mane Mushroom Green Tea,,6 X 15PK,22.46,,4.99,,,G,,,V,796548596883,781005319952,,
GRAINS,BULK COMMODITIES,QS031,Couscous - Pearl,Italy,25 KG,64.58,,,,,,,,V,,,,
PASTA,DOVES FARM,WT038,Organic Brown Rice Fusilli,,8 X 500G,24.99,,4.19,,,G,O,,V,5011766666626,05011766666190,,
BODY CARE,FAITH IN NATURE,DY056,Wrapped Soap - Blue Cedar,Rich & distinctive,6 X 100G,12.34,1,3.49,,,,,,V,708002304668,708002314667,,
FAR EASTERN FOOD,KIKKOMAN,JP051,Organic Soy Sauce,,6 X 250ML,22.57,,4.99,,,,O,,V,4901515114564,18715035470337,,
ALCOHOL FREE AND LOW ALCOHOL BE,VOM KALKSTEIN,JU033,Riesling 0.05%,,6 X 750ML,26.33,1,6.99,,,,,,V,4069600019146,04069600019153,,
BODY CARE,PITROK,DY220,Roll On Crystal Deodorant,For Women,6 X 50ML,17.85,1,4.99,,,,,,V,50450138,05011218980867,,
NUTS & SEEDS,SUMA BAGGED DOWN,NU237,Cashew Nuts - baked & salted,,1 KG,15.29,1,,,,,,,V,5017601009429,,,
BAGS; BOXES AND BASKETS,SUMA,NF439,String Bag-Lg Handles-Teal,100% Recycled plastic bottles,1 X BAG,2.80,1,4.49,,,,,,V,5017601048558,05017601048541,,
BEANS & PULSES - CANNED,SUMA ORGANIC,VF649,Mixed Beans - Organic,,12 X 400G,11.62,,1.29,,,,O,,V,5017601014164,05017601014232,,
HERB & FRUIT TEA INFUSIONS,CHEERFUL BUDDHA,TE487,Lion's Mane Mushroom Lemon Tea,With Ginger,6 X 15 BAGS,22.79,,4.99,,,G,,,V,0726436349932,0726436349949,,
GRAINS,SUMA BAGGED DOWN,QS032,Couscous - Pearl,,3 KG,10.35,,,,,,,,V,5017601035411,,,
PASTA,DOVES FARM,WT047,Organic Brown Rice Penne Pasta,,8 X 400G,20.00,,3.35,,,G,O,,V,5011766666503,5011766066518,,
BODY CARE,FAITH IN NATURE,HJ023,Pump for 5ltr Bulk Containers,,EACH,3.93,1,6.29,,,,,,V,708002800054,,,
SUPPLEMENTS & REMEDIES,KIKI HEALTH,VM128,Himalayan Shilajit Resin,Boost Energy Levels,1 X 30G,20.55,1,40.50,,,G,,,V,5060018516608,5060018516608,,
VERAGES,,,,,,,,,,,,,,,,,,
BODY CARE,PITROK,DY139,Spray Deodorant,Hand Pump Spray,6 X 100ML,17.85,1,4.99,,,,,,V,0814867000208,00814867000215,,
BAKING SUNDRIES,THURSDAY COTTAGE,VF126,Mincemeat,,6 X 340G,20.14,,4.49,,,,,S,V,059471805010,00059471805119,,
BAGS; BOXES AND BASKETS,SUMA,NF451,String Bag-Lg Handles-Pumpkin,100% Recycled plastic bottles,1 X BAG,2.80,1,4.49,,,,,,V,5017601048596,05017601048589,,
BEANS & PULSES - CANNED,SUMA ORGANIC,VF073,Brown Lentils - Organic,,12 X 400G,11.62,,1.29,,,,O,,V,5017601048190,05017601048183,,
HERB & FRUIT TEA INFUSIONS,CHEERFUL BUDDHA,TE488,Lion's Mane Mushroom Mint Tea,With Chamomile,6 X 15 BAGS,22.79,,4.99,,,G,,,V,0726436349918,0726436349925,,
GRAINS,SUMA PREPACKS,QS041,Couscous - Pearl,,6 X 500G,11.03,,2.45,,,,,,V,5017601035435,05017601035428,,
BODY CARE,FAITH IN NATURE,DY868,Shampoo - Lavender & Geranium,Nourishing. Normal/dry hair,5L,36.50,1,59.99,,,,,,V,0708002900419,0708002920417,,29 SEP 25
FAR EASTERN FOOD,KIKKOMAN,JP062,Soy Sauce,,6 X 150ML,15.50,,3.49,,,,,,V,8715035110106,18715035110134,,
ALCOHOL FREE AND LOW ALCOHOL BE,VALLFORMOSA,JU005,0% Cava,,6 X 750ML,35.28,1,9.39,,,,,,V,8413216102239,8413216202236,,
BABY CARE,PITTAPATTA,DY784,Organic Cheeky Barrier Cream,with organic mango butter,10 X 150ML,35.00,1,5.99,,,,O,,V,5060202920549,5060186720296,,
CEREALS & MUESLIS,RUDE HEALTH FOODS,MX108,Crunchy Berry Granola,Granola,6 X 400G,19.07,,4.25,,,,O,S,V,5060120285591,05060120285607,,
PASTA,SUMA ORGANIC,WT160,Strozzapreti Pasta,Organic,12 X 500G,19.32,,2.15,,F,,O,,V,5017601052210,05017601052203,,
BEANS & PULSES - CANNED,SUMA ORGANIC,VF643,Red Kidney Beans - Organic,,12 X 400G,12.12,,1.35,,,,O,,V,5017601014119,05017601014188,,
DESSERTS & PUDDINGS (CHILLED),THE COCONUT COLLABORATIVE,CV102,Chocolate & caramel Pots,,6 X 110G,7.50,,1.69,,,G,,S,V,5060426813399,15060426813396,,
SOFT DRINKS,COUNTER CULTURE DRINKS,JU401,Raspberry Elderflower Kombucha,'Fruit machine learning',12 X 330ML,14.57,1,1.99,,,,O,S,V,0769503848297,0769503848303,,
BODY CARE,FAITH IN NATURE,DY846,Conditioner - Rosemary,Balancing. Normal/oily hair,6 X 400ML,18.86,1,5.35,,,,,,V,0708002400124,708002410123,,
SUPPLEMENTS & REMEDIES,KIKI HEALTH,VM438,Vitamin C,450mg Per Serving,1 X 50 CAPS,10.17,1,20.25,,,G,O,,V,5060018515823,,,
CHOCOLATE,MUMMY MEEGZ,KB160,Choccy Balls Cracker,oat m!lk chocolate,6 X 216G,40.29,1,10.99,,,,,S,V,5060595790682,15060595790689,,
VERAGES,,,,,,,,,,,,,,,,,,
BABY CARE,PITTAPATTA,DY787,Organic Baby bubble bath,with organic aloe vera,10 X 250ML,35.00,1,5.99,,,,O,,V,5060202922697,5060202922819,,
BISCUITS CRACKERS & CRISPBREAD,RUDE HEALTH FOODS,BT300,Buckwheat Crackers,,8 X 100G,14.97,,2.49,,,G,O,,V,5060120286000,5060120286017,,
BAKING SUNDRIES,SUMA,GT028,Gluten Free Vegetarian Suet,,6 X 250G,16.88,,3.75,,,G,,,V,5017601037859,05017601037842,,
BEANS & PULSES - CANNED,SUMA,VF118,Red Kidney Beans,,12 X 400G,8.55,,0.95,,,,,,V,5017601016960,05017601051183,,
DESSERTS & PUDDINGS (CHILLED),THE COCONUT COLLABORATIVE,CV507,Little Choc Pots,,6 X 4 X 45G,11.87,,2.65,,,G,,S,V,5060426810114,15060426810111,,
SOFT DRINKS,COUNTER CULTURE DRINKS,JU411,Citrus Yuzu/Try Dry Kombucha,'Try dry' supports Alc Change,12 X 330ML,14.57,1,1.99,,,,O,S,V,5065021631003,5065021631010,,
BODY CARE,FAITH IN NATURE,DY843,Shampoo - Rosemary,Balancing. Normal/oily hair,6 X 400ML,18.86,1,5.35,,,,,,V,708002400117,708002410116,,
SUPPLEMENTS & REMEDIES,KIKI HEALTH,VM386,Activated Charcoal Powder,Reduces Flatulence,1 X 70G,4.50,1,8.96,,,G,,,V,5060018512839,,,
CHOCOLATE,MUMMY MEEGZ,KB892,Choccy Balls Gift Pack,Oat M!lk Chocolate,8 X 144G,43.55,1,8.75,,,,,S,V,5060595790583,5060595790590,N,
ALCOHOL FREE AND LOW ALCOHOL BE,THE VERY CAUTIOUS ONE,JU242,0% Gewurztraminer Riesling,Dealcoholised at low temp,6 X 750ML,27.99,1,7.45,,,,,,V,9300752281070,9300752281087,,
BABY CARE,PITTAPATTA,DY785,Chest Stick for Coughs & Colds,Infused with essential oils,10 X 45ML,43.80,1,7.49,,,,O,,V,5060186720111,5060202920556,,
BISCUITS CRACKERS & CRISPBREAD,RUDE HEALTH FOODS,BT372,Chickpea Triangles,,6 X 80G,8.31,,1.85,,,G,O,,V,5060120286048,05060120286055,,
BAKING SUNDRIES,SUMA BAGGED DOWN,GT032,Gluten Free Vegetarian Suet,Packed in a g/free environment,2 KG,11.49,,,,,G,,,V,05017601042280,,,
FLOURS & BREAD MIXES,BULK COMMODITIES,LJ072,Vital Wheat Gluten,,25 KG,84.58,,,,,,,,V,,,,
DESSERTS & PUDDINGS (CHILLED),THE COCONUT COLLABORATIVE,CV842,Double Cream,,6 X 220ML,8.02,,1.80,,,,,S,V,5060426812484,15060426812481,,
SOFT DRINKS,COUNTER CULTURE DRINKS,JU097,Rhubarb & Hibiscus Kombucha,'Against the current',12 X 330ML,14.57,1,1.99,,,,O,S,V,5065021631058,5065021631065,,
BODY CARE,FAITH IN NATURE,DY127,Shampoo - Wild Rose,,6 X 400ML,18.86,1,5.35,,,,,,V,708002407710,708002417719,,
SUPPLEMENTS & REMEDIES,KIKI HEALTH,VM387,Activated Charcoal,Reduces Flatulence,1 X 50 CAPS,5.49,1,10.80,,,G,,,V,5060018512860,,,
CHOCOLATE,MUMMY MEEGZ,WS137,Chuckie Egg,vegan chocolate cream egg,24 X 38G,26.06,1,1.75,,,,,S,V,96191514,5060595790538,N,
VERAGES,,,,,,,,,,,,,,,,,,
BABY CARE,PITTAPATTA,DY783,Organic Moisturising Lotion,Calm & Content,10 X 200ML,35.00,1,5.99,,,,O,,V,5060186720302,5060202920532,,
BISCUITS CRACKERS & CRISPBREAD,RUDE HEALTH FOODS,BT147,Chickpea & Lentil Crackers,,8 X 120G,14.97,,2.49,,,G,O,,V,5060120285966,05060120286123,,
VEGAN BUTTER; MARGARINES & SPRE,SUMA,MA053,Sunflower Spread,,8 X 550G,16.48,,2.75,,,,,,V,5017601050797,05017601050780,,
FLOURS & BREAD MIXES,SUMA BAGGED DOWN,LJ038,Vital Wheat Gluten,,3 KG,11.05,,,,,,,,V,05017601042167,,,
BAGS; BOXES AND BASKETS,SUMA,NF476,NatureFlex Bags - Medium,Block Bottom 3" X 5" X 9",1 X 1000BAGS,66.97,1,,,,,,,V,,,N,
SOFT DRINKS,COUNTER CULTURE DRINKS,JU227,Mango; Ginger & Lime Kombucha,,12 X 330ML,14.57,1,1.99,,,,O,S,V,5065021631089,5065021631096,,
BODY CARE,FAITH IN NATURE,DY314,Shampoo - Shea & Argan,Ideal for dry and curly hair,5L,36.50,1,59.99,,,,,,V,708002907616,708002927614,,29 SEP 25
SUPPLEMENTS & REMEDIES,KIKI HEALTH,VM151,Castor Oil,Skin & Hair Health,1 X 250ML,4.55,1,8.96,,,G,O,,V,5060018516745,5060018516745,,
CHOCOLATE,MUMMY MEEGZ,WS140,Chickee Eggs,,1 KG,20.24,1,,,,G,,S,V,5060595790781,5060595790644,,
ALCOHOL FREE AND LOW ALCOHOL BE,THE VERY CAUTIOUS ONE,JU244,0% Shiraz,Dealcoholised at low temp,6 X 750ML,27.99,1,7.45,,,,,,V,9300752281117,9300752281124,,
BABY CARE,PITTAPATTA,DY786,Organic Baby Shampoo & Wash,with organic aloe vera,10 X 250ML,35.00,1,5.99,,,,O,,V,5060202929030,5060202922680,,
BISCUITS CRACKERS & CRISPBREAD,RUDE HEALTH FOODS,BT371,Corn Triangles,,6 X 100G,8.31,,1.85,,,G,O,,V,5060120286024,5060120286031,,
ADS (CHILLED),,,,,,,,,,,,,,,,,,
CANDLES; INCENSE & HOLDERS,WAFT ROOM FRAGRANCE,NF527,Lavender Air Freshener,Natural Fragrance,6 X 100ML,20.91,1,5.50,,,,O,,V,5060175850621,15060175850628,,
BAGS; BOXES AND BASKETS,SUMA PAPER BAGS,NF490,Patterned Flat Bags - Large,Recycled Paper 30cm x 25cm,1 X 500 BAGS,16.69,1,,,,,,,V,,,,
SOFT DRINKS,COUNTER CULTURE DRINKS,JU102,Lemongrass & Ginger Kombucha,'Look up',12 X 330ML,14.57,1,1.99,,,,O,S,V,0769503848266,0769503848273,,
BODY CARE,FAITH IN NATURE,DY051,Wrapped Soap - Aloe Vera,With ylang ylang. Rejuvenating,6 X 100G,12.34,1,3.49,,,,,,V,0708002100741,708002310560,,
HONEY,ROWSE,HY263,Organic Honey - Clear,,6 X 340G,19.56,,4.35,,,,O,,,5011273040209,05011273640201,,
SUPPLEMENTS & REMEDIES,KIKI HEALTH,VM435,Chlorella,Enhance Energy & Vitality,1 X 200 TABS,7.20,1,14.36,,,G,O,,V,5060018511467,,,
CHOCOLATE,MUMMY MEEGZ,WS279,Chuckie Egg Multipack,vegan chocolate cream egg,20 X 114G,71.43,1,5.75,,,,,S,V,5060595790606,15060595790603,N,
VERAGES,,,,,,,,,,,,,,,,,,
HERB & FRUIT TEA INFUSIONS,PUKKA,TE727,Womankind,Chamomile; Cranberry; Rose,4 X 20BAGS,11.45,,3.85,,,,O,,V,5060229012272,05060229012289,,
CEREALS & MUESLIS,RUDE HEALTH FOODS,MX054,Fruity Date Porridge,,6 X 400G,13.57,,2.99,,,,,,V,5060120285539,5060120285546,,
TOMATOES & TOMATO PRODUCTS,SUMA ORGANIC,LJ123,Tomatoes - chopped; organic,,6 X 2.5KG,28.32,,6.29,,,,O,,V,5017601028475,05017601028468,,
CANDLES; INCENSE & HOLDERS,WAFT ROOM FRAGRANCE,NF528,Lemongrass Room Fragrance,Natural Fragrance,6 X 100ML,20.91,1,5.50,,,,O,,V,5060175850638,15060175850635,,
COFFEE SUBSTITUTES,BIOFORCE,TE368,Bambu,,6 X 100G,27.49,,6.19,,,,O,,V,7610313411016,7610313702190,,
GRAINS,BULK COMMODITIES - ORGANIC,QS149,Corn Couscous - Organic,,25 KG,102.08,,,,,,O,,V,,,,
BODY CARE,FAITH IN NATURE,DY626,Conditioner - Shea & Argan,,6 X 400ML,18.86,1,5.35,,,,,,V,708002407628,708002417627,,
HONEY,ROWSE,HY264,Organic Honey - Set,,6 X 340G,19.56,,4.35,,,,O,,,5011273040254,05011273640256,,
SUPPLEMENTS & REMEDIES,KIKI HEALTH,VM385,Aloe Ferox Juice,Pure & Unfiltered,1 X 500ML,5.85,1,11.66,,,G,O,,V,5060018511290,,,
CHOCOLATE,MUMMY MEEGZ,KB848,Chickee Egg Gift Tube,,8 X 170G,37.71,1,7.55,,,G,,S,V,5060595790767,5060595790774,N,
ALCOHOL FREE AND LOW ALCOHOL BE,VITA LIBERA,JU006,0% Pinot Grigio,,6 X 750ML,34.64,1,9.25,,,,,,V,8034115197227,8034115197234,,
BAKING SUNDRIES,PLAMIL,KB652,Organic Baking Chocolate,,1 X 1KG,27.93,,39.99,,,G,O,S,V,5013092090113,,,
BISCUITS CRACKERS & CRISPBREAD,RUDE HEALTH FOODS,BT313,High Protein Lentil Triangles,,6 X 70G,8.31,,1.85,,,G,,,V,5060120286062,5060120286055,,
TOMATOES & TOMATO PRODUCTS,SUMA ORGANIC,LJ075,Cherry Tomatoes - organic,,12 X 400G,14.30,,1.59,,,,O,,V,5017601030492,05017601030485,,
HONEY,WAINWRIGHT'S,HY601,Organic Forest Honey - Clear,Fairly Traded Zambian Honey,7LBS,25.30,,,,F,,O,,,5060010690559,,,
SALT & SEASONINGS,A.VOGEL,LJ118,Herbamare Original,,6 X 125G,16.26,,3.59,,,,O,,V,7610313398669,7610313701650,,
WATERS,CANO WATER,WA003,Sparkling Spring Water,Resealable no longer available,24 X 330ML,13.52,1,0.99,,,,,,V,0787099226954,0787099226978,,
BODY CARE,FAITH IN NATURE,DY315,Conditioner - Shea & Argan,Ideal for dry and curly hair,5L,36.50,1,59.99,,,,,,V,708002907623,708002927621,,29 SEP 25
HONEY,ROWSE,HY265,Easy Squeezable Pure Honey,,6 X 340G,19.51,,4.35,,,,,,,5011273040629,05011273640621,,
SUPPLEMENTS & REMEDIES,KIKI HEALTH,VM436,Sea Kelp,Naturally High In Iodine,1 X 90 CAPS,9.00,1,17.96,,,G,O,,V,5060018515328,,,
HOUSEHOLD PRODUCTS,MAD MONK,NF435,Bamboo Cutlery Set - 24 Pieces,Knife; Fork; Spoon; Napkin,4 X 1 SET,8.84,1,6.99,,,,,,V,5017601048411,05017601048404,,
VERAGES,,,,,,,,,,,,,,,,,,
BAKING SUNDRIES,PLAMIL,KB658,Organic Rich Chocolate,,1 X 1KG,30.16,,43.09,,,G,O,S,V,5013092090120,5013092090120,,
CEREALS & MUESLIS,RUDE HEALTH FOODS,MX057,Maple & Pecan Granola,,6 X 400G,22.43,,4.99,,,,,,V,5060120286345,05060120286352,,
TOMATOES & TOMATO PRODUCTS,SUMA ORGANIC,LJ080,Tomatoes - chopped; organic,,12 X 400G,9.91,,1.09,,,,O,,V,5017601016595,05017601028758,,
HONEY,WAINWRIGHT'S,HY602,Organic Forest Honey - Set,Fairly Traded Zambian Honey,7 LBS,25.30,,,,F,,O,,,5060010690542,,,
SALT & SEASONINGS,A.VOGEL,LJ054,Herbamare Original,,6 X 250G,24.88,,5.49,,,,O,,V,7610313424795,17610313424792,,
CHOCOLATE,COX & CO,WS083,Advent Calendar - Plastic Free,dark macondo colombian choc,12 X 120G,115.21,1,15.99,,,G,,S,V,5060748323323,5060748324566,,
BODY CARE,FAITH IN NATURE,DY770,Conditioner - Shea & Argan,Dry hair,6 X 500ML,22.30,1,6.65,,,,,,V,0708002177620,0708002187629,,
HONEY,COMVITA,HY023,10+ Manuka Honey,,4 X 500G,168.00,,56.00,,F,G,,,,9400501003738,05012171000166,,
SUPPLEMENTS & REMEDIES,KIKI HEALTH,VM088,Lion's Mane Extract,400mg Per Capsule,1 X 60 CAPS,11.25,1,22.50,,,G,O,,V,5060018513577,,,
CHOCOLATE,MUMMY MEEGZ,KB904,Chickee Eggs,Oat M!lk Chocolate,12 X 80G,22.97,1,3.00,,,G,,S,V,5060595790743,5060595790750,N,
ALCOHOL FREE AND LOW ALCOHOL BE,VITA LIBERA,JU009,0% Primitivo,,6 X 750ML,34.64,1,9.25,,,,,,V,8034115197241,8034115197258,,
BAKING SUNDRIES,PLAMIL,KB651,Baking Chocolate,,1 X 1KG,21.56,,30.99,,,G,,S,V,5013092005018,,,
CEREALS & MUESLIS,RUDE HEALTH FOODS,MX135,Ultimate Granola,,6 X 400G,19.07,,4.25,,,,O,S,,5060120285331,5060120285348,,
SOUPS,SUMA ORGANIC,VF600,Organic Tomato Soup,Organic,12 X 400G,16.45,,1.83,,,,O,S,V,5017601044697,05017601044680,,
HONEY,WAINWRIGHT'S,HY007,Ukrainian Sunflower Honey,,6 X 380G,21.42,,4.75,B,,G,,,,5060010690610,5060010690627,,
CLOTHING,BAMBOO CLOTHING,NF345,Black Socks - size 8-11,24 pairs of black socks,24 X 1,59.98,1,3.99,,,,,,V,5060185890013,5060185890150,N,
CHOCOLATE,COX & CO,KB443,Bee Pollen & Honey Mini Bar,,20 X 25G,22.00,1,1.75,,,G,,S,,060748323644,25060748323785,N,
PASTA,DOVES FARM,WT036,Organic Brown Rice Spaghetti,,12 X 500G,37.49,,4.19,,,G,O,,V,5011766666619,05011766666688,,
BODY CARE,FAITH IN NATURE,DY625,Shampoo - Shea & Argan,,6 X 400ML,18.86,1,5.35,,,,,,V,708002407611,708002417610,,
HONEY,COMVITA,HY186,10+ Manuka Honey,,6 X 250G,157.45,,34.99,,F,G,,,,9400501003615,05012171000142,,
SUPPLEMENTS & REMEDIES,KIKI HEALTH,VM437,Irish Sea Moss,Naturally High In Iodine,1 X 90 CAPS,9.00,1,17.96,,,G,O,,V,5060018515496,,,
CHOCOLATE,MUMMY MEEGZ,WS129,Chuckie Egg Giftpack,5 eggs in a pack,8 X 190G,43.54,1,8.75,,,,,S,V,5060595790415,5060595790637,N,
VERAGES,,,,,,,,,,,,,,,,,,
CHOCOLATE,PLAMIL,KB327,Coffee Egg & Bar,,3 X 110G,11.55,1,6.50,,,G,,,V,5013092003007,15013092003004,N,
CEREALS & MUESLIS,RUDE HEALTH FOODS,MX060,Ultimate Muesli,,6 X 400G,19.07,,4.25,,,,O,S,V,5060120285454,5060120285461,,
TOMATOES & TOMATO PRODUCTS,SUMA ORGANIC,LJ081,Tomatoes - Whole Peeled Plum,Organic,12 X 400G,9.91,,1.09,,,,O,,V,5017601016601,05017601028772,,
HONEY,WAINWRIGHT'S,HY100,Organic Forest Honey - Clear,Fairly Traded Zambian Honey,6 X 380G,21.43,,4.79,,F,,O,,,5060010690481,5060010695486,,
CLOTHING,BAMBOO CLOTHING,NF344,Black Socks - Mixed Size,,24 X 1,59.98,1,3.99,,,,,,V,5060185890006,5060185890204,N,
CHOCOLATE,COX & CO,WS198,Bee Pollen & Honey Eggs 3,60% Single Origin Cacao,6 X 180G,63.00,1,16.99,,F,,,S,V,5060748325440,5060748325457,N,08 SEP 25
FLOURS & BREAD MIXES,DOVES FARM,FG039,GF Buckwheat Flour,,5 X 1KG,19.69,,5.25,,,G,,,V,5011766010665,5011766111478,N,
BODY CARE,FAITH IN NATURE,DY767,Shampoo - Shea & Argan,Dry Hair,6 X 500ML,22.30,1,6.65,,,,,,V,0708002177613,0708002187612,,
HONEY,HONEY & GREENS,HY030,Apple Orchard Honey,British Honey,12 X 240G,160.03,,17.99,,,,,,,74832212252,658606299412,,
SUPPLEMENTS & REMEDIES,KIKI HEALTH,VM120,Multi Mushroom Extract Blend,8 Organic Mushroom Extracts,1 X 60 CAPS,13.50,1,27.00,,,G,O,,V,5060018513614,,,
CHOCOLATE,MUMMY MEEGZ,KB306,Hoppy Easter Bunny,,12 X 100G,52.29,1,6.99,,,G,,S,V,96215036,5060595790804,N,
ALCOHOL FREE AND LOW ALCOHOL BE,ZERO REGRETS,JU010,0% Pinot Grigio,,6 X 750ML,33.63,1,8.95,,,,,,V,5060967090020,15060967090027,,
CHOCOLATE,PLAMIL,KB246,Coffee Choc Bar,60% Cocoa,12 X 40G,12.69,1,1.75,,,G,,S,V,5013092002864,15013092002861,,
VEGAN & OAT MILK,RUDE HEALTH FOODS,SY231,Barista Coconut,,6 X 1L,11.21,,2.49,,,G,,,V,5060120285904,05060120285911,,
CONVENIENCE FOODS,SUMA ORGANIC,VF275,Ravioli with Mushroom Sauce,Vegan & Organic,6 X 400G,13.28,,2.95,,,,O,,V,5017601049852,05017601049845,,
HONEY,WAINWRIGHT'S,HY099,Organic Forest Honey - Set,Fairly Traded Zambian Honey,6 X 380G,21.43,,4.79,,F,,O,,,5060010690474,5060010695479,,
CLOTHING,BAMBOO CLOTHING,NF315,Mixed Design Socks: 4 - 7,Colours may vary,24 X 1,59.98,1,3.99,,,,,,V,,5060185890600,N,
CHOCOLATE,COX & CO,WS126,Pollen & Honey Easter Egg Bar,Bee Pollen; 61% Dark Chocolate,12 X 70G,43.37,1,5.79,,,G,,S,,5060748323071,5060748323385,,08 SEP 25
SNACK BARS & FLAPJACKS,DOVES FARM,KB234,Chocolate Chip Flapjack,,18 X 35G,11.91,,0.89,,,G,O,S,V,5011766300216,05011766300339,N,
BODY CARE,FAITH IN NATURE,DY135,Shampoo - Seaweed & Citrus,Detoxifying. All hair types,5L,36.50,1,59.99,,,,,,V,708002900211,,,29 SEP 25
HONEY,HONEY & GREENS,HY021,Honey with OG Ceylon Cinnamon,British Honey,12 X 240G,90.01,,9.99,,,,,,,657039235011,658606299375,,
SUPPLEMENTS & REMEDIES,KIKI HEALTH,VM099,Oyster Mushroom Extract,340mg Per Capsule,1 X 60 CAPS,6.50,1,25.99,,,G,O,,V,5060018515342,,,
CHOCOLATE,MUMMY MEEGZ,KB508,M'z Gems Chocolate,,12 X 80G,22.98,1,3.05,,,G,,S,V,5060595790477,5060595790484,N,
VERAGES,,,,,,,,,,,,,,,,,,
CHOCOLATE,PLAMIL,KB256,87% Dark Choc Bar,,12 X 40G,12.69,1,1.75,,,G,,S,V,5013092002888,15013092002885,,
VEGAN & OAT MILK,RUDE HEALTH FOODS,SY233,Barista Soya,,6 X 1L,9.00,,1.99,,,G,O,,V,5060120285195,05060120285201,,
CONVENIENCE FOODS,SUMA ORGANIC,VF172,Ravioli with Vegetable Sauce,Vegan & Organic,6 X 400G,12.83,,2.85,,,,O,S,V,5017601046677,05017601046660,,
NUTS & SEEDS,SUMA BAGGED DOWN,NU172,Walnuts - light halves,,1 KG,9.35,,,,,,,,V,5017601038405,,,
CLOTHING,BAMBOO CLOTHING,NF151,Mixed Narrow Stripe Socks 8-11,Colours may vary,24 X 1,59.98,1,3.99,,,,,,V,,5060185890594,N,
CHOCOLATE,COX & CO,WS093,Xmas Tree Bar Pollen & Honey,,12 X 50G,41.29,1,5.50,,,G,,S,,5060748323330,5060748324290,,
SNACK BARS & FLAPJACKS,DOVES FARM,KB463,Chocolate Chip Flapjack,,7 X 4 X 35G,15.07,,2.89,,,G,O,S,V,5011766300223,05011766300346,N,
BODY CARE,FAITH IN NATURE,DY845,Conditioner - Seaweed & Citrus,Detoxifying. All hair types,6 X 400ML,18.86,1,5.35,,,,,,V,708002400223,708002410222,,
HONEY,HONEY & GREENS,HY033,Organic Honey with Matcha,Spanish Honey,12 X 200G,125.80,,13.99,,,,O,,,748322122535,658606299443,,
SUPPLEMENTS & REMEDIES,KIKI HEALTH,VM434,Spirulina,Natural Antioxidant,1 X 200 TABS,6.75,1,13.46,,,G,O,,V,5060018511450,,,
CHOCOLATE,MUMMY MEEGZ,KB510,M'z Gems Peanut,Sugar coated chocolate peanuts,12 X 80G,22.98,1,3.05,,,G,,S,V,5060595790491,5060595790507,N,
ALCOHOL FREE AND LOW ALCOHOL BE,ZERO REGRETS,JU013,0% Primitivo,,6 X 750ML,33.63,1,8.98,,,,,,V,5060967090037,15060967090034,,
CHOCOLATE,PLAMIL,KB326,Dark Chocolate Egg & Bar,72% chocolate; low sugar,3 X 125G,11.55,1,6.50,,,G,,,V,5013092002994,15013092002991,N,
VEGAN & OAT MILK,RUDE HEALTH FOODS,SY230,Barista Almond,,6 X 1L,11.21,,2.49,,,G,,,V,5060120285843,05060120285850,,
CONVENIENCE FOODS,SUMA,VF209,Vegetable Stew & Dumplings,,12 X 400G,19.05,,2.12,,,,,,V,5017601046738,05017601046721,,
NUTS & SEEDS,BULK COMMODITIES,NU095,Walnuts - Light Halves 80%,,10 KG,72.22,,,,,,,,V,,,,
CLOTHING,BAMBOO CLOTHING,NF343,Black Socks - sizes 4-7,24 pairs of black socks,24 X 1,59.98,1,3.99,,,,,,V,,5060185890143,N,
VEGAN YOGHURT,THE COCONUT COLLABORATIVE,CV427,Natural Cultured Yoghurt,,6 X 350G,15.83,,3.50,,,,,,V,5060426812828,15060426812825,,
CHOCOLATE,COX & CO,WS084,Xmas Tree Bar Miso & Caramel,,12 X 50G,41.29,1,5.50,,,G,,S,V,5060748323361,5060748324283,,
CEREALS & MUESLIS,DOVES FARM,MX063,Cinnamon Hoops,,5 X 300G,12.20,,3.25,,,G,O,S,V,5011766778169,05011766578233,,
BODY CARE,FAITH IN NATURE,DY461,Wrapped Soap - Lavender,Relaxing,6 X 100G,12.34,1,3.49,,,,,,V,5013575111137,5013575211134,,
HONEY,HONEY & GREENS,HY024,Honey with Ginger,British Honey,12 X 240G,90.01,,9.99,,,,,,,657039235028,658606299382,,
SUPPLEMENTS & REMEDIES,KIKI HEALTH,VM118,Turmeric Powder,Anti-inflamatory & Antioxidant,1 X 150G,5.45,,8.96,,,G,O,,V,5060018512280,5060018512280,,
CHOCOLATE,MUMMY MEEGZ,KB161,Christmas Selection Box,choccy balls; gems peanut gems,6 X 196G,36.03,1,9.99,,,,,S,V,5060595790699,15060595790696,,
VERAGES,,,,,,,,,,,,,,,,,,
CHOCOLATE,PLAMIL,KB318,Hazelnot Egg & Bar,made with tiger nuts,3 X 125G,11.55,1,6.50,,,G,,S,V,5013092002987,15013092002984,N,
VEGAN & OAT MILK,RUDE HEALTH FOODS,SY232,Barista Oat,,6 X 1L,9.00,,1.99,,,G,,,V,5060120285867,05060120285874,,
FLOURS & BREAD MIXES,SUMA PREPACKS,LJ092,Vital Wheat Gluten,,6 X 500G,17.78,,3.95,,,,,,V,5017601038597,5017601038580,,
NUTS & SEEDS,SUMA PREPACKS,NU173,Walnuts - light halves,,6 X 125G,8.78,,1.95,,,,,,V,5017601038450,05017601038443,,
FRUIT - DRIED,SUMA PREPACKS,DR054,Banana - Whole Chips,,6 X 250G,8.96,,1.99,,,,,S,V,5017601022428,05017601022411,,02 SEP 25
VEGAN YOGHURT,THE COCONUT COLLABORATIVE,CV508,Mango-Passion Compote Yoghurt,Coconut Dessert,6 X 360G,13.31,,2.95,,,G,,,V,5060426812309,15060426812306,,
CHOCOLATE,COX & CO,WS085,Xmas Tree Bar Mint Crunch,,12 X 50G,41.29,1,5.50,,,G,,S,V,5060748323354,5060748324276,,
SNACK BARS & FLAPJACKS,DOVES FARM,KB457,Cranberry Oat Bar,,18 X 35G,11.50,,0.85,,,G,O,,V,5011766300544,05011766300681,N,
HOUSEHOLD CLEANING PRODUCTS,FAITH IN NATURE,HJ021,Laundry Liquid,Aloe&Rosemary; Concentrated,5L,19.12,1,32.99,,,,,,V,708002908309,708002928307,,
HONEY,HONEY & GREENS,HY028,Honey with Lemon,British Honey,12 X 240G,90.01,,9.99,,,,,,,657039235042,658606299399,,
VEGAN CHEESE,KINDA CO,CV344,Truffle Vegan Cheese,,6 X 120G,27.00,,6.00,,,,,,V,5060641190220,5060641190114,,
HOUSEHOLD CLEANING PRODUCTS,MINIML,HJ231,AntiBac Surface Cleaner Lav.,French Lavender,5L,8.29,1,15.45,,,,,,V,5060588561978,15060588561975,,
CRISPS & SNACKS,NUDIE SNACKS,ZX958,Cheese & Caramelised Onion,,12 X 80G,22.62,,2.49,,,G,,S,V,5060280601101,5060280602016,N,
CHOCOLATE,PLAMIL,KB241,Hazelnot Choc Bar,,12 X 40G,12.69,1,1.75,,,G,,S,V,5013092002901,15013092002908,,
VEGAN & OAT MILK,RUDE HEALTH FOODS,SY052,Almond Drink - No Sugars,,6 X 1L,12.12,,2.69,,,G,O,,V,5060120286246,05060120286253,,
CRISPS & SNACKS,BULK COMMODITIES,ZX468,Wasabi Peas - Spicy,Natural colouring,10 KG,60.00,,,,,,,,V,,,,
NUTS & SEEDS,SUMA PREPACKS,NU174,Walnuts - light halves,,6 X 250G,14.63,,3.25,,,,,,V,5017601038474,05017601038467,,
FRUIT - DRIED,SUMA PREPACKS - ORGANIC,DR655,Banana Chips - Organic,Whole (vegan; no honey),6 X 250G,10.77,,2.39,,,,O,S,V,5017601019626,05017601019619,,
VEGAN YOGHURT,THE COCONUT COLLABORATIVE,CV495,Natural Yoghurt,,6 X 350G,9.50,,2.10,,,G,,,V,0680569854124,10680569854121,,
COCOA,COX & CO,WS029,Hot Chocolate Spoons,60% dark choc & vegan mallows,6 X 135G,42.86,,9.99,,,G,,S,V,5060748324399,5060748324849,,
SNACK BARS & FLAPJACKS,DOVES FARM,KB461,Cranberry Oat Bar,,7 X 4 X 35G,14.65,,2.79,,,G,O,,V,5011766300551,05011766300698,N,
BODY CARE,FAITH IN NATURE,DY848,Body Wash - Seaweed,Detoxifying,6 X 400ML,15.30,1,4.35,,,,,,V,0708002400230,708002410437,,
HONEY,HONEY & GREENS,HY032,Organic Oak Honey,Spanish Honey,12 X 240G,125.80,,13.99,,,,O,,,748322122504,658606299429,,
VEGAN CHEESE,KINDA CO,CV324,Blue Vegan Cheese,,6 X 120G,27.00,,6.00,,,,,,V,5060641190077,5060641190206,,
HOUSEHOLD CLEANING PRODUCTS,MINIML,HJ399,Floor Cleaner,Nutty Almond,5L,14.49,1,24.45,,,,,,V,5060588561992,15060588561999,,
CRISPS & SNACKS,NUDIE SNACKS,ZX979,Katsu Curry,,12 X 80G,22.62,,2.49,,,G,,S,V,5060280601125,5060280602009,N,
CHOCOLATE,SO FREE,ZX816,Santa Bar - Milk Alternative,,24 X 20G,20.25,1,1.39,,,G,,S,V,96142813,05013092610014,N,
VEGAN & OAT MILK,RUDE HEALTH FOODS,SY054,Oat Drink - No Sugars,,6 X 1L,11.24,,2.50,,,G,O,,V,5060120286222,05060120286239,,
CRISPS & SNACKS,SUMA BAGGED DOWN,ZX477,Wasabi Peas - Spicy,Spicy,1 KG,9.95,,,,,,,,V,5017601035374,,,
FRUIT - DRIED,BULK COMMODITIES,DR012,Banana - Whole Chips 15lbs,,6.80 KG,24.47,,,,,,,S,V,,,,
VEGAN YOGHURT,THE COCONUT COLLABORATIVE,CV825,Natural Yoghurt,,6 X 750G,18.65,,4.15,,,G,,,V,5060426813313,15060426813310,,
COCOA,COX & CO,WS035,Hot Chocolate Spoons - Mint,60% dark choc & vegan mallows,6 X 135G,42.86,,9.99,,,G,,S,V,5060748324382,5060748324856,,
FLOURS & BREAD MIXES,DOVES FARM,FG047,Organic Coconut Flour,,4 X 500G,10.07,,3.35,,,G,O,,V,5011766010900,05011766112017,N,
BODY CARE,FAITH IN NATURE,DY441,Shampoo - Wild Rose,Restoring. Normal/Dry Hair,5L,36.50,1,59.99,,,,,,V,708002907715,708002927713,,29 SEP 25
HONEY,HONEY & GREENS,HY029,Wildflower Honey,British Honey,12 X 240G,90.01,,9.99,,,,,,,657039235035,658606299405,,
VEGAN CHEESE,KINDA CO,CV334,Farmhouse Vegan Cheese,,6 X 120G,27.00,,6.00,,,,,,V,5060641190053,5060641190176,,
HOUSEHOLD CLEANING PRODUCTS,MINIML,HJ279,Fabric Conditioner Fresh Linen,Fresh Linen,5L,8.99,1,14.45,,,,,,V,5060588563705,15060588563702,,
VEGAN CHEESE,NUSH,CV750,Natural Almond Ch*ese Spread,,6 X 150G,14.48,,3.25,,,,,,V,5060298881021,05060298881038,,
CHOCOLATE,PLAMIL,KB253, Low Sugar Choc Bar,72% Dark Chocolate,12 X 40G,12.69,1,1.75,,,G,,S,V,5013092002871,15013092002878,,
VEGAN & OAT MILK,RUDE HEALTH FOODS,SY129,Almond Drink - Organic,,6 X 1L,10.31,,2.29,,,G,O,,V,5060120282019,05060120282248,,
CRISPS & SNACKS,SUMA PREPACKS,ZX476,Wasabi Peas - Spicy,Spicy,6 X 75G,6.71,,1.49,,,,,,V,5017601035350,05017601035343,,
FRUIT - DRIED,SUMA BAGGED DOWN,DR174,Banana - Whole Chips,,1 KG,5.25,,,,,,,S,V,5017601061748,,,
DESSERTS & PUDDINGS (CHILLED),THE COCONUT COLLABORATIVE,CV100,Pistachio Pots,,6 X 4 X 45G,11.78,,2.65,,,G,,S,V,5060426813740,15060426813747,,
CHOCOLATE,COX & CO,WS197,Miso & Caramel Eggs 3 Pack,47%  single origin cacao,6 X 180G,63.00,1,16.99,,F,,,S,V,5060748325426,5060748325433,N,08 SEP 25
CEREALS & MUESLIS,DOVES FARM,MX632,Corn Flakes,,5 X 325G,11.85,,3.15,,,G,O,,V,5011766778022,05011766578028,,
BODY CARE,FAITH IN NATURE,DY842,Shampoo - Seaweed & Citrus,Detoxifying. All hair types,6 X 400ML,18.86,1,5.35,,,,,,V,708002400216,708002410215,,
HONEY,HONEY & GREENS,HY014,Honey with Blackcurrant,British Honey,12 X 240G,90.01,,9.99,,,,,,,657039235059,658606299368,,
VEGAN CHEESE,KINDA CO,CV339,Garlic & Chive Vegan Cheese,,6 X 120G,27.00,,6.00,,,,,,V,5060641190633,5060641190763,,
HOUSEHOLD CLEANING PRODUCTS,MINIML,HJ208,Fabric Conditioner Fresh Linen,,6 X 1L,20.83,1,5.95,,,,,,V,5060588563835,15060588563665,,
VEGAN YOGHURT,NUSH,CV533,Natural Yoghurt,,6 X 350G,15.68,,3.50,,,,,,V,5060298880581,05060298880598,,
VEGAN & OAT MILK,PLAMIL,SY009,Organic Soya Milk Heritage,Unsweetened,8 X 1L,19.07,,3.20,,,G,O,,V,5013092002932,05013092002635,,
CEREALS & MUESLIS,RUDE HEALTH FOODS,MX143,Bircher Muesli - Soft & Fruity,,6 X 375G,15.71,,3.49,,,,,,V,5060120285492,05060120285508,,
PROMOTIONAL MATERIALS,SUMA,BK007,Sticker - For Store Windows,Suma 'In-Store',EACH,0.00,,,,,,,,V,,,N,
FRUIT - DRIED,BULK COMMODITIES - ORGANIC,DR869,Banana Chips - Organic,Whole; (vegan; no honey),6.8 KG,30.60,,,,,,O,S,V,,,,
VEGAN YOGHURT,THE COCONUT COLLABORATIVE,CV497,Vanilla Yoghurt,,6 X 350G,9.50,,2.10,,,G,,,V,5060426810084,15060426810081,,
CHOCOLATE,COX & CO,WS125,Mint Crunch Easter Egg Bar,60% Dark Chocolate,12 X 70G,43.37,1,5.79,,,G,,S,V,5060748323064,5060748323378,N,08 SEP 25
BAKING SUNDRIES,DOVES FARM,LJ203,Cornflour,,5 X 110G,8.60,,2.29,,,G,,,V,5011766222433,05011766022453,,
HOUSEHOLD CLEANING PRODUCTS,FAITH IN NATURE,HJ028,Washing Up Liquid,Lemon; Super Concentrated,5L,18.72,1,32.99,,,,,,V,708002908606,0708002928604,,
HONEY,HONEY & GREENS,HY031,Organic Lavender Honey,Spanish Honey,12 X 240G,125.80,,13.99,,,,O,,,748322122511,658606299436,,
VEGAN CHEESE,KINDA CO,CV333,Greek Style Cheese,,6 X 120G,27.00,,6.00,,,,,,V,5060641190012,5060641190473,,
HOUSEHOLD CLEANING PRODUCTS,MINIML,HJ401,Fabric Conditioner Coconut,Tropical Coconut,5L,8.99,1,14.45,,,,,,V,5060588562029,15060588562026,,
VEGAN YOGHURT,NUSH,CV170,Blueberry Yoghurt,,6 X 350G,15.68,,3.50,,,,,,V,5060298881199,05060298881205,,
CHOCOLATE,PLAMIL,KB258,Salted Caramel,,12 X 40G,12.69,1,1.75,,,G,,S,V,5013092002895,15013092002892,,
VEGAN & OAT MILK,RUDE HEALTH FOODS,SY130,Brown Rice Drink - Organic,,6 X 1L,11.24,,2.49,,,G,O,,V,5060120281999,05060120282224,,
VINEGARS,SUMA ORGANIC,KJ107,Organic White Wine Vinegar,With the 'Mother',5L,13.86,,18.59,,,,O,,V,5017601046578,05017601046561,,
PASTA,BARENAKED,WT162,Barenaked Noodles,Spaghetti shaped noodles,6 X 250G,10.80,,2.45,,,G,,,V,0702811594777,00702811594784,,
DESSERTS & PUDDINGS (CHILLED),THE COCONUT COLLABORATIVE,CV694,Vanilla Custard,,6 X 400G,11.91,,2.65,,,,,S,V,5060426812408,15060426812405,,
CHOCOLATE,COX & CO,WS124,Miso & Caramel Easter Egg Bar,47% Dark Chocolate,12 X 70G,43.37,1,5.79,,,G,,S,V,5060748323170,5060748323408,,08 SEP 25
BAKING SUNDRIES,DOVES FARM,LJ166,Cornflour Bulk,,3 X 1KG,20.24,,,,,G,O,,V,,05011766110426,,
BODY CARE,FAITH IN NATURE,DY132,Body Wash - Wild Rose,,6 X 400ML,15.30,1,4.35,,,,,,V,708002407772,708002417771,,
SWEET SNACKS,SUNITA,ZX099,Halva with Coconut,,12 X 75G,17.51,,1.95,,,,O,,V,5018076000911,05018076000928,,
VEGAN CHEESE,KINDA CO,CV335,Smoked Vegan Cheese,,6 X 120G,27.00,,6.00,,,,,,V,5060641190107,5060641190237,,
HOUSEHOLD CLEANING PRODUCTS,MINIML,HJ258,Laundry Liquid Fresh Linen,Fresh Linen,5L,15.99,1,25.49,,,,,,V,5060588562012,5060588562012,,
VEGAN YOGHURT,NUSH,CV326,Blueberry Yoghurt,,6 X 120G,9.17,,2.05,,,,,,V,5060298880741,05060298880734,,
CHOCOLATE,SO FREE,ZX117,Salted Caramel Santa bar,,24 X 20G,20.25,1,1.39,,,G,,S,V,96214633,15013092002823,N,
PASTA SAUCES & PESTOS,SUMA ORGANIC,VF340,Arrabbiata Sauce - Organic,From Italian Ingredients,6 X 350G,12.12,,2.49,,,G,O,,V,5017601052296,05017601052289,,
PASTA,BARENAKED,WT163,Barenaked Rice,Rice shaped noodles,6 X 250G,10.80,,2.45,,,G,,,V,0634158490989,10634158496773,,
DESSERTS & PUDDINGS (CHILLED),THE COCONUT COLLABORATIVE,CV098,White Chocolate Pots,,6 X 4 X 45G,11.78,,2.65,,,G,,S,V,5060426812781,15060426812788,,
COCOA,COX & CO,WS031,Hot Choc Spoons Miso & Caramel,47% dark choc & vegan mallows,6 X 135G,42.86,,9.99,,,G,,S,V,5060748324375,5060748324863,,
BISCUITS CRACKERS & CRISPBREAD,DOVES FARM,BT092,Digestive Biscuits,,12 X 400G,22.81,,2.49,,,,O,S,V,5011766999939,05011766299947,,
BODY CARE,FAITH IN NATURE,DY128,Conditioner -  Wild Rose,,6 X 400ML,18.86,1,5.35,,,,,,V,708002407727,708002417726,,
SWEET SNACKS,CYPRESSA,ZX778,Almond Halva,,12 X 250G,27.90,,3.10,,,,,S,V,5000362109804,05000362220912,,
PAPER PRODUCTS & STATIONERY,ECOLEAF BY SUMA,NF145,Kitchen Towel 3 Ply Twin Pack,100 Sheet; 3 Ply; Recycled,10 X 2 ROLLS,23.99,1,3.85,,,,,,V,5017601049913,05017601049906,N,
HOUSEHOLD CLEANING PRODUCTS,MINIML,HJ400,Laundry Liquid Trop. Coconut,Tropical Coconut,5L,13.29,1,21.45,,,,,,V,5060588563699,15060588563696,,
VEGAN CHEESE,NUSH,CV738,Almond & Chive Ch*ese Spread,,6 X 150G,14.48,,3.25,,,,,,V,5060298881045,05060298881052,,
CHOCOLATE,PLAYIN CHOC,WS005,Dinosaur Surprise,20g chocolate & toy,18 X 1,25.71,1,2.30,,,G,O,S,V,5060548500191,5060548500207,N,
VINEGARS,SUMA ORGANIC,KJ153,Org Balsamic 5 Litre,,5L,27.68,,37.09,,,,O,,V,5017601045373,,,
PASTA,BARENAKED,WT172,Barenaked Spaghetti,,6 X 250G,10.80,,2.45,,,G,,,V,0634158766404,10634158766418,,
JAMS & FRUIT SPREADS,THE CURIOUS CURD CO.,JS010,Apple Crumble,,12 X 210G,53.88,,5.99,,,,,S,,5060401226961,5060401227111,,
CHOCOLATE,COX & CO,KB441,Mint Crunch Mini Chocolate Bar,,20 X 25G,22.00,1,1.75,,,G,,S,V,060748323668,25060748323778,N,
FLOURS & BREAD MIXES,DOVES FARM,FG082,Einkorn Flour,,5 X 1KG,12.10,,3.19,,,,O,,V,5011766010443,05011766110594,N,
BODY CARE,FAITH IN NATURE,DY579,Wrapped Soap - Wild Rose,,6 X 100G,12.34,1,3.49,,,,,,V,708002307768,708002317767,,
SWEET SNACKS,SUNITA,ZX524,Organic Honey Halva with Cocoa,,12 X 75G,22.15,,2.45,,,,O,,,5018076101212,05018076201042,,
VEGAN YOGHURT,KOKO DAIRY FREE,CV032,Peach & Passionfruit Yoghurt,,5 X 2 X 125G,5.87,,1.55,,,G,,S,V,5060100601373,15060100601370,,
HOUSEHOLD CLEANING PRODUCTS,MINIML,HJ240,Multi Surface Cleaner Orange,Blood Orange,5L,10.29,1,16.49,,,,,,V,5060588564771,5060588564563,,
VEGAN YOGHURT,NUSH,CV515,Raspberry Yoghurt,,6 X 350G,15.68,,3.50,,,,,,V,5060298880765,05060298880772,,
CHOCOLATE,PLAYIN CHOC,WS133,Endangered Animal Surprise,20g chocolate & toy,18 X 1,25.71,1,2.30,,,G,O,S,V,5060548500009,5060548500108,N,
VINEGARS,SUMA ORGANIC,KJ151,OG Balsamic Vinegar - oak aged,,6 X 250ML,17.47,,3.89,,,,O,,V,5017601045359,05017601045342,,
BABY CARE,BEAMING BABY,NF259,Nappy Sacks - Fragrance Free,degradable,10 X 60,19.76,1,3.15,,,,,,V,5060064440216,5060064440469,,
JAMS & FRUIT SPREADS,THE CURIOUS CURD CO.,JS031,Banoffee Pie,,12 X 210G,53.88,,5.99,,,,,S,,50604012270129,5060401227180,,
CHOCOLATE,COX & CO,KB440,Miso Caramel Chocolate Bar,,20 X 25G,22.00,1,1.75,,,G,,S,V,060748323682,25060748323761,N,
CEREALS & MUESLIS,DOVES FARM,MX171,Fibre Flakes,,5 X 375G,14.45,,3.85,,,G,O,S,V,5011766777988,05011766577984,,
SWEET SNACKS,FREEDOM CONFECTIONERY,ZX329,Freedom Gummy Bears,Gummy Bears,10 X 100G,19.59,1,3.15,,,G,,S,V,5060442410930,,,
SWEET SNACKS,SUNITA,ZX588,Honey Halva with Almonds OG,,12 X 75G,22.15,,2.45,,,,O,,,5018076100970,05018076200779,,
VEGAN YOGHURT,KOKO DAIRY FREE,CV031,Raspberry Yoghurt Alternative,,5 X 2 X 125G,5.87,,1.55,,,G,,S,V,5060100601366,15060100601363,,
HOUSEHOLD CLEANING PRODUCTS,MINIML,HJ398,Dishwasher Rinse Aid,,6 X 750ML,12.99,1,3.49,,,,,,V,5060588562982,25060588562986,,
VEGAN YOGHURT,NUSH,CV169,Strawberry Yoghurt,,6 X 350G,15.68,,3.50,,,,,,V,5060298881212,05060298881229,,
CHOCOLATE,PLAYIN CHOC,ZX066,Woodland Animal Surprise,20g chocolate & toy,18 X 1,25.71,1,2.30,,,G,O,S,V,5060548500054,5060548500153,N,
READY TO EAT FOODS (CHILLED),SUMA ORGANIC,CV088,Kimchi,with tamari and chilli,6 X 300G,19.90,,4.40,,,G,O,,V,5017601050773,0689843841263,,
BABY & CHILD FOOD,ORGANIX,BB158,Banana & Date Chunky Fruit Bar,from 12 months,6 X 6 X 17G,18.26,,4.09,,,,O,,V,5024121423215,05024121423819,N,
JAMS & FRUIT SPREADS,THE CURIOUS CURD CO.,JS001,Cherry Bakewell,,12 X 210G,53.88,,5.99,,,,,S,,5060401227036,5060401227197,,
CHOCOLATE,COX & CO,WS028,Selection Box,choc spoon;1x75g & 3x35g bars,6 X 190G,72.14,1,20.00,,,G,,S,,5060748321602,5060748324665,,
CEREALS & MUESLIS,DOVES FARM,MX073,Fibre Flakes,,20 X 30G,11.00,,0.75,,,G,O,S,V,5011766778091,05011766578103,,
SWEET SNACKS,FREEDOM CONFECTIONERY,KB292,Gummies Cola,fizzy cola bottle sweets,10 X 100G,19.59,1,3.15,,,G,,S,V,5060442410954,75060442410915,,
SWEET SNACKS,SUNITA,ZX587,Grape Juice & Sultana Halva OG,,12 X 75G,17.51,,1.95,,,,O,,V,5018076100963,05018076200632,,
VEGAN YOGHURT,KOKO DAIRY FREE,CV029,Strawberry Yoghurt Alternative,,5 X 2 X 125G,5.87,,1.55,,,G,,S,V,5060100601359,15060100601356,,
HOUSEHOLD CLEANING PRODUCTS,MINIML,HJ251,Toilet Cleaner Mint,Spearmint and Peppermint,5L,8.99,1,15.45,,,,,,V,5060588562005,5060588562005,,
VEGAN & OAT MILK,PLENISH,SY204,Almond Barista - Organic,,6 X 1L,11.89,,2.65,,,,O,S,V,5060362072133,05060362072331,,
NUTS & SEEDS,SUMA PREPACKS,NU100,Sunflower seeds,,6 X 125G,5.36,,1.19,,,,,,V,5017601019428,05017601019411,,
BABY & CHILD FOOD,ORGANIX,BB159,Apple & Date Chunky Fruit Bars,from 12 months,6 X 6 X 17G,18.26,,4.09,,,,O,,V,5024121422218,05024121422812,N,
JAMS & FRUIT SPREADS,THE CURIOUS CURD CO.,JS032,Chocolate Orange,,12 X 210G,53.88,,5.99,,,,,S,,5060401226992,5060401227159,,
FAR EASTERN FOOD,CLEARSPRING,JP049,Ginger & Turmeric Miso Soup,With Sea Vegetables,8 X 4 X 15G,19.74,,3.29,,,G,O,,V,5021554001232,05021554001225,,
CEREALS & MUESLIS,DOVES FARM,MX087,Supergrain Hoops,,5 X 300G,14.45,,3.85,,,G,O,,V,5011766778060,05011766578073,,
SWEET SNACKS,FREEDOM CONFECTIONERY,KB282,Gummies Mojis,sour fruit sweets,10 X 100G,19.59,1,3.15,,,G,,S,V,5060442410947,65060442410918,,
SWEET SNACKS,SUNITA,ZX850,Honey Halva - organic,,12 X 75 G,17.51,,1.95,,,,O,,,5018076100628,05018076200656,,
VEGAN & OAT MILK,KOKO DAIRY FREE,SY149,Barista Coconut Milk Drink,foamable,6 X 1L,8.11,,1.79,,,G,,S,V,5060100602318,15060100602315,,
HOUSEHOLD CLEANING PRODUCTS,MINIML,HJ213,Washing Up Liquid Rhubarb/Lemo,Rhubarb & Lemon,6 X 500ML,12.25,1,3.50,,,,,,V,5060588563606,25060588563600,,
VEGAN & OAT MILK,PLENISH,SY119,Almond M*lk - Organic,,8 X 1L,14.62,,2.45,,,,O,,V,5060362071594,05060362071655,,
NUTS & SEEDS,SUMA PREPACKS,NU178,Sunflower seeds,,6 X 250G,6.53,,1.45,,,,,,V,5017601019404,05017601019398,,
NUTS & SEEDS,SUMA BAGGED DOWN,NU169,Walnuts - light halves,,5 KG,44.35,,,,,,,,V,5017601038429,,,
BABY & CHILD FOOD,ORGANIX,BB150,Raisins Mini Boxes,,4 X 12 X 14G,10.29,,3.45,,,,O,,V,5024121519116,05024121519918,N,
JAMS & FRUIT SPREADS,THE CURIOUS CURD CO.,JS033,Gingerbread,,12 X 210G,53.88,,5.99,,,,,S,,5060401226954,5060401227104,,
GRAINS,FULLGREEN,QS010,Riced Cauliflower & Broccoli,,6 X 200G,9.60,,2.09,,,,,,V,5060419860126,05060419860171,,
CEREALS & MUESLIS,DOVES FARM,MX019,Cereal Flakes,,5 X 375G,15.00,,3.99,,,G,O,S,V,5011766777995,05011766577991,,
SWEET SNACKS,FREEDOM CONFECTIONERY,KB789,Pink & White Mini Marshmallows,,10 X 100G,18.57,1,2.99,,,G,,S,V,5060442411104,15060442416012,,
SWEET SNACKS,SUNITA,ZX092,Honey & Pistachio Halva,,24 X 75G,35.01,,1.95,,,,,,,5018076200762,05018076200649,,
VEGAN YOGHURT,KOKO DAIRY FREE,CV229,Greek Style Yoghurt,,6 X 350G,7.87,,1.75,,,G,,,V,5060100603117,15060100603114,,
HOUSEHOLD CLEANING PRODUCTS,MINIML,HJ220,Washing Up Liquid Rhubarb\Lem,Rhubarb and Lemon,5L,8.99,1,15.45,,,,,,V,5060588563514,,,
VEGAN & OAT MILK,PLENISH,SY120,Cashew M*lk,,8 X 1L,14.62,,2.45,,,,O,,V,5060362071600,05060362071662,,
NUTS & SEEDS,SUMA PREPACKS,NU179,Sunflower seeds,,6 X 500G,8.96,,1.99,,,,,,V,5017601020424,05017601020417,,
NUTS & SEEDS,SUMA BAGGED DOWN,NU182,Walnuts - light amber quarters,,1 KG,7.89,,,,,,,,V,5017601038481,,,
BABY & CHILD FOOD,GOODIES,BB041,Apple Chips,,5 X 15G,5.00,,1.00,,,,,,V,7310100778673,27310100778677,N,
JAMS & FRUIT SPREADS,THE CURIOUS CURD CO.,JS034,Lemon Meringue,,12 X 210G,53.88,,5.99,,,,,S,,5060401227067,5060401227227,,
GRAINS,FULLGREEN,QS057,Riced Caulifower Tomato Garlic,& Herb,6 X 200G,9.60,,2.09,,,,,,V,5060419860034,5060419860072,,
BISCUITS CRACKERS & CRISPBREAD,DOVES FARM,BT202,Fruity Oat Digestives,,12 X 200G,16.85,,1.89,,,,O,S,V,5011766999915,05011766299923,,
SWEET SNACKS,FREEDOM CONFECTIONERY,ZX322,Freedom Gummy Tots,Gummy Tots,10 X 100G,19.59,1,3.15,,,G,,S,,5060442410992,,,
SWEET SNACKS,SUNITA,ZX093,Honey Halva,,24 X 75G,35.01,,1.95,,,,,,,5018076200748,05018076201400,,
VEGAN YOGHURT,KOKO DAIRY FREE,CV020,Plain Yoghurt Alternative,,6 X 400G,7.87,,1.75,,,G,,S,V,5060100603094,15060100603091,,
HOUSEHOLD CLEANING PRODUCTS,MINIML,HJ294,White Vinegar,Multi Purpose Cleaner,20L,16.50,1,29.95,,,,,,V,5060588561558,,,
VEGAN & OAT MILK,PLENISH,SY118,Coconut M*lk,,8 X 1L,14.62,,2.45,,,,O,,V,5060362071679,5060362071617,,
NUTS & SEEDS,SUMA BAGGED DOWN,NU231,Sunflower seeds,,1 KG,3.79,,,,,,,,V,5017601009467,,,
NUTS & SEEDS,BULK COMMODITIES,NU110,Walnut Quarters/Pieces,,10 KG,61.80,,,,,,,,V,,,,
BABY & CHILD FOOD,GOODIES,BB044,Mini Flapjack Bites Choc Orang,,4 X 4X23G,16.20,1,5.40,,,,,,,8410175100085,18410175100082,N,
JAMS & FRUIT SPREADS,THE CURIOUS CURD CO.,JS035,Passion Fruit,,12 X 210G,53.88,,5.99,,,,,S,,5060401226978,5060401227128,,
GRAINS,FULLGREEN,QS114,Riced Cauliflower,was Caulirice,6 X 200G,9.60,,2.09,,,,,,V,5060419860003,5060419860041,,
FLOURS & BREAD MIXES,DOVES FARM,FG116,Stoneground Gram Flour,Chickpea Flour; Brown Logo,5 X 1KG,11.89,,3.19,,,G,,,V,5011766010092,05011766110297,N,
BEANS & PULSES - CANNED,SUMA ORGANIC,VF750,Baked Beans - Organic,,6 X 2.65KG,36.98,,,,,,O,S,V,5017601038054,05017601038047,,
TEAS,HAMPSTEAD TEA,TE369,Assam,Full flavored; Bold; Malty,4 X 20 BAGS,9.36,,3.15,,,,O,,V,813427000795,10813427001119,,
HOUSEHOLD CLEANING PRODUCTS,MINIML,HJ329,White Vinegar Unscented,Unscented,5L,5.15,1,8.25,,,,,,V,5060588561985,15060588561982,,
VEGAN & OAT MILK,PLENISH,SY170,Oat M*lk - Gluten Free,,8 X 1L,12.90,,2.15,,,G,O,,V,,5060362074816,,29 SEP 25
NUTS & SEEDS,BULK COMMODITIES,NU067,Sunflower Seeds,,25 KG,47.50,,,,,,,,V,,,,
NUTS & SEEDS,SUMA PREPACKS,NU185,Walnuts - light amber quarters,,6 X 125G,7.88,,1.75,,,,,,V,5017601038535,05017601038528,,
BABY & CHILD FOOD,GOODIES,BB047,Oat Sticks Apple & Blackberry,,6 X 5X23G,15.00,1,3.30,,,,,,V,8410175100092,18410175100099,N,
JAMS & FRUIT SPREADS,THE CURIOUS CURD CO.,JS036,Pina Colada,,12 X 210G,53.88,,5.99,,,,,S,,5060401227074,5060401227234,,
GRAINS,FULLGREEN,QS044,Riced Sweet Potato,was Caulirice,6 X 200G,9.60,,2.09,,,,,,V,5060419860195,05060419860188,,
FLOURS & BREAD MIXES,DOVES FARM,FG522,Gluten Free Brown Bread Flour,Wheat Free; Orange Logo,5 X 1KG,12.36,,3.29,,,G,,,V,5011766010153,05011766110303,N,
SOFT DRINKS,FENTIMANS,JU625,Curiosity Cola,,12 X 275ML,17.07,1,2.29,,,G,,S,V,5029396322782,05029396322799,,
TEAS,HAMPSTEAD TEA,TE932,English Breakfast,,4 X 20 BAGS,9.60,,3.15,,F,,O,,V,813427000702,10813427001041,,
HOUSEHOLD CLEANING PRODUCTS,MINIML,HJ337,White Vinegar Sorrento Lemon,Sorrento Lemon,5L,5.59,1,8.95,,,,,,V,5060588564627,15060588564624,,
VEGAN & OAT MILK,PLENISH,SY206,Oat Barista - Organic,,6 X 1L,10.46,,2.34,,,G,O,,V,5060362072102,5060362072447,,
CEREALS & MUESLIS,RUDE HEALTH FOODS,MX067,Crunchy Almond Granola,,6 X 400G,15.30,,3.39,,,,,S,V,5060120285393,5060120285409,,
NUTS & SEEDS,SUMA BAGGED DOWN,NU068,Sunflower seeds,,5 KG,12.75,,,,,,,,V,5017601770688,,,
NUTS & SEEDS,SUMA PREPACKS,NU186,Walnuts - light amber quarters,,6 X 250G,12.83,,2.85,,,,,,V,5017601038559,05017601038542,,
BABY & CHILD FOOD,GOODIES,BB045,Oat Sticks Chocolate & Banana,,6 X 5 X 23G,15.00,1,3.30,,,,,,V,8410175100108,18410175100105,N,
JAMS & FRUIT SPREADS,THE CURIOUS CURD CO.,JS037,Raspberry Fool,,12 X 210G,53.88,,5.99,,,,,S,,5060401227005,5060401227166,,
FRUIT - DRIED,SUMA BAGGED DOWN,DR058,Cranberries,,1 KG,7.19,,,,,,,S,V,5017601750581,,,
FLOURS & BREAD MIXES,DOVES FARM,FG499,Gluten Free Plain White,,16 KG,32.06,,,,,G,,,V,05011766111096,,,
SOFT DRINKS,FENTIMANS,JU573,Curiosity Cola,,6 X 750ML,18.57,1,4.95,,,G,,S,V,5029396738569,15029396738566,,
CHOCOLATE,HAPPI,KB275,Oat Milk Choc Advent Calendar,caramel; orange & plain bars,12 X 120G,123.11,1,16.99,,,G,,S,V,5060748323286,5060748323293,,
HOUSEHOLD CLEANING PRODUCTS,MINIML,HJ409,White Vinegar Wild Rhubarb,,6 X 750ML,9.34,1,2.50,,,,,,V,5060588564948,25060588564942,,
VEGAN & OAT MILK,PLENISH,SY191,Soya M*lk,,8 X 1L,12.90,,2.15,,,,O,,V,5060362072263,05060362072294,,
VEGAN & OAT MILK,RUDE HEALTH FOODS,SY085,Cashew Drink - Organic,,6 X 1L,13.35,,2.99,,,G,O,,V,5060120283184,05060120283191,,
FRUIT & VEGETABLE JUICES,SUNITA,JU167,Zingy Organic Ginger Juice,,6 X 250ML,19.26,,4.29,,,G,O,,V,5018076001703,5018076001710,,
NUTS & SEEDS,SUMA BAGGED DOWN,NU183,Walnuts - light amber quarters,,5 KG,38.95,,,,,,,,V,5017601038504,,,
BABY & CHILD FOOD,GOODIES,BB046,Oat Bars Lemon & Lime,,6 X 6X23G,16.20,1,3.85,,,,,,V,8410175100115,18410175100112,N,
JAMS & FRUIT SPREADS,THE CURIOUS CURD CO.,JS038,Strawberry Daiquiri,,12 X 210G,53.88,,5.99,,,,,S,,5060401227012,5060401227173,,
FRUIT - DRIED,BULK COMMODITIES,DR999,Cranberries - Sliced 25lbs,Sugar Infused,11.34 KG,56.24,,,,,,,S,V,7804607730352,,,
FLOURS & BREAD MIXES,DOVES FARM,FG700,Gluten Free Plain White Flour,Wheat Free - Plum Logo,5 X 1KG,11.73,,3.15,,,G,,,V,5011766010139,05011766110181,N,
SOFT DRINKS,FENTIMANS,JU008,Cherry Cola,,12 X 275ML,17.07,1,2.29,,,G,,S,V,5029396738736,05029396738743,,
CRISPS & SNACKS,AMAIZIN,ZX546,Bio Corn Chips Paprika,Minimum 4 Weeks Shelf Life,15 X 75G,17.81,,1.59,,,,O,S,V,8718976009584,8718976019484,N,
HOUSEHOLD CLEANING PRODUCTS,MINIML,HJ408,White Vinegar Sorrento Lemon,,6 X 750ML,9.34,1,2.50,,,,,,V,5060588564610,25060588564614,,
VEGAN & OAT MILK,PLENISH,SY182,Soya Barista - Organic,,6 X 1L,10.46,,2.35,,,,O,S,V,5060362072195,5060362072270,,
CEREALS & MUESLIS,RUDE HEALTH FOODS,MX110,Chocolate Crunch Granola,,6 X 400G,19.07,,4.25,,,,,S,V,5060120285829,05060120285836,,
PASTA (CHILLED),SUNNY & LUNA,CV213,Cauliflower Gnocchi,,8 X 350G,32.00,,5.35,,,G,,,V,5070000995014,5070000995038,,
NUTS & SEEDS,SUMA BAGGED DOWN - ORGANIC,NU200,Walnuts - organic,,1 KG,13.15,,,,,,O,,V,5017601009498,,,
BABY & CHILD FOOD,GOODIES,BB042,Oat Bars Mandarin & Apple,,6 X 6X23G,16.20,1,3.79,,,,,,V,8410175100122,18410175100129,N,
COCOA,COCO CHOCOLATIER,WS041,Colombian Drinking Chocolate,,12 X 250G,102.00,,11.99,,,G,,S,V,5060149465530,5060149465646,,
FRUIT - DRIED,SUMA BAGGED DOWN,DR092,Cranberries,,2.5 KG,15.85,,,,,,,S,V,5017601032090,,,
CEREALS & MUESLIS,DOVES FARM,MX086,Fruit & Fibre Flakes,,5 X 375G,18.75,,4.99,,,G,O,,V,5011766778053,05011766578066,,
CHOCOLATE,HAPPI,WS218,Oat Milk Chocolate Bunny Lolly,,18 X 40G,35.36,1,3.15,,,G,,S,V,5060748321930,5060748321947,N,05 SEP 25
OILS & FATS,MANI,GT007,Og Extra Virgin Olive Oil,,6 X 500ML,60.71,,13.49,,,,O,,V,5202423205047,5202423215046,,
NUTS & SEEDS,SUMA PREPACKS - ORGANIC,NU069,Peanuts - organic,Peanuts with their skins,6 X 125G,6.08,,1.35,,,,O,,V,5017601020448,05017601020431,,
VEGAN & OAT MILK,RUDE HEALTH FOODS,SY044,Coconut Drink Organic,,6 X 1L,11.44,,2.55,,,G,O,,V,5060120282347,05060120282354,,
NUT & SEED BUTTERS,SUNITA,GH127,Light Tahini,,6 X 900G,38.20,,8.49,,,,,,V,5018076000614,05018076000621,,
VEGAN & OAT MILK,OATLY,SY019,Cream - Dairy Free,,18 X 250ML,16.45,,1.25,,,,O,,V,7394376614699,27394376614693,,
BABY & CHILD FOOD,GOODIES,BB050,Bluey Pouch Apple & Banana,,3 X 4 X 100G,12.14,,5.39,,,,,,,8410175092113,18410175092110,N,
CHOCOLATE,COCO CHOCOLATIER,WS007,Festive Cracker Dark Buttons,giant dark chocolate buttons,9 X 80G,39.90,1,6.99,,,G,,S,V,5060149462126,5060149460856,,
FRUIT - DRIED,BULK COMMODITIES - ORGANIC,DR908,Cranberries - Organic,Sliced,11.34 KG,100.64,,,,,,O,S,V,,,,
PASTA,DOVES FARM,WT165,Organic Maize and Rice Lasagne,,6 X 250G,14.80,,3.29,,,G,O,,V,5011766666336,05011766066334,,
CHOCOLATE,HAPPI,KB412,Chocolate Candy Cane Xmas Bar,oat milk chocolate,12 X 80G,32.31,1,4.49,,,G,,S,V,5060748322586,5060748322203,,
OLIVES,MANI,KJ425,Og Kalamata Olives in OliveOil,Black Olives,6 X 280G,24.72,,5.49,,,G,O,,V,5202423330015,05202423601450,,
VEGAN YOGHURT,NUSH,CV682,Vanilla Fudge Yoghurt,,6 X 350G,15.68,,3.50,,,G,,,V,5060298882165,05060298882172,,
NUTS & SEEDS,SUMA PREPACKS,NU168,Peanuts - redskin,,6 X 250G,7.88,,1.75,,,,,,V,5017601020349,05017601020332,,
BISCUITS CRACKERS & CRISPBREAD,RUDE HEALTH FOODS,BT054,Corn Crackers,,8 X 130G,12.00,,1.99,,,G,O,,V,5060120285942,05060120285959,,
NUT & SEED BUTTERS,SUNITA,GH078,Tahini-Light,,12 X 280G,29.61,,3.29,,,,,,V,5018076200373,05018076201462,,
CLOTHING,THE WHEAT BAG COMPANY,NF158,Wheat Bag Bee Lavender,43 x 12cms. Microwaveable,EACH,7.98,1,12.99,,,,,,V,5060406893878,,,
BABY & CHILD FOOD,GOODIES,BB054,Bluey Pouch Banana Strawberry,,3 X 4 X 100G,12.14,,5.39,,,,,,,18410175092080,8410175092083,N,
CHOCOLATE,COCO CHOCOLATIER,WS013,Festive Cracker Milk Buttons,giant milk chocolate buttons,9 X 80G,39.90,1,6.99,,,G,,S,,5060149465561,5060149465677,,
FRUIT - DRIED,SUMA BAGGED DOWN - ORGANIC,DR219,Cranberries - organic,Great for cooking & snacking,1 KG,11.55,,,,,,O,S,V,5017601024767,,,
PASTA,DOVES FARM,WT166,Organic Red Lentil Penne Pasta,,6 X 250G,15.25,,3.39,,,G,O,,V,5011766666343,05011766066341,,
CHOCOLATE,HAPPI,WS196,Cherry Almond Easter Egg,Oat M!lk Chocolate,6 X 155G,51.30,1,14.00,,F,,,S,V,5060748323927,25060748323938,N,05 SEP 25
OLIVES,MANI,KJ250,Og Mixed Olives al Naturale,With Chilli & Herbs,6 X 205G,17.94,,3.99,,,,O,,V,5202423133227,05202423136228,,
TEAS,NUTRA TEA,TE065,Boost - helps maintain energy,W/ginseng; guarana;ashwagandha,10 X 40G,41.43,,5.99,,,,,,V,5060394429998,5060394429448,,
NUTS & SEEDS,SUMA PREPACKS,NU170,Peanuts - roasted & salted,,6 X 250G,8.44,1,2.25,,,,,,V,5017601022985,05017601022978,,
VEGAN & OAT MILK,RUDE HEALTH FOODS,SY148,Hazelnut Drink - Organic,,6 X 1L,11.44,,2.55,,,G,O,,V,5060120281616,05060120282798,,
NUTS & SEEDS,SUMA BAGGED DOWN - ORGANIC,NU203,Sunflower seeds - organic,,1 KG,3.85,,,,,,O,,V,5017601772033,,,
CLOTHING,THE WHEAT BAG COMPANY,NF180,Wheat Bag Bee Unscented,43 x 12cms. Microwaveable,EACH,7.98,1,12.99,,,,,,V,5060406893885,,,
BABY & CHILD FOOD,GOODIES,BB055,Bluey Pouch Apple & Blueberry,,3 X 4 X 100G,12.14,,5.39,,,,,,V,18410175092097,8410175092090,N,
COCOA,COCO CHOCOLATIER,WS015,Mayan Spice Drinking Chocolate,single origin columbian choc,12 X 250G,102.00,,11.99,,,G,,S,V,5060149467268,5060149467275,,
FRUIT - DRIED,SUMA PREPACKS - ORGANIC,DR325,Cranberries - organic,Great for cooking & snacking,6 X 125G,9.68,,2.15,,,,O,S,V,5017601024880,05017601024873,,
BAKING SUNDRIES,DOVES FARM,BT528,Gluten Free Sponge Mix,,5 X 350G,10.50,,2.79,,,G,,S,V,5011766010818,05011766111898,,
CHOCOLATE,HAPPI,KB953,Cacao Nibs Crunch,Oat Milk Chocolate,12 X 80G,23.93,1,3.19,,,G,,S,V,5060748329967,5060748320483,N,
VEGETABLES,MANI,KJ440,Og Capers in Olive Oil,,6 X 180G,23.81,,5.29,,,,O,,V,5202423330091,5202423601405,,
TEAS,NUTRA TEA,TE059,Cleanse-for digestive function,W/milk thistle and artichoke,10 X 40G,41.43,,5.99,,,,,,V,5060394429981,5060394429547,,
NUTS & SEEDS,SUMA PREPACKS,NU132,Roasted Monkey Nuts,Peanuts - Roasted in Shell,6 X 175G,8.96,,1.99,,,,,,V,5017601049890,05017601049883,,
CEREALS & MUESLIS,RUDE HEALTH FOODS,MX232,Honey Puffed Spelt,,8 X 175G,21.00,,3.49,,,,O,,,5060120283122,05060120283139,,
NUTS & SEEDS,SUMA PREPACKS - ORGANIC,NU457,Sunflower seeds - organic,,6 X 500G,11.66,,2.59,,,,O,,V,5017601022442,05017601022435,,
CLOTHING,THE WHEAT BAG COMPANY,NF122,Wheat Bag Star Blue Lavender,Fleece backed;43x12;microwave,EACH,7.98,1,12.99,,,,,,V,5060406894318,,N,
BABY & CHILD FOOD,GOODIES,BB056,Bluey Pouch Banana Straw Yog,,3 X 4 X 100G,12.14,,5.39,,,,,,V,8410175092106,18410175092103,N,
COCOA,COCO CHOCOLATIER,WS036,Peppermint Drinking Chocolate,,12 X 250G,102.00,,11.99,,,G,,S,V,5060149467169,5060149467176,,
FLOURS & BREAD MIXES,DOVES FARM,FG052,Gluten Free Self Raising Flour,,16 KG,32.06,,,,,G,,,V,05011766111126,,,
CHOCOLATE,HAPPI,WS271,Chocolate Honeycomb Easter Egg,oat milk; salted honeycomb,6 X 155G,52.50,1,14.00,,,G,,S,V,50607483239034,25060748323914,,05 SEP 25
OLIVES,MANI,KJ432,Og Green & Kalamata Olives,al Naturale,6 X 175G,17.94,,3.99,,,,O,,V,5202423330060,05202423331067,,
TEAS,NUTRA TEA,TE082,Defence-help maintain immunity,W/liquorice;astragalus; ginger,10 X 40G,41.43,,5.99,,,,,,V,5060394429844,5060394429516,,
NUTS & SEEDS,SUMA PREPACKS,NU184,Peanuts - roasted,,6 X 250G,8.44,1,2.25,,,,,,V,5017601020400,05017601020394,,
CEREALS & MUESLIS,RUDE HEALTH FOODS,MX069,Low Sugar Granola,,6 X 400G,18.00,,3.99,,,,,S,V,5060120285355,5060120285362,,
NUT & SEED BUTTERS,SUNFLY,GH170,Sunflower seed butter; Cocoa,,15 X 330G,49.50,,4.39,,,G,,S,V,4745010479106,4745010479052,,
CLOTHING,THE WHEAT BAG COMPANY,NF033,Wheat Bag Garden Fern Lavender,43 X 12cms. Microwavable,EACH,7.98,1,12.99,,,,,,V,5060406898705,,,
BEERS,BOUNDARY BREWING COOP,RT032,Camper Session IPA 4.8% ABV,,12 X 440ML,34.29,1,4.59,,,,,,V,9501812181180,,,
COFFEE,CAFEDIRECT,TE229,Machu Picchu Organic Beans,Strength 4; Full Bodied,6 X 750G,77.98,,17.35,,F,,O,,V,5060198252358,05060198252365,,
FLOURS & BREAD MIXES,DOVES FARM,FG520,Gluten Free White Bread Flour,Wheat Free; Purple Logo,5 X 1KG,11.73,,3.15,,,G,,,V,5011766010146,05011766110198,N,
OILS & FATS,HAPPY BUTTER,VF202,Organic Ghee,,12 X 150G,63.13,,6.99,,,,O,,,0604565025661,0604565025685,,
VEGAN BUTTER; MARGARINES & SPRE,KOKO DAIRY FREE,CV317,Koko Dairy Free Spread,,12 X 250G,13.27,,1.49,,,G,,,V,5060100602981,15060100602988,,
OLIVES,MANI,KJ424,Og Green Olives al Naturel,,6 X 205G,17.94,,3.99,,,,O,,V,5202423330084,05202423601474,,
TEAS,NUTRA TEA,TE051,Glycemia-blood glucose levels,W/Bitter lemon and cinnamon,10 X 40G,41.43,,5.99,,,,,,V,5060394429899,5060394429455,,
NUTS & SEEDS,BULK COMMODITIES - ORGANIC,NU885,Peanuts - organic,Peanuts with their skins,25 KG,104.00,,,,,,O,,V,,,,
BISCUITS CRACKERS & CRISPBREAD,RUDE HEALTH FOODS,BT309,Multigrain Crackers,,8 X 100G,14.97,,2.49,,,G,O,,V,5060120285980,05060120285997,,
PASTA (CHILLED),SUNNY & LUNA,CV041,Spinach Gnocchi,,8 X 350G,32.00,,5.35,,,G,,,V,5070000995090,5070000995069,,
CLOTHING,THE WHEAT BAG COMPANY,NF034,Wheat Bag GardenFern Unscented,43 X 12cms. Microwavable,EACH,7.98,1,12.99,,,,,,V,5060406898712,,,
BEERS,BOUNDARY BREWING COOP,RT019,Imbongo Tropical IPA 5.5% ABV,Juicy tropical flavours,12 X 440ML,37.86,1,5.05,,,,,,V,,,,
COFFEE,CAFEDIRECT,TE323,Colombia Ground Coffee,Medium bodied,6 X 200G,27.08,,6.05,,F,,,,V,5060198252747,15060198252744,,
BISCUITS CRACKERS & CRISPBREAD,DOVES FARM,BT029,Organic Ginger Oat Biscuits,,12 X 200G,19.71,,2.19,,,,O,S,V,5011766991216,05011766481151,,
OILS & FATS,HAPPY BUTTER,VF204,Organic Ghee,,6 X 300G,53.74,,11.95,,,,O,,,0700461254829,0700461856115,,
ADS (CHILLED),,,,,,,,,,,,,,,,,,
OLIVES,MANI,KJ430,Og Kalamata Olives al Naturale,Black Olives,6 X 205G,17.94,,3.99,,,,O,,V,5202423330077,5202423601481,,
TEAS,NUTRA TEA,TE061,Head-clear head and relaxation,W/feverfew and willow bark,10 X 40G,41.43,,5.99,,,,,,V,5060394428243,5060394428205,,
NUTS & SEEDS,SUMA BAGGED DOWN - ORGANIC,NU245,Peanuts - Organic,Peanuts with their skins,2.5 KG,13.25,,,,,,O,,V,5017601013464,,,
CEREALS & MUESLIS,RUDE HEALTH FOODS,MX118,Puffed Oats,,8 X 175G,13.50,,2.25,,,,,,V,5060120282040,05060120282033,,
PASTA (CHILLED),SUNNY & LUNA,CV017,Spinach Ravioli,,6 X 250G,34.28,,7.60,,,,,,V,5065021672037,5065021672037,,
CLOTHING,THE WHEAT BAG COMPANY,NF240,Green Leaf - Lavender,,EACH,7.97,1,12.99,,,,,,V,5061055670971,,,
BABY CARE,BEAMING BABY,NF022,Organic Bamboo Nappies Size 1,2-6kg; 32 pcs/bag,4 X 32,39.07,,12.99,,,,O,,V,5060064445273,5060064445402,,
COFFEE,CAFEDIRECT,TE321,Machu Picchu Coffee Bags,,6 X 10 X 7G,27.02,,5.99,,F,,,,V,5060198252419,15060198252836,,
FLOURS & BREAD MIXES,DOVES FARM,FG103,Heritage Seeded Bread Flour,,5 X 1KG,12.71,,3.39,,,,O,,V,5011766011044,05011766112154,N,
CHOCOLATE,HAPPI,KB274,Gingerbread Bar,oat milk chocolate,12 X 80G,32.31,1,4.49,,,G,,S,V,5060748322562,5060748322180,N,
VEGAN YOGHURT,KOKO DAIRY FREE,CV300,Vanilla Yoghurt,,6 X 350G,7.87,,1.75,,,G,,S,V,5060100603155,15060100603152,,
VEGETABLES,MANI,KJ434,Og Kalamata Olive Paste,,6 X 180G,28.89,,6.39,,,,O,,V,5202423281850,5202423282857,,
TEAS,NUTRA TEA,TE074,Joint-bone/joint support,W/curcumin and piperine,10 X 40G,41.43,,5.99,,,,,,V,5060394429912,5060394429509,,
NUTS & SEEDS,SUMA PREPACKS - ORGANIC,NU218,Peanuts - organic,Peanuts with their skins,6 X 500G,16.61,,3.69,,,,O,,V,5017601024507,05017601024491,,
VEGAN & OAT MILK,RUDE HEALTH FOODS,SY037,Oat Drink - Organic,,6 X 1L,9.55,,2.15,,,G,O,,V,05060120282231,5060120281975,,
NUT & SEED BUTTERS,SUNFLY,GH163,Sunflower seed butter; Crunchy,,15 X 330G,49.51,,4.39,,,G,,S,V,4745010479083,4745010479038,,
CLOTHING,THE WHEAT BAG COMPANY,NF289,Hanging Sachet - Green Leaf,Lavender Scented,EACH,7.25,1,11.99,,,,,,V,5061055671299,,,
BABY CARE,BEAMING BABY,NF024,Organic Bamboo Nappies Size 2,5-8kg; 30 pcs/bag,4 X 30,39.07,,12.99,,,,O,,V,5060064445280,5060064445419,,
COFFEE,CAFEDIRECT,TE226,Mayan Gold Ground,Strength 4; Smooth and Dark,6 X 200G,27.08,,6.05,,F,,O,,V,5060198252778,15060198252775,,
FLOURS & BREAD MIXES,DOVES FARM,FG011,Khorasan Flour Wholegrain,,5 X 1KG,15.25,,4.09,,,,O,,V,5011766010191,05011766112208,N,
OILS & FATS,HAPPY BUTTER,VF122,Organic Ghee,,6 X 580G,93.04,,20.69,,,,O,,,0604565726049,0604565726056,,
VEGAN & OAT MILK,KOKO DAIRY FREE,SY122,Coconut Milk Drink Unsweetened,,6 X 1L,7.74,,1.69,,,G,,,V,5060100601861,15060100601875,,
OILS & FATS,MANI,GT002,Og Extra Virgin Olive Oil,,6 X 1L,110.21,,24.49,,,,O,,V,5202423200172,5202423601412,,
TEAS,NUTRA TEA,TE042,Mullein Leaf & Thyme,Immune/respiratory support,10 X 40G,41.43,,5.99,,,,,,V,5060394428397,5060394428359,,
NUTS & SEEDS,SUMA BAGGED DOWN,NU042,Peanuts - Paleskin,Food grade/also good for birds,5 KG,18.75,,,,,,,,V,5017601047377,,,
VEGAN & OAT MILK,RUDE HEALTH FOODS,SY031,Barista Oat Organic,,6 X 1L,11.21,,2.49,,,,O,,V,5060120285065,5060120285072,N,
NUT & SEED BUTTERS,SUNFLY,GH106,Sunflower seed butter Natural,No Added Sugar,15 X 330G,49.51,,4.39,,,G,,,V,4745010479069,4745010479014,,
CLOTHING,THE WHEAT BAG COMPANY,NF168,Wheat Bottle - Navy Leaf,Lavender Scented,EACH,12.03,1,19.95,,,,,,V,5061055671091,,,
BABY CARE,BEAMING BABY,NF025,Organic Bamboo Nappies Size 3,7-11kg; 26 pcs/bag,4 X 26,39.07,,12.99,,,,O,,V,5060064445297,5060064445426,,
COFFEE,CAFEDIRECT,TE302,Mayan Gold Beans,Strength 5; Smooth and Dark,6 X 200G,27.08,,6.05,,F,,O,,V,5060198252785,15060198252782,,
FLOURS & BREAD MIXES,DOVES FARM,FG004,Malthouse Bread Flour,Mixed Grain; Brown Logo,5 X 1KG,7.59,,2.05,,,,O,,V,5011766010061,05011766110174,N,
SOFT DRINKS,FENTIMANS,JU281,Dandelion & Burdock,,6 X 750ML,18.57,1,4.95,,,,,S,V,5029396738828,15029396738825,,
COCOA,HAPPI,KB266,Oat Milk Hot Chocolate Spoons,,12 X 80G,53.91,,5.99,,,G,,S,V,5060748322210,5060748322227,,
VEGAN & OAT MILK,KOKO DAIRY FREE,SY020,Koko Kids Milk Alternative,,6 X 1L,8.13,,1.79,,,G,,S,V,5060100602257,15060100602254,,
VEGETABLES,MANI,KJ437,Og Sun Dried Tomato Paste,,6 X 180G,28.89,,6.39,,,,O,,V,5202423180108,05202423601443,,
TEAS,NUTRA TEA,TE060,Liver-for cholesterol balance,W/hawthorn berries; holy basil,10 X 40G,41.43,,5.99,,,,,,V,5060394429851,5060394429585,,
NUTS & SEEDS,BULK COMMODITIES,NU047,Peanuts - Roasted with Skins,,12.5 KG,45.50,1,,,,,,,V,,,,
CEREALS & MUESLIS,RUDE HEALTH FOODS,MX120,Puffed Brown Rice,,4 X 225G,6.11,,2.05,,,G,,,V,5060120281067,05060120281074,,
NUT & SEED BUTTERS,SUNFLY,GH108,Sunflower seed butter; Smooth,,15 X 330G,49.51,,4.39,,,G,,S,V,4745010479113,474501479021,,
CLOTHING,THE WHEAT BAG COMPANY,NF181,Wheat Bottle - Green Leaf,Lavender Scented,EACH,12.03,1,19.95,,,,,,V,5061055671107,,,
BABY CARE,BEAMING BABY,NF026,Organic Bamboo Nappies Size 4,9-15kg; 24 pcs/bag,4 X 24,39.07,,12.99,,,,O,,V,5060064445303,5060064445433,,
COFFEE,CAFEDIRECT,TE449,Mayan Gold Instant,Strength 5; Smooth and Dark,6 X 100G,42.85,,9.55,,F,,,,V,5060198252587,15060198252584,,
PASTA,DOVES FARM,WT051,Organic Maize/Rice Fusilli,,8 X 500G,20.31,,3.39,,,G,O,,V,5011766666114,05011766666213,,
SOFT DRINKS,FENTIMANS,JU908,Dandelion & Burdock,,12 X 275ML,17.07,1,2.29,,,G,,S,V,5029396212359,05029396292368,,
PET FOODS & PET CARE,V DOG,PF100,Crunchy Nuggets (Happidog),Complete Vegan Dog Food,15 KG,37.70,1,59.99,,,,,,V,5060130540376,,,
CEREALS & MUESLIS,POST,MX121,Grapenuts,,12 X 580G,49.71,,5.49,,,,,,V,884912005502,0700861849414,,
OILS & FATS,MONINI,GT011,White Truffle Flavoured Oil,,6 X 250ML,35.90,,7.99,,,G,,,V,80481508,8005510000962,,
TEAS,NUTRA TEA,TE009,Pine Needle & Rosehip Tea,Full of Vitamin C,10 X 40G,41.43,,5.99,,,,,,V,5060394428298,5060394428250,,
NUTS & SEEDS,BULK COMMODITIES,NU044,Peanuts - redskin,,25 KG,66.25,,,,,,,,V,,,,
VEGAN & OAT MILK,RUDE HEALTH FOODS,SY223,Roast Almond Oat Drink OG,,6 X 1L,11.21,,2.49,,,,O,,V,5060120285782,05060120285799,,
NUT & SEED BUTTERS,SUNFLY,GH167,Sunflower seed butter,Sweet & Salty,15 X 330G,49.51,,4.39,,,G,,S,V,4745010479045,,,
CLOTHING,THE WHEAT BAG COMPANY,NF229,Navy Leaf - Unscented,,EACH,7.97,1,12.99,,,,,,V,5061055670902,,,
BABY CARE,BEAMING BABY,NF028,Organic Bamboo Nappies Size 5,15-19kg; 22 pcs/bag,4 X 22,39.07,,12.99,,,,O,,V,5060064445310,5060064445440,,
COFFEE,CAFEDIRECT,TE901,Machu Picchu Organic Beans,Strength 4; Full bodied,6 X 200G,27.08,,6.05,,F,,O,,V,5060198252761,15060198252768,,
PASTA,DOVES FARM,WT039,Organic Maize/Rice Penne Pasta,,8 X 400G,16.30,,2.75,,,G,O,,V,5011766666534,5011766066549,,
SOFT DRINKS,FENTIMANS,JU463,Gently Sparkling Elderflower,,12 X 275ML,17.07,1,2.29,,,G,,S,V,5029396739078,05029396739085,,
CHOCOLATE,HAPPI,WS195,Pistachio Crunch Egg,Oat Milk Chocolate,6 X 155G,52.50,1,14.00,,F,,,S,V,5060748325341,25060748325352,,05 SEP 25
PAPER PRODUCTS & STATIONERY,ECOLEAF BY SUMA,NF140,Kitchen Towel - Jumbo,100% Recycled; 3 Ply,12 X 1 ROLLS,24.00,1,3.19,,,,,,V,5017601038238,5028635002690,N,
DRINKS (CHILLED),MOCKINGBIRD,CV658,Raw Berry Smoothie,Strawberry; Acai; Beetroot,8 X 250ML,15.32,1,3.05,,,G,,,,5060406461855,25060406461859,,
TEAS,NUTRA TEA,TE003,Raspberry Leaf & Peppermint,Digestion and relaxation,10 X 40G,41.43,,5.99,,,,,,V,5060394428595,5060394428564,,
NUTS & SEEDS,SUMA BAGGED DOWN,NU046,Peanuts - redskin,,5 KG,18.55,,,,,,,,V,5017601770466,,,
VEGAN & OAT MILK,RUDE HEALTH FOODS,SY194,Organic Soya Drink,,6 X 1L,8.84,,1.95,,,G,O,,V,5060120285157,5060120285164,,
PASTA (CHILLED),SUNNY & LUNA,CV215,Lentil Tagliatelle,,6 X 250G,24.00,,5.35,,,,,,V,5070000995021,5070000995045,,
CLOTHING,THE WHEAT BAG COMPANY,NF278,Hanging Sachet - Navy Leaf,Lavender Scented,EACH,7.25,1,11.99,,,,,,V,5061055671282,,,
BEERS,BOUNDARY BREWING COOP,RT018,Pillows Pale Ale 4.3% ABV,New England style-citrus/berry,12 X 440ML,32.14,1,4.29,,,,,,V,9501813329384,0637813400409,,
COFFEE,CAFEDIRECT,TE377,Machu Picchu Instant Decaf,Full bodied; Dark Chocolate,6 X 100G,38.48,,8.55,,F,,,,V,5060198252518,15060198252515,,
PASTA,DOVES FARM,WT135,Organic Multigrain Pasta,,8 X 500G,24.99,,4.19,,,G,O,,V,5011766666299,05011766066297,,
SOFT DRINKS,FENTIMANS,JU346,Ginger Beer,,12 X 275ML,17.07,1,2.29,,,G,,S,V,5029396222334,05029396122757,,
CHOCOLATE,HAPPI,KB951,Plain Milk,Oat Milk Chocolate,12 X 80G,23.93,1,3.19,,,G,,S,V,5060748329905,5060748320469,N,
OILS & FATS,KTC,GT050,Sunflower Oil Refined,,6 X IL,17.16,,3.79,,,,,,V,5013635606108,05013635606146,,
DRINKS (CHILLED),MOCKINGBIRD,CV550,Raw Activate Juice,Guava; Grape; Coconut,6 X 750ML,17.61,1,4.75,,,G,,,V,5060406462272,15060406462279,,
TEAS,NUTRA TEA,TE044,Reflux-supports digestion,W/liquorice; shatavari root,10 X 40G,41.43,,5.99,,,,,,V,5060394428144,5060394428106,,
NUTS & SEEDS,BULK COMMODITIES,NU250,Peanuts - paleskin,,25 KG,66.67,,,,,,,,V,5017601048275,,,
CEREALS & MUESLIS,RUDE HEALTH FOODS,MX127,Spelt Flakes,,8 X 300G,19.50,,3.25,,,,,,V,5060120281890,05060120281906,,
OILS & FATS,KTC,GT052,Sunflower Oil - refined,,5L,13.99,,18.65,,,,,,V,5013635606603,,,
CLOTHING,THE WHEAT BAG COMPANY,NF116,Strawberry Thief Crimson Laven,William Morris Design,EACH,7.98,1,12.99,,,,,,V,5060406899306,,,
HOUSEHOLD PRODUCTS,ECOLEAF BY SUMA,NF361,Bamboo Vegetable Brush,,EACH,4.40,1,6.99,,,,,,V,5017601052791,05017601052784,,
COFFEE,CAFEDIRECT,TE493,Machu Picchu Decaf Ground,Strength 4; Full Bodied,6 X 200G,27.08,,6.05,,F,,,,V,5060198252716,15060198252713,,
FRUIT - DRIED,SUMA PREPACKS - ORGANIC,DR057,Cranberries - organic,Great for cooking & snacking,6 X 250G,17.33,,3.85,,,,O,S,V,5017601031512,05017601031505,,
PASTA,DOVES FARM,WT053,Organic Maize/Rice Spaghetti,,12 X 500G,30.50,,3.39,,,G,O,,V,5011766666138,05011766666138,,
SOFT DRINKS,FENTIMANS,JU280,Ginger Beer,,6 X 750ML,18.57,1,4.95,,,G,,S,V,5029396738811,15029396738818,,
CHOCOLATE,HAPPI,KB996,White Chocolate,Oat Milk Chocolate,12 X 80G,26.09,1,3.49,,,G,,S,V,5060748320841,5060748320865,N,
SOFT DRINKS,LA BREWERY,JU072,Citrus Hops Kombucha,With ginger and Sicilian lemon,12 X 250ML,25.71,1,3.45,,,G,,,V,5060534060326,15060534060330,,
DRINKS (CHILLED),MOCKINGBIRD,CV661,Raw Mango Smoothie,Mango; Passionfruit; Carrot,8 X 250ML,15.32,1,3.05,,,G,,,,5060406461848,25060406461842,,
TEAS,NUTRA TEA,TE047,Throat - soothing,W/eucalyptus;marshmallow root,10 X 40G,41.43,,5.99,,,,,,V,5060394428199,5060394428151,,
NUTS & SEEDS,BULK COMMODITIES,NU051,Peanuts - roasted & salted,,12.5 KG,46.35,1,,,,,,,V,,,,
VEGAN & OAT MILK,RUDE HEALTH FOODS,SY117,Tiger Nut Drink Organic,,6 X 1L,13.46,,2.99,,,G,O,,V,5060120284020,05060120284037,,
DAIRY CHEESE,HIGH WEALD DAIRY,CV443,Mixed Case Soft Sheeps Cheese,Plain; Garlic & Herb; Dill,6 X 100G,19.58,,4.35,,,,O,,,5019693000704,5019693000513,N,
CLOTHING,THE WHEAT BAG COMPANY,NF115,Strawberry Thief Navy Lavender,William Morris Design,EACH,7.98,1,12.99,,,,,,V,5060406899320,,,
BABY CARE,BEAMING BABY,NF031,Organic Bamboo Baby Wipes,,12 X 80,34.87,1,4.99,,,,O,,V,5060064445686,50600644457236,,
COFFEE,CAFEDIRECT,TE513,Machu Picchu Instant,Full bodied; dark chocolate,6 X 100G,42.85,,9.55,,F,,,,V,5060198250040,05060198250057,,
FRUIT - DRIED,SUMA PREPACKS,DR060,Cranberries,,6 X 125G,7.16,,1.59,,,,,S,V,5017601022060,05017601022053,,
FLOURS & BREAD MIXES,DOVES FARM,FG096,Oat Flour,,4 X 450G,11.35,,3.79,,,G,O,,V,5011766010986,05011766112093,,
SOFT DRINKS,FENTIMANS,JU366,Ginger Beer,,12 X 250ML,14.71,1,1.95,,,G,,S,V,5029396003087,15029396003084,,
CHOCOLATE,HAPPI,KB988,Orange,Oat Milk Chocolate,12 X 80G,23.93,1,3.19,,,G,,S,V,5060748329929,5060748320520,N,
PASTA,LA BIO IDEA,WT119,Chickpea Penne with Corn,,10 X 250G,26.61,,3.49,,,,O,,V,8718976016001,8718976020855,,
DRINKS (CHILLED),MOCKINGBIRD,CV473,Raw Greens Smoothie,Kiwi; Pear; Spinach; Apple,6 X 750ML,18.33,1,4.95,,,G,,,V,5060406461701,15060406461708,,
TEAS,NUTRA TEA,TE067,Lipid-healthy cholesterol,W/hawthorn berries; holy basil,10 X 40G,41.43,,5.99,,,,,,V,5060394429905,5060394429554,,
NUTS & SEEDS,SUMA PREPACKS,NU092,Pine kernels,,6 X 125G,22.46,,4.99,,,,,,V,5017601018339,05017601018759,,
VEGAN & OAT MILK,RUDE HEALTH FOODS,SY159,Ultimate Almond Milk - Organic,,6 X 1L,14.71,,3.29,,,G,O,,V,5060120283061,05060120283078,,
JAMS & FRUIT SPREADS,SCHOOL YARD KITCHEN,JS047,Apple Chilli Jelly,,12 X 190G,35.16,,4.50,,,G,,,V,5060496872517,5060496872777,,
CLOTHING,THE WHEAT BAG COMPANY,NF133,Wheat Bag Woodland Ochre Laven,43 X 12cms. Microwaveable,EACH,7.98,1,12.99,,,,,,V,5060406899368,,,
CRISPS & SNACKS,BROWN BAG CRISPS,ZX265,West Country Cheddar & Onion,,20 X 40G,10.58,1,0.89,,,G,,,,5060356680030,15060356680037,N,
COFFEE,CAFEDIRECT,TE952,Machu Picchu Organic Ground,Strength 4; Full Bodied,6 X 200G,27.08,,6.05,,F,,O,,V,5060198252754,15060198252751,,
FRUIT - DRIED,SUMA PREPACKS,DR084,Cranberries,,6 X 250G,11.21,,2.49,,,,,S,V,5017601031970,05017601031963,,
FLOURS & BREAD MIXES,DOVES FARM,FG028,Buckwheat Wholegrain Flour,,5 X 1KG,15.05,,3.99,,,,O,,V,5011766010672,05011766112000,N,
ALCOHOLIC DRINKS,HOLLOWS,RT017,Superior Alcoholic Ginger Beer,ABV 4%,8 X 500ML,18.50,1,3.69,,,G,,S,V,5029396738613,05029396738637,,
CHOCOLATE,HAPPI,ZX986,Oat Milk Chocolate Buttons,,10 X 100G,24.22,1,3.89,,,G,,S,V,5060748320681,5060748320698,N,
ALCOHOL FREE AND LOW ALCOHOL BE,LA BREWERY,JU088,English Blush Kombucha,Fruity with Floral Notes,6 X 750ML,46.29,1,12.35,,,,,S,V,5060534060159,15060534060156,,
DRINKS (CHILLED),MOCKINGBIRD,CV484,Raw Mango Smoothie,Mango; Passionfruit; Carrot,6 X 750ML,18.33,1,4.95,,,G,,,V,5060406461718,15060406461715,,
TEAS,NUTRA TEA,TE055,Trim-supports fat metabolism,W/garcinia cambogia; guarana,10 X 40G,41.43,,5.99,,,,,,V,5060394429868,5060394429462,,
NUTS & SEEDS,SUMA BAGGED DOWN,NU057,Pine kernels,,1 KG,30.55,,,,,,,,V,5017601770572,,,
WINES,RED WINE,WN010,Rewild Malbec,1 Bottle plants 1 Tree,6 X 75CL,46.19,1,12.35,,,,,,V,5011932013605,05011932013629,,
JAMS & FRUIT SPREADS,SCHOOL YARD KITCHEN,JS048,Bramble Jam With Whisky,,12 X 190G,35.16,,4.50,,,G,,,V,5060496872500,5060496872753,,
CLOTHING,THE WHEAT BAG COMPANY,NF222,Wheat Bottle - Morris Crimson,Lavender Scented,EACH,12.03,1,19.95,,,,,,V,5060406899962,,,
CRISPS & SNACKS,BROWN BAG CRISPS,ZX268,Oak Smoked Chilli,,20 X 40G,10.58,1,0.89,,,G,,S,V,5060356680023,15060356680020,N,
HERB & FRUIT TEA INFUSIONS,CELESTIAL SEASONINGS,TE333,Bengal Spice,,6 X 20 BAGS,17.86,,3.95,,,,,,V,0070734053283,10070734512176,,
OLIVES,CRESPO,KJ397,Pitted Black Olives,,8 X 354G,11.88,,1.99,,,,,,V,3076820005133,33076820005134,,
FLOURS & BREAD MIXES,DOVES FARM,FG007,Wholewheat strong flour org,Stoneground,25 KG,28.04,,,,,,O,,V,05011766110631,,,
SOFT DRINKS,FENTIMANS,JU435,Victorian Lemonade,,12 X 275ML,17.07,1,2.29,,,G,,S,V,5029396222341,05029396222754,,
CHOCOLATE,HAPPI,KB950,Salted Caramel,Oat Milk Chocolate,12 X 80G,23.93,1,3.19,,,G,,S,V,5060748329943,5060748320506,N,
VERAGES,,,,,,,,,,,,,,,,,,
DRINKS (CHILLED),MOCKINGBIRD,CV514,Raw Pump Juice,Raspberry; Sour Cherry; Goji,6 X 750ML,17.61,1,4.75,,,G,,,V,5060406462326,15060406462323,,
TEAS,NUTRA TEA,TE049,Uric-combats build up of acid,W/cherries & nettle,10 X 40G,41.43,,5.99,,,,,,V,5060394429929,5060394429493,,
NUTS & SEEDS,BULK COMMODITIES,NU056,Pine kernels - China,,12.5 KG,324.59,,,,,,,,V,,,,
WINES,ROSE WINE,WN082,Rewild Rose,1 Bottle plants 1 Tree,6 X 75CL,44.56,1,11.89,,,,,,V,5011932013735,05011932013704,,
TABLE SAUCES,SCHOOL YARD KITCHEN,KJ100,Original Chilli Sauce,,12 X 150ML,35.16,,4.50,,,G,,,V,5060496872296,5060496872739,,
CLOTHING,THE WHEAT BAG COMPANY,NF199,Wheat Bottle - Morris Navy,Lavender Scented,EACH,12.03,1,19.95,,,,,,V,5060406899986,,,
CRISPS & SNACKS,BROWN BAG CRISPS,ZX270,Lightly Salted,,10 X 150G,14.00,1,2.69,,,G,,,V,5060356680054,15060356680051,N,
HERB & FRUIT TEA INFUSIONS,CELESTIAL SEASONINGS,TE336,Sleepytime Extra,,6 X 20 BAGS,17.95,,3.99,,,,,,V,0070734518294,10070434518291,,
OLIVES,CRESPO,KJ136,Capers,,6 X 198G,11.35,,2.49,,,,,,V,3076820010472,23076820010476,,
FLOURS & BREAD MIXES,DOVES FARM,FG197,Plain White Flour; Organic; GF,,16 KG,44.96,,,,,G,O,,V,05011766111102,,,
SOFT DRINKS,FENTIMANS,JU207,Premium Indian Tonic Water,,8 X 500ML,17.50,1,3.49,,,G,,S,V,5029396000116,15029396000113,,
CHOCOLATE,HAPPI,WS234,Easter Egg Bar Salt Honeycomb,,10 X 140G,50.89,1,8.00,,,G,,S,V,5060748322876,5060748322869,N,05 SEP 25
ALCOHOL FREE AND LOW ALCOHOL BE,LA BREWERY,JU440,English Rose Kombucha,Fresh; Zesty with Floral Notes,6 X 750ML,46.29,1,12.35,,,,,,V,5060534060067,15060534060064,,
DRINKS (CHILLED),MOCKINGBIRD,CV474,Raw Boost Smoothie,Strawberry; Acai; Beetroot,6 X 750ML,18.33,1,4.95,,,G,,,V,5060406461725,15060406461722,,
TEAS,NUTRA TEA,TE081,Vision-maintain/care for eyes,W/bilberry and eyebright,10 X 40G,41.43,,5.99,,,,,,V,5060394429943,5060394429486,,
NUTS & SEEDS,SUMA BAGGED DOWN - ORGANIC,NU543,Pine Kernels - organic,,1 KG,32.76,,,,,,O,,V,5017601017837,,,
WINES,WHITE WINE,WN014,Rewild Sauvignon Blanc,1 Bottle plants 1 Tree,6 X 75CL,43.33,1,11.55,,,,,,V,5011932013612,05011932013636,,
CRISPS & SNACKS,SCHOOL YARD KITCHEN,ZX751,Dark Chocolate Chilli Pretzels,,12 X 130G,40.98,1,5.49,,,,,S,V,5060496872470,5060496872524,N,
NUT & SEED BUTTERS,WHOLE EARTH,GH151,Peanut Butter-100% Nuts;Crunch,,6 X 227G,14.93,,3.29,,,G,O,,V,5013665113355,05013665113645,,
CRISPS & SNACKS,BROWN BAG CRISPS,ZX266,Lightly Salted,,20 X 40G,10.58,1,0.89,,,G,,,V,5060356680009,15060356680006,N,
HERB & FRUIT TEA INFUSIONS,CELESTIAL SEASONINGS,TE266,Sleepytime,,6 X 20 BAGS,16.60,,3.69,,,,,,V,0070734000034,10070734500609,,
OLIVES,CRESPO,KJ399,Green olives Pimento Stuffed,,8 X 354G,11.88,,1.99,,,,,,V,3076820005201,33076820005202,,
PASTA,DOVES FARM,WT167,Organic Green Pea Penne Pasta,,6 X 250G,15.25,,3.39,,,G,O,,V,5011766666350,05011766066358,,
SOFT DRINKS,FENTIMANS,JU344,Raspberry Lemonade,,12 X 275ML,17.07,1,2.29,,,G,,S,V,5029396003483,15029396003480,,
CHOCOLATE,HAPPI,WS141,Plain Milk Choc Easter Egg,oat milk chocolate,6 X 155G,52.50,1,14.00,,,G,,S,V,5060748320544,25060748320555,,05 SEP 25
VERAGES,,,,,,,,,,,,,,,,,,
DRINKS (CHILLED),MOCKINGBIRD,CV662,Raw Greens Smoothie,Kiwi; Pear; Spinach,8 X 250ML,15.32,1,3.05,,,G,,,,5060406461831,25060406461835,,
BODY CARE,NUUD,DY825,Lime & Bergamot Deo Stick,Scents from essential oils,1 X 45G,6.90,1,14.99,,,,,,V,8720726380515,,,
NUTS & SEEDS,BULK COMMODITIES - ORGANIC,NU542,Pine Kernels - organic,,12.5 KG,364.50,,,,,,O,,V,,,,
FLAKES; BRANS & WHEATGERM,SUMA PREPACKS - ORGANIC,FX093,Rye Flakes - organic,,6 X 500G,9.23,,2.05,,,,O,,V,5017601019329,05017601019312,,
CRISPS & SNACKS,SCHOOL YARD KITCHEN,ZX753,Dark Chocolate Chilli Pretzels,,12 X 37G,15.60,1,2.09,,,,,S,V,5060496872487,5060496872531,N,
SOFT DRINKS,WHOLE EARTH,JU311,Apple,organic,24 X 330ML,21.24,1,1.39,,,,O,S,V,5013665116479,5013665147282,,
CRISPS & SNACKS,BROWN BAG CRISPS,ZX108,Rosemary & Sea Salt,,10 X 150G,14.00,1,2.69,,,G,,S,V,5060356680276,15060356680273,N,
PICKLES; CHUTNEYS & MUSTARDS,CULTURED FOOD COMPANY,KJ510,Raw Carrot & Fennel Sauerkraut,,6 X 400G,26.47,,5.89,,,,O,,V,5392000096264,5392000113169,,
OLIVES,CRESPO,KJ398,Pitted Green Olives,,8 X 354G,11.88,,1.99,,,,,,V,3076820005188,33076820005189,,
FLOURS & BREAD MIXES,DOVES FARM,FG072,Strong White Bread Flour,Green Bag Green Logo,5 X 1.5KG,8.76,,2.35,,,,O,,V,5011766001007,05011766101103,N,
SOFT DRINKS,FENTIMANS,JU300,Rose Lemonade,,12 X 250ML,17.07,1,2.29,,,G,,S,V,5029396003094,15029396003091,,
CHOCOLATE,HAPPI,WS235,Easter Egg Bar Plain Milk,,10 X 140G,50.89,1,8.15,,,G,,S,V,5060748322814,5060748322807,N,05 SEP 25
PASTA,LA BIO IDEA,WT117,Fregola Couscous White,,6 X 400G,14.18,,3.15,,,,O,,V,8718976020831,8718976020848,,
DRINKS (CHILLED),MOCKINGBIRD,CV551,Raw Shield Juice,Mandarin; Carrot; Orange,6 X 750ML,17.61,1,4.75,,,G,,,V,5060406462296,15060406462293,,
BODY CARE,NUUD,DY821,Natural Deodorant Cream,Starter Red - 1 Pack,1 X 15ML,6.52,1,12.99,,,,,,V,8721008476124,,,
NUTS & SEEDS,SUMA PREPACKS - ORGANIC,NU545,Pine Kernels - organic,,6 X 125G,24.72,,5.49,,,,O,,V,5017601024040,05017601024033,,
FLAKES; BRANS & WHEATGERM,BULK COMMODITIES - ORGANIC,FX019,Rye Flakes - Organic,,20 KG,30.03,,,,,,O,,V,,,,23 SEP 25
SOFT DRINKS,WHOLE EARTH,JU946,Cola,organic,24 X 330ML,21.24,1,1.39,,,,O,S,V,5013665116417,5013665147220,,
CRISPS & SNACKS,BROWN BAG CRISPS,ZX206,Rosemary & Sea Salt,,20 X 40G,10.58,1,0.89,,,G,,S,V,5060356680269,15060356680266,N,
PICKLES; CHUTNEYS & MUSTARDS,CULTURED FOOD COMPANY,KJ514,Raw Sauerkraut,,6 X 400G,26.47,,5.89,,,,O,,V,5392000096257,5392000113152,,
FRUIT - DRIED,CRAZY JACK,DR030,Apricots - Ready To Eat,organic soft ready to eat,12 X 200G,55.13,,5.99,,,,O,,V,5012246006444,25012246006448,,
FLOURS & BREAD MIXES,DOVES FARM,FG020,Strong White Flour,for breadmaking,25 KG,32.06,,42.15,,,,O,,V,05011766110662,,,
SOFT DRINKS,FENTIMANS,JU455,Rose Lemonade,,6 X 750ML,18.57,1,4.95,,,G,,S,V,5029396738767,15029396738764,,
CHOCOLATE,HAPPI,KB037,Oat Milk Selection Box,hot choc spoon & oat milk bars,6 X 240G,108.00,1,19.99,,,G,,S,V,5060748321626,5060748321848,,
HONEY,LITTLEOVER APIARIES,HY046,Manuka Honey 10+,,6 X 250G,59.05,,12.99,,,,,,,5060118170687,05060118170700,,
DRINKS (CHILLED),MOJU,CV467,Ginger Vitality Dosing Bottle,7 x Daily Shots,8 X 420ML,37.02,,6.15,,,,,,V,5060490010496,25060490010490,,
BODY CARE,NUUD,DY822,Natural Deodorant Cream 2 Pack,Smarter Red - 2 Pack,1 X 2 PACK,11.90,1,24.99,,,,,,V,8721008476148,,,
BEANS & PULSES - DRIED,BULK COMMODITIES,PU035,Pinto Beans,,25 KG,45.23,,,,,,,,V,,,,
SUPPLEMENTS & REMEDIES,SIMPLEE ALOE,MD041,Aloe Juice Health Supplement,Original,6 X 500ML,36.99,1,9.99,,,G,O,,V,5060403010216,05060403010230,,
SOFT DRINKS,WHOLE EARTH,JU947,Cranberry,organic,24 X 330ML,21.24,1,1.39,,,,O,S,V,5013665116455,5013665147268,,
CRISPS & SNACKS,BROWN BAG CRISPS,ZX267,Sea Salt and Vinegar,,20 X 40G,10.58,1,0.89,,,G,,S,,5060356680016,15060356680013,N,
PICKLES; CHUTNEYS & MUSTARDS,CULTURED FOOD COMPANY,KJ513,Raw Ruby Red Sauerkraut,,6 X 400G,26.47,,5.89,,,,O,,V,5392000096295,5392000113190,,
BISCUITS CRACKERS & CRISPBREAD,MRS CRIMBLES,BT245,Chocolate Macaroons,,12 X 195G,20.83,,2.35,,,G,,S,V,5010822991207,05010822881096,,
FLOURS & BREAD MIXES,DOVES FARM,FG888,Malthouse Flour - organic,,25 KG,41.58,,,,,,O,,V,05011766110785,,,
SOFT DRINKS,FENTIMANS,JU618,Rose Lemonade,,12 X 275ML,17.01,1,2.29,,,G,,S,V,5029396738576,05029396738583,,
CHOCOLATE,HAPPI,WS236,Easter Egg Bar Raspberry,white chocolate,10 X 140G,50.89,1,8.15,,,G,,S,V,5060748322845,5060748322838,,05 SEP 25
HONEY,LITTLEOVER APIARIES,HY047,Manuka Honey 15+,,6 X 250G,108.77,,24.29,,,,,,,5060118170748,05060118170762,,
DRINKS (CHILLED),MOJU,CV370,Ginger Shot,,18 X 60ML,28.02,,2.10,,,,,,V,96147450,15060490010929,,
BODY CARE,NUUD,DY826,Natural Deodorant Stick,The Stick,1 X 45G,6.30,1,12.99,,,,,,V,8721008476186,,,
BEANS & PULSES - DRIED,BULK COMMODITIES - ORGANIC,PU061,Pinto Beans - organic,,25 KG,80.00,,,,,,O,,V,,,,
SUPPLEMENTS & REMEDIES,SIMPLEE ALOE,MD025,Aloe Juice Health Supplement,Original,6 X 1L,59.99,1,15.99,,,G,O,,V,5060403010506,05060403010513,,
SOFT DRINKS,WHOLE EARTH,JU935,Lemonade,organic,24 X 330ML,21.24,1,1.39,,,,O,S,V,5013665116431,05013665147244,,
CRISPS & SNACKS,BROWN BAG CRISPS,ZX833,Vegetable Chips - Hand Cooked,Lightly Salted,15 X 40G,14.57,,1.49,,,G,,,V,5060356680221,05060356680252,N,
BAKING SUNDRIES,SUMA,LJ019,Cornflour,,6 X 500G,10.31,,2.29,,,,,,V,5017601037279,5017601037262,,
BISCUITS CRACKERS & CRISPBREAD,MRS CRIMBLES,BT288,Coconut Macaroon,,12 X 180G,18.86,,2.09,,,G,,S,V,5010822991269,05010822881157,,
FLOURS & BREAD MIXES,DOVES FARM,FG075,White flour - plain organic,Unbleached,25 KG,30.89,,,,,,O,,V,050117661106936,,,
SOFT DRINKS,FENTIMANS,JU354,Mandarin Seville Orange Jigger,,12 X 275ML,17.07,1,2.29,,,G,,S,V,5029396322775,05029396322768,,
CHOCOLATE,HAPPI,ZX983,White Chocolate & Raspberry,Oat Milk Chocolate,12 X 80G,23.93,1,3.19,,,G,,S,V,5060748320926,5060748320933,N,
HONEY,LITTLEOVER APIARIES,HY045,Manuka Honey 5+,,6 X 250G,46.20,,10.35,,,,,,,5060118170717,05060118170731,,
DRINKS (CHILLED),MOJU,CV469,Hot Mango Immunity Dose Bottle,7 x Daily Shots,8 X 420ML,37.02,,6.15,,,,,,V,5060490010861,25060490010865,,
OLIVES,OLIVES ET AL,KJ433,Pitted Kalamata Black Olives,,6 X 270G,28.20,,6.25,,,,,,V,5055003702142,05055003725417,,
BEANS & PULSES - DRIED,SUMA PREPACKS - ORGANIC,PU136,Pinto Beans - organic,,6 X 500G,13.74,,3.05,,,,O,,V,5017601022268,05017601022251,,
SUPPLEMENTS & REMEDIES,FLORADIX,MD016,Vitamin-B Complex,,250ML,9.69,1,15.35,,,G,,,V,4004148332401,4004148332401,,
BAKING SUNDRIES,GREEN & BLACKS,KB058,Dark Cooking Chocolate-Organic,No VAT on cooking chocolate,15 X 150G,46.64,,4.15,,F,,O,S,,5011835102390,05011835001594,N,
HONEY,BLACK BEE HONEY,HY054,British Autumn Honey,,6 X 227G,35.39,,8.50,,,G,,,,5060554160075,15060554160072,,
DRINKS (CHILLED),KARMA,CV085,Ginger Trilogy Kombucha,,6 X 1L,19.72,1,5.29,B,F,,O,,V,,03760192492362,,
SOFT DRINKS,CHARITEA,JU168,ChariTea Yerba Mate,,12 X 330ML,15.25,,1.55,,F,,O,S,V,42493389,426189964586,,
FRUIT - DRIED,CRAZY JACK,DR356,Organic Soft Prunes,ready to eat,12 X 200G,24.58,,2.75,,,,O,,V,5012246006475,25012246006479,,
FLOURS & BREAD MIXES,DOVES FARM,FG069,Fine Plain White Flour,,5 X 1KG,6.38,,1.69,,,,O,,V,5011766010016,05011766110259,N,
BAKING SUNDRIES,FERMIPAN,LJ061,Dried Yeast,,20 X 500G,115.72,,7.69,,,,,,V,5017837000122,5017837000115,,
COCOA,HAPPI,KB036,Oat Milk Hot Choc Xmas Spoons,christmas pudding flavour,12 X 80G,53.91,,5.99,,,G,,S,V,5060748324474,,,
PASTA,LA BIO IDEA,WT118,Orzo - Wholegrain,,6 X 400G,14.18,,3.15,,,,O,,V,8718976020121,8718976020138,,
DRINKS (CHILLED),MOJU,CV112,Hot Mango Immunity Shot,,12 X 60ML,18.68,,2.10,,,,,,V,96202296,15060490010608,,
OLIVES,OLIVES ET AL,KJ115,Very Deli Herb Pitted Olives,,6 X 270G,28.20,,6.25,,,,,,V,5055003701817,05055003725455,,
SUPPLEMENTS & REMEDIES,FLORADIX,MD033,Neuro Balance Formula,With Ashwagandha,250ML,9.63,1,15.29,,,G,,,V,4004148339745,,,
COCOA,GREEN & BLACKS,TE131,Hot Chocolate,,6 X 250G,33.37,,7.50,,F,G,O,,,7622202017346,7622202017322,,
HONEY,BLACK BEE HONEY,HY035,British Spring Honey,,6 X 227G,28.89,,6.95,,,G,,,,5060554160051,15060554160058,,
DRINKS (CHILLED),BIOTIFUL DAIRY,CV676,Vanilla Chai Kefir Drink,,6 X 500ML,13.02,,2.90,,,G,O,,,5060337223027,15060337223024,,
DAIRY CHEESE,LYE CROSS FARM,CV105,Red Leicester Cheese,,10 X 245G,32.36,,4.29,,,,O,,,5027632000555,05027632001712,,
FAR EASTERN FOOD,CLEARSPRING,JP053,Brown Rice Noodles - GF,,10 X 200G,29.93,,3.99,,,G,O,,V,5021554989431,05021554989448,,
FLOURS & BREAD MIXES,DOVES FARM,FG016,Rye Flour Wholegrain Organic,,5 X 1KG,6.43,,1.69,,,,O,,V,5011766010054,05011766110211,N,
SOFT DRINKS,FEVERTREE,JU387,Tonic Water,cluster pack,6 X 4X200ML,21.88,1,5.85,,,G,,S,V,5060108450010,05060108450034,,
COCOA,HARRY'S HOT CHOCOLATE,TE037,50% Dark Hot Chocolate,,6 X 300G,48.00,,12.50,,,,,,V,703818368446,703818368460,,
PASTA,LA BIO IDEA,WT116,Quinoa Rigatoni,,6 X 500G,13.64,,2.99,,,,O,,V,8015602000527,8718976020589,,
DRINKS (CHILLED),MOJU,CV468,Turmeric Vitality Dose Bottle,7 X Daily Shots,8 X 420ML,37.02,,6.15,,,,,,V,5060490010502,25060490010506,,
VEGAN & OAT MILK,OATLY,SY239,Oatly Barista Oat Drink,Foamable,10 X 500ML,10.88,,1.45,,,,,,V,7394376619427,27394376619421,,
SUPPLEMENTS & REMEDIES,FLORADIX,MD075,KIDS Iron & Vitamin Formula,For Children,250ML,9.17,1,14.55,,,,,,V,4004148346286,,,
CHOCOLATE,GREEN & BLACKS,KB116,70% Dark Chocolate,,15 X 90G,30.32,1,3.25,,F,,O,S,V,7622210578464,7622210589002,N,
HONEY,BLACK BEE HONEY,HY038,British Summer Honey,,6 X 227G,28.89,,6.95,,,G,,,,5060554160068,15060554160065,,
FAR EASTERN FOOD,BIONA,JP014,Wasabi Style Horseradish Paste,,8 X 50G,23.67,,3.95,,,,O,,V,5032722311206,05032722647503,,
DAIRY CHEESE,LYE CROSS FARM,CV451,Mild Cheddar Cheese,approx. 2.5Kg,PER KG,11.80,,,,,,O,,,05027632001002,,,
FAR EASTERN FOOD,CLEARSPRING,JP054,Brown Rice Wide Noodles - GF,,5 X 200G,14.96,,3.99,,,G,O,,V,5021554989455,05021554989462,,
FLOURS & BREAD MIXES,SUMA PREPACKS - ORGANIC,FG149,Brown Rice Flour - organic,,6 X 500G,12.11,,2.69,,,,O,,V,5017601023562,5017601023555,,
SWEET SNACKS,FREE FROM FELLOWS,ZX060,Gummy Bears,sugar; gelatine & gluten free,10 X 100G,13.07,1,2.09,,,G,,,V,5060308360140,05060308360171,,
CRISPS & SNACKS,AMAIZIN,ZX544,Bio Corn Chips Chilli,Minimum 4 Weeks Shelf Life,15 X 75G,17.81,,1.59,,,,O,S,V,8718976009577,8718976019460,N,
SOFT DRINKS,LA BREWERY,JU081,Sparkling Blush Kombucha,With strawberry;rhubarb; peach,12 X 250ML,25.71,1,3.45,,,G,,,V,5060534060319,15060534060316,,
DRINKS (CHILLED),MOJU,CV391,Turmeric Shot,,12 X 60ML,18.68,,2.10,,,,,,V,96147467,15060490010172,,
VEGAN & OAT MILK,OATLY,SY238,Oatly Chocolate Drink,,18 X 250ML,12.33,,0.95,,,,,S,V,7394376619465,27394376619469,,
SUPPLEMENTS & REMEDIES,FLORADIX,MD021,Iron & Vitamin Tablets,,1 X 84 TABS,8.64,1,13.75,,,,,,V,4004148350030,,,
CHOCOLATE,GREEN & BLACKS,ZX239,Milk Chocolate,,15 X 90G,30.32,1,3.25,,F,,O,S,,7622210580092,7622210589019,N,
FRUIT - DRIED,SUMA PREPACKS,DR120,Banana - Whole Chips,,6 X 125G,5.81,,1.29,,,,,S,V,5017601022503,05017601022497,,
PASTA,BIONA,WT334,Whole Spelt Spaghetti,,12 X 500G,26.38,,2.95,,,,O,,V,5032722306486,5032722656222,,
DAIRY CHEESE,LYE CROSS FARM,CV506,Mature Cheddar Cheese,,10 X 245G,34.01,,4.55,,,,O,,,5027632000524,05027632001736,,
TEAS,CLEARSPRING,TE237,Matcha Tea Ceremonial Tin,,4 X 30G,43.32,,14.44,,,,O,,V,5021554988496,05021554988502,,
FLOURS & BREAD MIXES,DOVES FARM,FG101,Seeded Bread Flour,,5 X 1KG,11.77,,3.15,,,,O,,V,5011766011037,05011766112147,N,
SWEET SNACKS,FREE FROM FELLOWS,ZX065,Cola Bottles,sugar; gelatine & gluten free,10 X 100G,13.07,1,2.09,,,G,,,V,5060308360157,05060308360188,,
CRISPS & SNACKS,AMAIZIN,ZX542,Bio Corn Chips Natural,Minimum 4 Weeks Shelf Life,15 X 75G,16.66,,1.49,,,,O,S,V,8718976009553,8718976019477,N,
SOFT DRINKS,LA BREWERY,JU080,Sparkling Ginger Kombucha,,12 X 250ML,25.71,1,3.45,,,G,,,V,5060534060333,,,
DRINKS (CHILLED),MOMO KOMBUCHA,CV022,Ginger & Lemon Kombucha,,12 X 330ML,27.42,1,3.65,,,,O,,V,0604565053725,0604565053732,,
VEGAN & OAT MILK,OATLY,SY056,Oatly Oat Drink - Whole,,6 X 1L,10.29,,2.29,,,,,,V,7394376620713,27394376620717,,
SUPPLEMENTS & REMEDIES,FLORADIX,MD032,Calcium Formula,Maintenance Of Bones & Teeth,250ML,3.52,1,11.19,,,G,,,V,4004148017704,4004148319952,,03 OCT 25
CHOCOLATE,GREEN & BLACKS,KB370,White Chocolate,,15 X 90G,30.32,1,3.25,,F,,O,S,,7622210584847,07622210589033,N,
FRUIT & VEGETABLE JUICES,THE BERRY COMPANY,JU056,Green Tea w/Lemon & Lime,,12 X 1LTR,22.86,1,3.05,,,G,,,V,5060148350417,5060148350414,,
TABLE SAUCES,BIONA,KJ463,Worcester Sauce,,6 X 140ML,19.59,,4.35,,,G,O,S,V,5032722305809,05032722642249,,
MEAT ALTERNATIVES (CHILLED),VBITES,CV643,Sage and Onion Slices,,6 X 100G,11.02,,2.45,,,,,,V,5021821144426,15021821144423,,
TEAS,CLEARSPRING,TE243,Matcha Tea Premium (Pouch),,10 X 40G,70.07,,9.34,,,,O,,V,5021554988519,05021554988526,,
FLOURS & BREAD MIXES,DOVES FARM,FG115,Self Raising Wholemeal Flour,Blue Bag Blue Logo,5 X 1KG,5.81,,1.49,,,,O,,V,5011766010047,05011766110280,N,
SWEET SNACKS,FREE FROM FELLOWS,ZX072,Midget Gems,sugar; gelatine & gluten free,10 X 100G,13.07,1,2.09,,,G,,,V,5060308360164,05060308360195,,
CRISPS & SNACKS,AMAIZIN,ZX406,Tomato Corn Rolls,,14 X 100G,20.27,,1.95,,,,O,S,V,8717496903716,8717496903730,N,
VEGAN CHEESE,LA FAUXMAGERIE,CV110,Brixton Blue Cheese,,5 X 100G,18.56,,4.95,,,,,,V,5060922350015,25060922350019,,
VEGAN & OAT MILK,OATLY,SY064,Oatly Oat Drink - Semi,,6 X 1L,10.29,,2.29,,,,,,V,7394376620720,27394376620724,,
SUPPLEMENTS & REMEDIES,FLORADIX,MD280,Saludynam Formula,,250ML,8.89,1,14.10,,,G,,,,4004148017766,4004148017766,,
NUT & SEED BUTTERS,WHOLE EARTH,GH153,Golden Roasted Drizzler,Peanut Butter,6 X 320G,18.25,,4.09,,,,,,V,5013665116257,5013665147008,,
FRUIT & VEGETABLE JUICES,THE BERRY COMPANY,JU045,Pure Orange Juice,,12 X 1LTR,28.57,1,3.79,,,G,,,V,5060148350479,15060148350483,,
GRAINS,BIONA,QS097,Wild Rice Mix,brown; red & wild rice,6 X 500G,20.04,,4.45,,,,O,,V,5032722318779,05032722656161,,
MEAT ALTERNATIVES (CHILLED),VBITES,CV911,Beef Style Roast Joint,,6 X 390G,27.01,,6.00,,,,,S,V,5021821000968,15021821000965,,
FAR EASTERN FOOD,CLEARSPRING,JP057,Miso Ramen Noodles/Miso Soup,,5 X 210G,20.21,,5.39,,,,O,,V,5021554001300,05021554001294,,
FLOURS & BREAD MIXES,DOVES FARM,FG008,Strong Wholemeal Bread Flour,Cream Bag Red Logo,5 X 1.5KG,8.07,,2.19,,,,O,,V,5011766000307,05011766110242,N,
SWEET SNACKS,FREE FROM FELLOWS,ZX373,Pear Drops,sugar free,10 X 70G,13.07,1,2.09,,,G,,S,V,5060308360270,05060308360287,,
COCOA,HARRY'S HOT CHOCOLATE,TE039,70% Dark Hot Chocolate,,6 X 300G,57.43,,14.50,,,,,,V,640522817757,640522817634,,
VEGAN CHEESE,LA FAUXMAGERIE,CV118,Camemvert Cheese,,8 X 160G,32.00,,5.35,,,,,,V,5060922350183,15060922350043,,
VEGAN & OAT MILK,OATLY,SY075,Oatly Oat Drink - No Sugars,,6 X 1L,10.29,,2.29,,,,,,V,7394376620867,27394376620861,,
SALT & SEASONINGS,SUMA,LJ030,Sea Salt - Coarse,Sicilian,10 KG,7.00,,,,,,,,V,5017601051138,,,
CHOCOLATE,SCHOOL YARD KITCHEN,KB089,Chilli & Pretzel Dark Choc Bar,,12 X 60G,35.16,1,4.49,,,,,,V,5060496872388,5060496872586,N,
SOUPS,SUMA ORGANIC,VF390,Organic Minestrone Soup,,12 X 400G,17.51,,1.95,,,,O,,V,5017601050551,05017601050544,,
FRUIT & VEGETABLE JUICES,THE BERRY COMPANY,JU066,Superberries Red,aronia; cranberry; pomegranate,12 X 1LTR,22.86,1,3.05,,,G,,S,V,5034525007164,05034525007171,,
PASTA,BIONA,WT021,Spelt Pasta Spaghetti White,,12 X 500G,30.95,,3.45,,,,O,,V,5032722309234,05032722656215,,
PAPER PRODUCTS & STATIONERY,THE CHEEKY PANDA,NF039,Toilet Tissue 9 Rolls,3 Ply; 190 Sheets; 100% FSC,5 X 9 ROLLS,21.79,1,6.99,,,,,,V,5060561631346,15060561631343,N,
FAR EASTERN FOOD,CLEARSPRING,JP059,Shoyu Ramen Noodles/Soy Soup,,5 X 210G,20.21,,5.39,,,,O,,V,5021554001287,05021554001263,,
FLOURS & BREAD MIXES,DOVES FARM,FG070,White Self Raising Flour,White Bag Blue Logo,5 X 1KG,6.47,,1.75,,,,O,,V,5011766010023,05011766110266,N,
SWEET SNACKS,FREE FROM FELLOWS,ZX324,Rhubarb and Custard,sugar free,10 X 70G,13.07,1,2.09,,,G,,,V,5060308360256,05060308360263,,
COCOA,HARRY'S HOT CHOCOLATE,TE027,50% Gingerbread Hot Chocolate,,6 X 300G,48.00,,12.50,,,,,,V,640522817115,703818368453,,
VEGAN CHEESE,LA FAUXMAGERIE,CV117,Shoreditch Smoked Cheese,,5 X 100G,15.42,,4.15,,,,,,V,5060922350008,25060922350002,,
DRINKS (CHILLED),OATLY,CV530,Chilled Oat Drink - Barista,foamable,6 X 1L,10.94,,2.45,,,,,,V,7394376620157,27394376620151,,
HERB & FRUIT TEA INFUSIONS,FLORADIX,TE432,Organic Dandelion Tea,,12 X 15 BAGS,23.66,,2.65,,,,O,,V,4004148013294,4004148320040,,
OILS & FATS,SCHOOL YARD KITCHEN,GT003,Ghanaian Chilli Oil,,6 X 180ML,29.28,,7.50,,,G,,,V,5060496872326,5060496872814,N,
NUT & SEED BUTTERS,WHOLE EARTH,GH152,Original Drizzler,Peanut Butter,6 X 320G,18.25,,4.09,,,,,,V,5013665116233,05013665146988,,
HOUSEHOLD CLEANING PRODUCTS,BIO D,HJ115,Washing Up Liquid Frag Free,Fragrance Free,20L,30.75,1,48.99,,,,,,V,5034938020002,,,
PAPER PRODUCTS & STATIONERY,THE CHEEKY PANDA,NF275,Toilet Tissue Quilted 9 Rolls,,5 X 9 ROLLS,24.29,1,7.79,,,,,,V,5060561631360,15060561631367,N,
BISCUITS CRACKERS & CRISPBREAD,CLEARSPRING,BT576,Rye Crispbread - Original,,10 X 200G,11.93,,1.59,,,,O,,V,5021554003052,05021554003045,,
FLOURS & BREAD MIXES,DOVES FARM,FG997,Speciality Pasta Flour,Green Bag Green Logo,5 X 1KG,7.71,,2.05,,,,O,,V,5011766010115,05011766110167,N,
SWEET SNACKS,FREE FROM FELLOWS,ZX173,Mini Pink and White Vanilla,,10 X 105G,13.92,1,2.25,,,,,S,V,5060308360966,05060308360997,,
CRISPS & SNACKS,AMAIZIN,ZX429,Natural Corn Chips Value Bag,,10 X 250G,21.37,,2.85,,,,O,,V,8717496904041,8717496904058,N,
HERBS & SPICES - BULK,LAHDE,HE036,Arrowroot Powder,,1 KG,6.36,,,,,,,,V,5017601045557,05017601045540,,
DESSERTS & PUDDINGS (CHILLED),OATLY,CV827,Creamy Oat,,10 X 250ML,9.04,,1.20,,,,,,V,7394376616587,27394376620038,,
SUPPLEMENTS & REMEDIES,FLORADIX,MD188,Epresat Multivitamin Formula,,250ML,8.89,1,14.10,,,,,,,4004148047268,4004148047268,,
CHOCOLATE,SCHOOL YARD KITCHEN,KB080,Lime&Chilli Dark Chocolate Bar,With Sea Salt,12 X 60G,35.16,1,4.49,,,G,,,V,5060496872371,5060496872579,N,
NUT & SEED BUTTERS,WHOLE EARTH,GH090,Peanut Butter -crunchy organic,,6 X 227G,15.63,,3.49,,,G,O,,V,5011835101225,05011835009804,,
HOUSEHOLD CLEANING PRODUCTS,BIO D,HJ157,Washing Up Liquid,Grapefruit,12 X 750ML,21.58,1,2.90,,,,,,V,5034938200091,5034938300067,,
BABY CARE,THE CHEEKY PANDA,NF580,Baby Wipes x 60,Biodegradable,12 X 60,22.45,1,2.99,,,,,,V,5060561630165,25060561630169,,
BISCUITS CRACKERS & CRISPBREAD,CLEARSPRING,BT577,Rye Crispbread - Sesame,,10 X 200G,14.18,,1.89,,,,O,,V,5021554003038,05021554003021,,
BAKING SUNDRIES,DOVES FARM,LJ233,Pancake Mix,,5 X 300G,9.95,,2.65,,,G,,,V,5011766010849,05011766111928,,
SWEET SNACKS,FREE FROM FELLOWS,ZX323,Strawberry Mallows,,10 X 105G,13.92,1,2.25,,,,,S,V,5060308360942,05060308360973,,
BAKING SUNDRIES,LAHDE,HE299,Bicarbonate of Soda,,1 KG,2.95,1,,,,,,,V,5017601045571,5017601045571,,
BODY CARE,OATSOAK,DY807,OatSoak - Bath Oats 100g,Dissolvable Oats for Bath 100g,1 X 100G,3.60,1,7.49,,,,,,V,5060837980345,,,
SUPPLEMENTS & REMEDIES,FLORADIX,MD171,Iron & Vitamin Formula,,250ML,8.49,1,13.49,,,,,,,4004148057076,,,
CHOCOLATE,SCHOOL YARD KITCHEN,KB082,White Chocolate Peppercorn Bar,Floral Pink Peppercorns,12 X 60G,35.16,1,4.49,,,G,,S,,5060496872395,5060496872593,N,
NUT & SEED BUTTERS,WHOLE EARTH,GH091,Peanut Butter - smooth organic,,6 X 227G,15.63,,3.49,,,G,O,,V,5011835101232,05011835009811,,
HOUSEHOLD CLEANING PRODUCTS,BIO D,HJ340,Washing Up Liquid Grapefruit,Grapefruit,20L,37.42,1,59.49,,,,,,V,,5034938020019,,
MEAT ALTERNATIVES (CHILLED),VBITES,CV232,Chicken Style Slices,,6 X 100G,11.02,,2.45,,,,,,V,5021821144471,15021821144478,,
BISCUITS CRACKERS & CRISPBREAD,CLEARSPRING,BT319,Oatcakes; Traditional; Organic,,15 X 200G,37.01,,3.79,,,,O,,V,5021554000549,05021554000556,,
CEREALS & MUESLIS,DOVES FARM,MX002,Porridge Oats,,4 X 430G,12.20,,4.09,,,G,O,,V,5011766778039,05011766578035,,
SWEET SNACKS,FREE FROM FELLOWS,ZX243,Vanilla Mallows,,10 X 105G,13.92,1,2.25,,,,,S,V,5060308360959,05060308360980,,
BAKING SUNDRIES,LAHDE,HE225,Baking Powder,Now in a sealable tub format,1 KG,7.05,,,,,,,,V,5017601045595,05017601045588,,
BODY CARE,OATSOAK,DY808,OatSoak - Bath Oats 500g,Dissolvable Oats for Bath 500g,1 X 500G,10.70,1,19.99,,,,,,V,5060837981205,,,
FLOURS & BREAD MIXES,SUMA BAGGED DOWN,FG093,Polenta,,5 KG,9.25,,,,,,,,V,5017601008408,,,
SUPPLEMENTS & REMEDIES,FLORADIX,MD170,Iron & Vitamin Formula,,500ML,13.97,1,22.15,,,,,,,4004148047503,,,
CHOCOLATE,SCHOOL YARD KITCHEN,KB084,White Chocolate Raspberry Bar,With Spirulina,12 X 60G,35.16,1,4.49,,,G,,S,,5060496872401,5060496872609,N,
SOFT DRINKS,WHOLE EARTH,JU310,Orange & Lemonade,organic,24 X 330ML,21.24,1,1.39,,,,O,S,V,5013665116493,5013665147305,,
HOUSEHOLD CLEANING PRODUCTS,BIO D,HJ315,Washing Up Liquid,Mandarin,12 X 750ML,21.58,1,2.90,,,,,,V,5034938020132,5034938300289,,
MEAT ALTERNATIVES (CHILLED),VBITES,CV234,Ham Style Slices,,6 X 100G,11.02,,2.45,,,,,,V,5021821144402,15021821144409,,
BISCUITS CRACKERS & CRISPBREAD,CLEARSPRING,BT290,Oatcakes - Sun Dried Tom /Herb,,15 X 200G,42.64,,3.79,,,,O,,V,5021554000563,05021554000594,,
FLOURS & BREAD MIXES,DOVES FARM,FG010,Fine Plain Wholemeal Flour,Pink Bag Plum Logo,5 X 1KG,5.76,,1.49,,,,O,,V,5011766010030,05011766110273,N,
SWEET SNACKS,FREE FROM FELLOWS,ZX744,Wine Gums,sugar; gelatine & gluten free,10 X 100G,13.07,1,2.09,,,,,,V,5060308360508,05060308360515,,
HERBS & SPICES - BULK,LAHDE,HE003,Caraway Seeds,,750G,6.48,,,,,,,,V,5017601045618,05017601045601,,
VEGAN & OAT MILK,OATLY,SY158,Barista Oat Drink,Foamable,6 X 1L,10.74,,2.39,,,,,,V,7394376616228,27394376616222,,
CONVENIENCE FOODS,SUNITA,FG601,Polenta - organic,Ready to Eat,6 X 500G,9.62,,2.15,,,,O,,V,5018076100673,08003086000553,,
SUPPLEMENTS & REMEDIES,FLORADIX,MD173,Floravital Yeastfree Formula,,250ML,8.49,1,13.49,,,,,,V,4004148017179,4004148017179,,
HOUSEHOLD PRODUCTS,D2W,NF074,Freezer Bags Medium 5L,100% Degradable; 177x225mm,50 X 200 BAG,57.90,1,1.85,,,,,,V,5020072108539,05020072085311,,
CHOCOLATE,GREEN & BLACKS,KB498,Dark Chocolate,,15 X 90G,30.32,1,3.25,,,,O,S,V,7622201811150,07622201811136,N,
HOUSEHOLD CLEANING PRODUCTS,BIO D,HJ314,Washing Up Liquid,Mandarin,5L,9.66,1,15.39,,,,,,V,5034938500153,,,
MEAT ALTERNATIVES (CHILLED),VBITES,CV260,Chorizo Style Chunks,,6 X 150G,17.95,,3.99,,,,,,V,5021821000227,15021821000224,,
BISCUITS CRACKERS & CRISPBREAD,CLEARSPRING,BT318,Oatcakes - Sea Vegetable,,15 X 200G,42.64,,3.79,,,,O,,V,5021554000600,05021554000617,,
FLOURS & BREAD MIXES,DOVES FARM,FG498,White flour - strong organic,,16 KG,20.52,,,,,,O,,V,05011766110679,,,
VEGAN & OAT MILK,FOOD HEAVEN,SY168,Heavenly Whipped Spray Cream,,12 X 200ML,22.30,,2.49,,,G,,S,V,5021254908343,15021254908340,,
HERBS & SPICES - BULK,LAHDE,HE039,Cayenne Pepper,,700G,7.60,,,,,,,,V,5017601045632,05017601045625,,
DESSERTS & PUDDINGS (CHILLED),OATLY,CV828,Oat Fraiche,,6 X 200ML,9.20,,2.05,,,,,,V,7394376616600,27394376616604,,
CRISPS & SNACKS,PROPERCORN,ZX862,Popcorn - Salted Caramel,,8 X 90G,7.13,1,1.46,,,G,,S,V,5060283762526,15060283762523,N,
SUPPLEMENTS & REMEDIES,FLORADIX,MD172,Floravital Yeastfree Formula,,500ML,13.97,1,22.15,,,,,,V,4004148017186,,,
HOUSEHOLD PRODUCTS,D2W,NF076,Freezer Bags Large 10L,100% Degradable; 225x355mm,50 X 100 BAG,57.90,1,1.85,,,,,,V,5020072108522,05020072085212,,
SOFT DRINKS,WHOLE EARTH,JU189,Sparkling Elderflower,organic,24 X 330ML,21.24,1,1.39,,,,O,,V,5013665116516,5013665147329,,
CRISPS & SNACKS,BIONA,ZX424,Potato Chips - Lightly Salted,With Pink Himalayan Salt,12 X 100G,22.75,1,3.05,,,,O,,V,5032722311428,05032722647725,N,
PAPER PRODUCTS & STATIONERY,THE CHEEKY PANDA,NF521,Facial Tissues - Flat Box,80 Sheets,12 X 1 BOX,16.60,1,2.29,,,,,,V,0841161106299,00700461678632,N,
CRISPS & SNACKS,CLEARSPRING,BT129,Brown Rice Crackers-Blk Sesame,,12 X 40G,20.61,,2.29,,,G,O,,V,5021554988779,05021554988786,N,
FRUIT - DRIED,BULK COMMODITIES,DR021,Figs,,10 KG,95.56,,,,,,,,V,,,,
HERBS & SPICES - BULK,LAHDE,HE401,Pepper - Black Pepper Cracked,,1 KG,17.74,,,,,,,,V,5017601046172,,,
FLAKES; BRANS & WHEATGERM,BULK COMMODITIES - ORGANIC,FX057,Oats-Organic Jumbo Gluten Free,,20 KG,46.96,,,,,,O,,V,,,,
CRISPS & SNACKS,PROPERCORN,ZX861,Popcorn - Lightly Sea Salted,,8 X 70G,7.34,1,1.49,,,G,,,V,5060283760041,15060283760369,N,
SUPPLEMENTS & REMEDIES,FLORADIX,MD079,Immune Support Formula,,250ML,8.84,1,14.00,,,,,,V,4004148348693,,,
NUT & SEED BUTTERS,SUMA ORGANIC,GH950,Tahini - dark; organic,,6 X 280G,19.50,,4.35,,,,O,,V,5017601027614,05017601027607,,
SOFT DRINKS,WHOLE EARTH,JU186,Sparkling Ginger,organic,24 X 330ML,21.24,1,1.39,,,,O,,V,5013665116530,5013665147343,,
HOUSEHOLD CLEANING PRODUCTS,BIO D,HJ392,All Purpose Sanitiser Rhubarb,Yorkshire Rhubarb,5L,7.77,1,14.27,,,,,,V,5034938500313,5034938450182,,
PAPER PRODUCTS & STATIONERY,THE CHEEKY PANDA,NF068,Facial Tissues - Flat; Balsam,64 Sheets,12 X 1 BOX,18.49,1,2.45,,,,,,V,5060561631100,15060561631107,N,
FAR EASTERN FOOD,CLEARSPRING,JP037,Brown Rice Udon Noodles,,12 X 200G,26.70,,2.97,,,,O,,V,5021554004899,05021554004905,,
FRUIT - DRIED,SUMA PREPACKS,DR101,Figs,,6 X 250G,17.78,,3.95,,,,,,V,5017601020189,05017601020172,,
HERBS & SPICES - BULK,LAHDE,HE056,Cinnamon Ground - Cassia,,700G,6.76,,,,,,,,V,5017601047995,05017601047988,,
DRINKS (CHILLED),MOMO KOMBUCHA,CV037,Turmeric Kombucha,,12 X 330ML,27.42,1,3.65,,,,O,,V,0604565053763,0604565407665,,
BODY CARE,OATSOAK,DY219,OatSoak - Skin Care Collection,OatSoak; Balm; Oil & Lip Balm,ITEM,14.60,1,24.99,,,,,,,5060837982042,,,
NUTS & SEEDS,BULK COMMODITIES,NU137,Poppy Seeds,,25 KG,99.20,,,,,,,,V,,,,
SUPPLEMENTS & REMEDIES,FLORADIX,MD281,Kindervital Formula,For Children,250ML,7.61,1,12.05,,,,,,,4004148057069,4004148057069,,
NUT & SEED BUTTERS,SUNITA,GH077,Tahini - Whole,,12 X 280G,29.61,,3.29,,,,,,V,5018076200366,05018076201479,,
CHOCOLATE,GREEN & BLACKS,KB503,Mint Chocolate,,15 X 90G,30.32,1,3.25,,,,O,S,V,7622201786373,7622201786359,N,
HOUSEHOLD CLEANING PRODUCTS,BIO D,HJ394,All Purpose Sanitiser Rhubarb,Yorkshire Rhubarb,12 X 500ML,26.11,1,3.56,,,,,,V,5034938100582,5034938120023,,
PAPER PRODUCTS & STATIONERY,THE CHEEKY PANDA,NF522,Facial Tissues - Cube Box,56 Sheets,12 X 1 BOX,14.75,1,1.99,,,,,,V,0841161106305,0700461678625,N,
CRISPS & SNACKS,CLEARSPRING,BT033,Brown Rice Crackers,Black Pepper & Tamari,12 X 40G,20.61,,2.29,,,G,O,,V,5021554004813,05021554004820,,
FRUIT - DRIED,SUMA PREPACKS,DR102,Figs,,6 X 500G,32.63,,7.25,,,,,,V,5017601019664,05017601019657,,
HERBS & SPICES - BULK,LAHDE,HE042,Chilli Powder,,700G,7.47,,,,,,,,V,5017601045670,05017601045663,,
DRINKS (CHILLED),MOMO KOMBUCHA,CV038,Elderflower Kombucha,,12 X 330ML,27.42,1,3.65,,,,O,,V,0604565053749,0604565053756,,
VEGAN YOGHURT,OATLY,CV654,Oatgurt Greek,,6 X 400G,14.22,,3.20,,,,,,V,7394376617164,27394376617168,,
FLOURS & BREAD MIXES,SUMA BAGGED DOWN,FG033,Potato Starch,,2 KG,5.85,,,,,,,,V,05017601041542,,,
SUPPLEMENTS & REMEDIES,FLORADIX,MD282,Kindervital Formula,For Children,500ML,12.36,1,19.69,,,,,,,4004148047527,4004148047527,,
NUT & SEED BUTTERS,SUNITA,GH079,Tahini - Whole,,3 KG,24.19,,32.25,,,,,,V,5018076100918,,,
NUT & SEED BUTTERS,WHOLE EARTH,GH082,Peanut Butter-crunchy original,,6 X 340G,16.91,,3.75,,,G,,,V,5011835101065,05011835009712,,
HOUSEHOLD CLEANING PRODUCTS,BIO D,HJ229,All Purpose Sanitiser Spray,,12 X 500ML,24.87,1,3.32,,,,,,V,5034938200015,05034938212018,,
PAPER PRODUCTS & STATIONERY,THE CHEEKY PANDA,NF523,Facial Tissue - Pocket,10 Tissues,12 X 8 PACKS,14.95,1,1.99,,,,,,V,5060561630035,05060561630097,N,
CONVENIENCE FOODS,CLEARSPRING,VF253,Coconut Milk,,6 X 400ML,11.21,,2.49,,,,O,,V,5021554989660,05021554989677,,
FRUIT - DRIED,SUMA BAGGED DOWN,DR208,Figs,,1 KG,12.45,,,,,,,,V,5017601342083,,,
HERBS & SPICES - BULK,LAHDE,HE008,Cinnamon Quills,,350G,12.86,,,,,,,,V,5017601045694,05017601045687,,
DRINKS (CHILLED),MOMO KOMBUCHA,CV039,Raspberry & Hibiscus Kombucha,,12 X 330ML,27.42,1,3.65,,,,O,,V,0604565407672,0604565407689,,
BODY CARE,OATSOAK,DY809,OatSoak - Intensive Balm,Oat oil & colloidal oatmeal,1 X 60ML,4.30,1,7.99,,,,,,,5060837981267,,,
FLOURS & BREAD MIXES,SUMA PREPACKS,FG041,Potato Starch,Farina,6 X 500G,11.21,,2.49,,,,,,V,5017601037613,05017601037606,,
HERB & FRUIT TEA INFUSIONS,FLORADIX,TE429,Organic Lemon Balm Tea,,12 X 15 BAGS,23.66,,2.65,,,,O,,V,4004148013119,4004148320088,,
NUT & SEED BUTTERS,SUNITA,GH080,Tahini - light,,3 KG,26.57,,35.39,,,,,,V,5018076100901,,,
NUT & SEED BUTTERS,WHOLE EARTH,GH115,Peanut Butter-crunchy original,,2 X 1KG,11.93,,7.95,,,G,,,V,5013665113133,05013665113409,,
COFFEE SUBSTITUTES,BARLEYCUP,TE698,Instant Cereal Drink Organic,,6 X 100G,21.50,,4.75,,,,O,,V,5901154045181,05901154045198,,
HOUSEHOLD CLEANING PRODUCTS,BIO D,HJ230,Bathroom Cleaner Spray,,12 X 500ML,25.56,1,3.39,,,,,,V,5034938200022,05034938212025,,
PASTA,CLEARSPRING,WT150,Red Lentil & Brown Rice Pasta,Fusilli,8 X 250G,22.74,,3.79,,,G,O,,V,5021554003595,05021554003588,,
FRUIT - DRIED,SUMA BAGGED DOWN - ORGANIC,DR048,Figs - organic,,1 KG,14.25,,,,,,O,,V,5017601031390,,,
HERBS & SPICES - BULK,LAHDE,HE010,Coriander Seeds,,350G,2.69,,,,,,,,V,5017601045717,05017601045700,,
CHOCOLATE,MONTY BOJANGLES,ZX392,Cosmic Blink Cat Tin,Cookie Moon Truffles,6 X 135G,48.77,1,12.99,,,,,S,,5060980960768,05060980960775,,
BODY CARE,OATSOAK,DY818,Lip Balm with Honey & Oat Oil,with Gwenyn Gruffydd Honey,1 X 10ML,2.30,1,3.99,,,,,,,5060837982035,,,
CRISPS & SNACKS,PURELY PLANTAIN,ZX244,Plantain Chip - Lemon Sea Salt,,10 X 75G,14.29,,1.99,,,G,,,V,5060537380070,15060537380077,N,
SALT & SEASONINGS,MALDON,LJ888,Sea Salt - Flaky Crystals,,12 X 250 G,36.01,,3.99,,,,,,V,5011428100048,05011428200021,,
NUT & SEED BUTTERS,SUMA ORGANIC,GH675,Tahini - light; organic,,6 X 280G,19.50,,4.35,,,,O,,V,5017601027638,05017601027621,,
NUT & SEED BUTTERS,WHOLE EARTH,GH084,Peanut Butter -smooth original,,6 X 340G,16.91,,3.75,,,G,,,V,5011835101058,05011835009705,,
COFFEE SUBSTITUTES,BARLEYCUP,TE366,Instant Cereal Drink Granules,,6 X 200G,36.15,,7.99,,,,,,V,5901154045167,05901154045174,,
HOUSEHOLD CLEANING PRODUCTS,BIO D,HJ233,Floor Cleaner 5L - Concentrate,For use on hard floors,5L,12.51,1,19.99,,,,,,V,5034938500306,5034938450175,,
FAR EASTERN FOOD,CLEARSPRING,JP152,Black Rice Noodles,gluten free,10 X 200G,29.93,,3.99,,,G,O,,V,5021554005452,05021554005469,,
FRUIT - DRIED,SUMA BAGGED DOWN - ORGANIC,DR105,Figs - organic,,2.5 KG,33.45,,,,,,O,,V,5017601341055,,,
BEANS & PULSES - DRIED,BULK COMMODITIES - ORGANIC,PU052,Haricot Beans - organic,,25 KG,77.46,,,,,,O,,V,,,,
HERBS & SPICES - BULK,LAHDE,HE004,Cardamom Pods Green,,500G,43.55,,,,,,,,V,5017601045731,05017601045724,,
CHOCOLATE,MONTY BOJANGLES,ZX010,Winter Nights - Choccy Scoffy,,6 X 130G,30.00,1,7.99,,,,,S,,5060980961277,05060980961284,N,
VEGAN & OAT MILK,OATLY,SY155,Barista Oat Drink - Large,Foamable; better value size,6 X 1.5L,14.40,,3.19,,,,,,V,7394376621932,27394376621943,,
CRISPS & SNACKS,PURELY PLANTAIN,ZX959,Plantain Chips - Sea Salt,,10 X 75G,14.29,,1.99,,,G,,,V,5060537380001,25060537380005,N,
SUPPLEMENTS & REMEDIES,FLORADIX,MD187,Magnesium Formula,,250ML,7.07,1,11.20,,,G,,,,4004148017711,4004148017711,,
NUT & SEED BUTTERS,SUNITA,GH149,Tahini - light; organic,,3 KG,29.71,,39.62,,,,O,,V,5018076101168,,,
NUT & SEED BUTTERS,WHOLE EARTH,GH113,Peanut Butter -smooth original,,2 X 1KG,11.93,,7.95,,,G,,,V,5013665113157,05013665113423,,
COFFEE SUBSTITUTES,BARLEYCUP,TE240,Instant Cereal Drink Powder,,6 X 200G,31.79,,7.05,,,,,,V,5901154045143,05901154045150,,
HOUSEHOLD CLEANING PRODUCTS,BIO D,HJ178,Handwash - Geranium,Sanitising,5L,13.96,1,22.49,,,,,,V,5034938100391,,,
FAR EASTERN FOOD,CLEARSPRING,JP151,Brown Rice Vermicelli Noodles,gluten free,8 X 180G,23.94,,3.99,,,G,O,,V,5021554005438,05021554005445,,
CONVENIENCE FOODS,FIID,KJ407,Chip Shop Curry,,8 X 275G,22.56,,3.79,,,G,,,V,5391530980487,05391530980494,,
BEANS & PULSES - DRIED,SUMA BAGGED DOWN - ORGANIC,PU191,Haricot Beans - organic,,3 KG,12.29,,,,,,O,,V,5017601009719,,,
HERBS & SPICES - BULK,LAHDE,HE045,Cumin,,600G,7.68,,,,,,,,V,5017601045755,,,
CHOCOLATE,MONTY BOJANGLES,ZX011,Winter Nights - Party Truffles,,6 X 130G,30.00,1,7.99,,,,,S,,5060980961291,05060980961307,N,
DRINKS (CHILLED),OATLY,CV091,Matcha Drink,,6 X 1L,15.00,,3.35,,,,,,V,739376623523,27394376623527,,
CRISPS & SNACKS,PURELY PLANTAIN,ZX961,Plantain Chips - Nice & Spicy,,10 X 75G,14.29,,1.99,,,G,,,V,5060537380018,25060537380012,N,
SALT & SEASONINGS,MALDON,LJ018,Sea Salt - Flaky Crystals,Tub,1.4 KG,16.17,,21.67,,,,,,V,5011428000379,,,
NUT & SEED BUTTERS,SUNITA,GH996,Tahini; Whole; Organic,,3 KG,29.71,,39.62,,,,O,,V,5018076100925,,,
SOUPS,SUMA ORGANIC,VF365,Organic Spicy Lentil Soup,Organic,12 X 400G,16.45,,1.83,,,,O,,V,5017601041955,05017601041948,,
COFFEE SUBSTITUTES,BARLEYCUP,TE480,Chicory Cup Organic,,6 X 100G,22.06,,4.95,,,G,O,,V,5901154044979,05901154044993,,
HOUSEHOLD CLEANING PRODUCTS,BIO D,HJ390,Handwash Rhubarb,Yorkshire Rhubarb,5L,13.91,1,23.99,,,,,,V,5034938500320,5034938450199,,
CRISPS & SNACKS,CLEARSPRING,BT026,Brown Rice Crackers,Green Nori & Tamari,12 X 40G,20.61,,2.29,,,G,O,,V,5021554004837,05021554004844,,
CONVENIENCE FOODS,FIID,KJ403,Chickpea Tagine,,8 X 275G,22.56,,3.79,,,,,,V,5391530980463,05391530980470,,
BEANS & PULSES - DRIED,SUMA PREPACKS - ORGANIC,PU145,Haricot Beans - organic,,6 X 500G,13.46,,2.99,,,,O,,V,5017601023807,05017601023791,,
HERBS & SPICES - BULK,LAHDE,HE011,Cumin Seeds,,750G,8.80,,,,,,,,V,5017601045779,05017601045762,,
CHOCOLATE,MONTY BOJANGLES,ZX211,Fire Dancer Truffle Cat Tin,,6 X 135G,48.77,1,12.99,,,,,S,,5060413269505,05060413269512,,
VEGAN & OAT MILK,OATLY,SY048,Barista Oat Drink Organic,Foamable,6 X 1L,9.12,,2.05,,,,O,,V,7394376621673,27394376621677,,
CRISPS & SNACKS,PURELY PLANTAIN,ZX330,Sweet Treat,,10 X 75G,14.29,,1.99,,,G,,,V,5060537380063,15060537380060,N,
HERB & FRUIT TEA INFUSIONS,FLORADIX,TE437,Organic Nettle Tea,,12 X 15 BAGS,23.66,,2.65,,,,O,,V,4004148341892,04004148341908,,
TOFU & TEMPEH (CHILLED),TAIFUN,CV151,Tofu Fillets with Garden Peas,,8 X 160G,26.07,,4.35,,,,O,,V,401235914409,04012359144430,,
VEGAN YOGHURT,SOJADE,CV483,Natural Yoghurt,Contains Bifidus Culture,6 X 400G,6.28,,1.40,,,G,O,,V,3273227081023,13273227081020,,
VEGAN & OAT MILK,BLUE DIAMOND,SY066,Almond Breeze - Unsweetened,,8 X 1L,14.70,,2.45,,,G,,,V,0041570080146,10041570108311,,
HOUSEHOLD CLEANING PRODUCTS,BIO D,HJ395,Hand Wash Rhubarb,Yorkshire Rhubarb,6 X 500ML,17.19,1,4.88,,,,,,V,5034938100599,5034938600013,,
FAR EASTERN FOOD,CLEARSPRING,JP047,Hot & Spicy Miso Soup Paste,With Sea Vegetables,8 X 4 X 15G,19.74,,3.29,,,G,O,,V,5021554001195,05021554001188,,
CONVENIENCE FOODS,FIID,KJ406,Lentil & Sweet Potato Curry,,8 X 275G,22.56,,3.79,,,,,,V,5391530980258,05391530980272,,
COCOA,HARRY'S HOT CHOCOLATE,TE026,44% Orangey Hot Chocolate,,6 X 300G,48.00,,12.50,,,,,,V,640522817733,640522817672,,
HERBS & SPICES - BULK,LAHDE,HE044,Coriander,,650G,3.05,,,,,,,,V,5017601045793,05017601045786,,
CHOCOLATE,MONTEZUMA'S,KB946,Great White Chocolate,Creamy White Chocolate,12 X 90G,23.90,1,3.20,,,,O,S,,5060719920469,5060719920476,N,
FLAKES; BRANS & WHEATGERM,BULK COMMODITIES - ORGANIC,FX058,Oats - Porridge - G/Free - Org,,20 KG,46.96,,,,,G,O,,V,,,,
CRISPS & SNACKS,PURELY PLANTAIN,ZX960,Plantain Chips - Wild Garlic,,10 X 75G,14.29,,1.99,,,G,,,V,5060537380025,25060537380029,N,
SUPPLEMENTS & REMEDIES,FLORADIX,MD006,Kindervital Formula - Fruity,For Children,250ML,7.61,1,12.05,,,G,,,V,4004148333767,,,
TOFU & TEMPEH (CHILLED),TAIFUN,CV413,Tofu Pizza Fillets,,8 X 160G,26.07,,4.35,,,,O,,V,4012359144201,04012359144232,,
VEGAN YOGHURT,SOJADE,CV485,Apricot Yoghurt,Contains Bifidus Culture,6 X 400G,9.55,,2.15,,,G,O,S,V,3273227082044,13273227082041,,
CEREALS & MUESLIS,BEAR,MX202,Alphabites Cereal - Cocoa,,4 X 350G,6.69,,2.25,,,,,,V,5060139434362,5060139434379,,
HOUSEHOLD CLEANING PRODUCTS,BIO D,HJ226,Glass and Mirror Spray,,12 X 500ML,25.93,1,3.48,,,,,,V,5034938100261,5034938300258,,
BISCUITS CRACKERS & CRISPBREAD,CLEARSPRING,BT226,Oat Biscuits - Date,,12 X 40G,11.40,,1.27,,,,O,S,V,5021554005674,05021554005704,,
FLOURS & BREAD MIXES,DOVES FARM,FG071,Spelt Flour White Organic,,5 X 1KG,11.70,,3.15,,,,O,,V,5011766010184,05011766110334,N,
CONVENIENCE FOODS,FIID,KJ405,Chana Masala,,8 X 275G,22.56,,3.79,,,,,,V,5391530980524,05391530980531,,
BEANS & PULSES - DRIED,BULK COMMODITIES,PU028,Haricot Beans - pea,,25 KG,48.93,,,,,,,,V,,,,
HERBS & SPICES - BULK,LAHDE,HE049,Ginger Ground,,1 KG,13.66,,,,,,,,V,5017601045816,,,
CHOCOLATE,MONTEZUMA'S,KB750,Lordy Lord Dark Chocolate,With Cocoa Nibs,12 X 90G,23.90,1,3.20,,,,,S,V,5060719920261,5060719920278,N,
BODY CARE,OATSOAK,DY817,OatSoak - Scalp Oil,Oat Oil for itchy skin & scalp,1 X 50ML,4.60,1,9.99,,,,,,,5060837981762,,,
COFFEE SUBSTITUTES,THE CHICORY CO,TE157,Chicory & Barley Drink,W/roasted cereal extracts &fig,6 X 100G,24.00,,5.35,,,,O,,V,5060221550246,15060221550243,,
HERB & FRUIT TEA INFUSIONS,FLORADIX,TE126,Organic Hawthorn Tea,,12 X 15 BAGS,23.66,,2.65,,,,O,,V,4004148013195,04004148320064,,
TOFU & TEMPEH (CHILLED),TAIFUN,CV007,Almond/Sesame Tofu Slice,Smoked & Marinated,8 X 200G,29.11,,4.89,,,,O,,V,4012359113108,04012359113139,,
VEGAN YOGHURT,SOJADE,CV266,Sojade Natural Yoghurt,Contains Bifidus Culture,6 X 250G,4.15,,0.95,,,G,O,,V,3273227381024,13273227381021,,
SWEET SNACKS,BEAR,ZX336,Blackcurrant and Beetroot,,4 X 5 X 18G,7.73,,2.55,,,G,,,V,5060139435222,15060139435229,,
HOUSEHOLD CLEANING PRODUCTS,BIO D,HJ228,Multi Surface Cleaner,Concentrated; Non Scratch,12 X 750ML,24.77,1,3.29,,,,,,V,5034938100223,5034938300210,,
BISCUITS CRACKERS & CRISPBREAD,CLEARSPRING,BT231,Oat Biscuits - Matcha,,12 X 40G,11.40,,1.27,,,,O,S,V,5021554005681,05021554005711,,
FLOURS & BREAD MIXES,DOVES FARM,FG067,Spelt Flour - organic,Wholemeal,25 KG,53.80,,,,,,O,,V,05011766110754,,,
CONVENIENCE FOODS,FIID,KJ402,Smoky Black Bean Chilli,,8 X 275G,22.56,,3.79,,,G,,,V,5391530980227,05391530980234,,
WATERS,HARROGATE SPRING WATER,WA223,Spring Water - Still,,12 X 750 ML,12.47,1,1.69,,,,,,V,5060042350063,05060042351114,,
HERBS & SPICES - BULK,LAHDE,HE052,Nutmeg Powder,,500 G,10.28,,,,,,,,V,5017601046196,,,
CHOCOLATE,MONTEZUMA'S,KB751,Minted Milk Chocolate,With Crunchy Peppermint,12 X 90G,23.90,1,3.20,,,,,S,,5060719920384,5060719920391,N,
DRINKS (CHILLED),OATLY,CV489,Fresh Oat Drink - Semi,,6 X 1L,10.72,,2.40,,,,,,V,7394376665028,27394376665022,,
COFFEE SUBSTITUTES,THE CHICORY CO,TE589,Chicory Drink - Organic,,6 X 100G,26.84,,5.95,,,G,O,,V,5013387432017,15060221550106,,
HERB & FRUIT TEA INFUSIONS,FLORADIX,TE457,Organic Sage Tea,,12 X 15 BAGS,23.66,,2.65,,,,O,,V,4004148013171,4004148320132,,
TOFU & TEMPEH (CHILLED),TAIFUN,CV718,Mango Curry Tofu,,6 X 200G,22.32,,4.95,,,,O,,V,4012359114501,04012359114525,,
TOOTH CARE,WELEDA,DY146,Toothpaste - Calendula,peppermint free,6 X 75ML,22.40,1,5.95,,,,,,V,4001638098014,,,
SWEET SNACKS,BEAR,ZX333,Strawberry and Butternut,,4 X 5 X 18G,7.73,,2.55,,,G,,,V,5060139435215,15060139435212,,
BODY CARE,ALTER/NATIVE BY SUMA,DY484,5l pump - 30ml dispenser,Suitable for Ecoleaf & Bio D,EACH,3.35,1,5.39,,,,,,V,,,,
BISCUITS CRACKERS & CRISPBREAD,CLEARSPRING,BT236,Oat Biscuits - Miso Maple,,12 X 40G,11.40,,1.27,,,,O,S,V,5021554005698,05021554005728,,
FLOURS & BREAD MIXES,DOVES FARM,FG102,Spelt Flour Whole Meal Organic,,5 X 1KG,10.00,,2.69,,,,O,,V,5011766010078,05011766110228,N,
CONVENIENCE FOODS,FIID,KJ404,Sundried Tomato & Lentil Ragu,,8 X 275G,22.56,,3.79,,,,,,V,5391530980241,05391530980265,,
WATERS,HARROGATE SPRING WATER,WA009,Spring Water - Still,,24 X 330ML,13.31,1,0.89,,,,,,V,5060042350018,05060042351015,,
HERBS & SPICES - BULK,LAHDE,HE090,Lavender - Scented Herbs,Bulk Scented Herbs,200G,6.19,,,,,,,,V,5017601046417,,,
CHOCOLATE,MONTEZUMA'S,KB944,Peanut Butter Truffle Bites,Dark Chocolate,8 X 120G,24.23,1,4.99,,,,,S,V,5060719920872,5060719920865,N,
FLAKES; BRANS & WHEATGERM,BULK COMMODITIES,FX064,Oats - Jumbo; Gluten Free,,20 KG,34.78,,,,,G,,,V,,,,
COFFEE SUBSTITUTES,THE CHICORY CO,TE470,Chicory Drink - Instant,,6 X 100G,19.97,,4.45,,,,,,V,5060221550130,15060221550137,,
SALT & SEASONINGS,SUMA,LJ031,Sea Salt - fine,Sicilian,10 KG,6.50,,,,,,,,V,5017601041238,,,
TOFU & TEMPEH (CHILLED),TAIFUN,CV704,Olive Tofu,,6 X 200G,22.32,,4.95,,,,O,,V,4012359114402,04012359114426,,
TOOTH CARE,WELEDA,DY147,Toothpaste - Ratanhia,naturally strengthens gums,6 X 75ML,22.25,1,5.95,,,,,,V,4001638098083,,,
SWEET SNACKS,BEAR,ZX020,Yoyos - Blackcurrant Multipack,,6 X 5 X 20G,11.18,,2.49,,,G,,,V,5060139431484,05060139431491,,
HOUSEHOLD CLEANING PRODUCTS,BIO D,HJ085,Dishwasher Rinse Aid,Suitable for all dishwashers,12 X 750ML,28.49,1,3.79,,,,,,V,5034938100285,5034938212070,,
BURGERS SAUSAGES & TVP MIXES,CLEARSPRING,SY074,Organic Soya Chunks,,12 X 200G,31.41,,3.49,,,G,O,,V,5021554005513,05021554005520,,
FLOURS & BREAD MIXES,DOVES FARM,FG701,White Self Raising Flour GF,White Bag Blue Logo,5 X 1KG,11.73,,3.15,,,G,,,V,5011766010207,05011766110358,N,
CRISPS & SNACKS,MR FILBERTS,BT021,Mediterranean Herb Mix Nut Tin,With Basil; Oregano & Sea Salt,6 X 140G,34.66,1,9.95,,,G,,S,V,5060145053991,15060145053998,,
WATERS,HARROGATE SPRING WATER,WA222,Spring Water - Sparkling,,12 X 750 ML,13.37,1,1.79,,,,,,V,5060042350070,05060042351121,,
HERBS & SPICES - BULK,LAHDE,HE057,Curry Powder - Hot Madras,,700G,6.47,,,,,,,,V,5017601045830,05017601045823,,
CHOCOLATE,MONTEZUMA'S,KB032,Space Hopper Orange Milk Choc,,12 X 90,23.90,1,3.20,,,,,S,,5060719926775,5060719926782,N,
FLAKES; BRANS & WHEATGERM,BULK COMMODITIES,FX061,Oats - Porridge; Gluten Free,,20 KG,34.78,,,,,G,,,V,,,,
SUPERFOODS & SPORTS NUTRITION,PREWETT'S,VM020,Organic Ground Flaxseed,natural source of Omega 3,6 X 175G,16.97,,3.79,,,G,O,,V,5013387201897,05013387201903,,
SALT & SEASONINGS,TIDMANS,LJ023,Tidmans Rock Salt,Ideal for grinders,12 X 500G,17.23,,1.95,,,,,,V,5011428000096,05011428200090,,
TOFU & TEMPEH (CHILLED),TAIFUN,CV139,Natural Silken Tofu,,6 X 400G,19.83,,4.45,,,,O,,V,4012359115003,04012359115034,,
TOOTH CARE,WELEDA,DY149,Toothpaste - Plant Gel,gentle on tooth enamel & gums,6 X 75ML,22.25,1,5.95,,,,,,V,4001638098045,,,
SWEET SNACKS,BEAR,ZX310,Fruit Splits Pineapple & Rasp,,18 X 20G,9.65,,0.69,,,G,,,V,5060139436441,15060139436448,,
HOUSEHOLD CLEANING PRODUCTS,BIO D,HJ172,Dishwasher Rinse Aid 5L,suitable for all dishwashers,1 X 5L,8.63,1,15.99,,,,,,V,5034938500337,5034938450205,,
PAPER PRODUCTS & STATIONERY,THE CHEEKY PANDA,NF269,Facial Wipes Unscented,25 Wipes per pack,24 X 1 PACK,45.49,1,2.99,,,,,,V,5060561630752,15060561630759,,
BURGERS SAUSAGES & TVP MIXES,CLEARSPRING,SY071,Organic Soya Mince,,12 X 250G,35.01,,3.89,,,G,O,,V,5021554005537,05021554005544,,
FLOURS & BREAD MIXES,DOVES FARM,FG497,White flour - self raising org,,25 KG,34.33,,,,,,O,,V,05011766110709,,,
CRISPS & SNACKS,MR FILBERTS,BT043,Moroccan Harissa Mixed Nut Tin,With Chilli & Mint,6 X 140G,34.66,1,9.95,,,G,,S,V,5060145054004,15060145054001,,
WATERS,HARROGATE SPRING WATER,WA013,Spring Water - Sparkling,,24 X 330ML,14.10,1,0.95,,,,,,V,5060042350025,05060042351039,,
HERBS & SPICES - BULK,LAHDE,HE100,Mixed Herbs,,300G,4.39,,,,,,,,V,5017601045854,05017601045847,,
CHOCOLATE,MONTEZUMA'S,KB754,Dark Chocolate Spice It Up,With Ginger,12 X 90G,23.90,1,3.20,,,,,S,V,5060719920247,5060719920254,N,
VEGAN & OAT MILK,OATLY,SY073,Original Oat Milk Portion Pack,,1 X 100,10.50,,0.15,,,,,,V,07394376617201,7394376617201,N,
COFFEE SUBSTITUTES,THE CHICORY CO,TE149,60% Chicory/40% Coffee Instant,An alternative to half caf,6 X 100G,30.80,,6.85,,,G,O,,V,5060221550239,15060221550236,,
CRISPS & SNACKS,SUPERBON CHIPS DE MADRID,ZX489,Salt & Cretan Herb Chips,,14 X 135G,27.50,1,3.15,,,G,,,V,5425033155544,5425033155551,N,
TOFU & TEMPEH (CHILLED),TAIFUN,CV833,Smoked Tofu,Beech Wood Smoked,8 X 200G,25.22,,4.20,,,,O,,V,4012359111104,4012359111135,,
TOOTH CARE,WELEDA,DY150,Toothpaste - Salt,helps neutralise plaque acids,6 X 75ML,25.80,1,6.95,,,,,,,4001638098090,,,
SWEET SNACKS,BEAR,ZX309,Fruit Splits Strawb & Apple,,18 X 20G,12.06,,0.89,,,G,,,V,5060139436434,15060139436431,N,
HOUSEHOLD CLEANING PRODUCTS,BIO D,HJ225,Washing Up Liquid,Fragrance Free,12 X 750ML,20.20,1,2.70,,,,,,V,5034938100216,05034938300203,,
PAPER PRODUCTS & STATIONERY,THE CHEEKY PANDA,NF524,Kitchen Towel 2 Rolls,200 Sheets; Super Absorbant,5 X 2 ROLLS,17.99,1,5.79,,,,,,V,5060561630042,05060561630059,N,
FAR EASTERN FOOD,CLEARSPRING,JP048,Creamy Sesame Miso Soup,With Sea Vegetables,8 X 4 X 15G,19.74,,3.29,,,G,O,,V,5021554001218,05021554001201,,
CEREALS & MUESLIS,DOVES FARM,MX988,Chocolate Stars,,5 X 300G,12.20,,3.25,,,G,O,,V,5011766778008,05011766578004,,
CRISPS & SNACKS,MR FILBERTS,BT047,Rosemary Almond Tins,Light & Aromatic,6 X 235G,52.06,1,14.95,,,G,,S,V,5060145054011,15060145054018,,
WATERS,THIRSTY PLANET,WA016,Spring Water - Still,,24 X 330ML,15.87,1,1.09,,,,,,V,5060146710077,05060146711135,,
HERBS & SPICES - BULK,LAHDE,HE059,Mixed Spices,,1 KG,8.99,,,,,,,,V,5017601045878,05017601045861,,
CHOCOLATE,MONTY BOJANGLES,ZX400,Taste Adventure Truffle Box,,4 X 225G,22.63,1,9.99,,,,,S,,5060413260687,05060413260694,N,
VEGAN YOGHURT,OATLY,CV651,Oatgurt Strawberry,,6 X 400G,13.87,,3.10,,,,,S,V,7394376616983,27394376616987,,
CEREALS & MUESLIS,PRIMROSE'S KITCHEN,MX109,Beetroot & Ginger Muesli,,6 X 400G,20.23,,4.49,,,G,O,,V,3760192498807,37601924988074,,
CRISPS & SNACKS,SUPERBON CHIPS DE MADRID,ZX348,Jalapeno Chips,,14 X 125G,31.43,1,2.79,,,G,,,V,5425033155216,5425033155223,N,
TOFU & TEMPEH (CHILLED),TAIFUN,CV133,Spinach Tofu,,6 X 200G,22.29,,4.99,,,,O,,V,4012359114907,04012359114921,,
BODY CARE,WELEDA,DY636,Arnica Massage Oil,Arnica Massage Oil,100ML,10.60,1,16.99,,,,,,V,4001638099226,,,
SWEET SNACKS,BEAR,ZX632,Splits Pineapple & Raspberry,,8 X 100G,14.90,,2.49,,,G,,,V,5060139436151,15060139436158,,
HOUSEHOLD CLEANING PRODUCTS,BIO D,HJ391,Washing Up Liquid Rhubarb,Yorkshire Rhubarb,5L,9.69,1,16.31,,,,,,V,5034938500344,5034938450212,,
DAIRY CHEESE,LYE CROSS FARM,CV166,Medium Cheddar Cheese,,10 X 245G,32.36,,4.29,,,,O,,,5027632000517,05027632001705,,
TEAS,CLEARSPRING,TE024,Japanese Matcha Green Tea Pwdr,,6 X 100G,91.77,,20.39,,,,O,S,V,5021554004790,05021554004806,,
FLOURS & BREAD MIXES,DOVES FARM,FG152,Rye Flour White Organic,,5 X 1KG,7.76,,2.05,,,,O,,V,5011766010658,05011766111706,N,
CRISPS & SNACKS,MR FILBERTS,BT050,Salt & Pepper Cashew Tins,Indonesian Inspired,6 X 235G,52.06,1,14.95,,,G,,S,V,5060145054028,15060145054025,,
WATERS,THIRSTY PLANET,WA018,Spring Water - Sparkling,,24 X 330ML,17.10,1,1.15,,,,,,V,5060146710084,05060146711142,,
HERBS & SPICES - BULK,LAHDE,HE018,Mustard Seeds - Brown,,600G,5.81,,,,,,,,V,5017601045915,,,
CHOCOLATE,MONTY BOJANGLES,ZX398,Vegan Truffle Gift Tower,,3 X 300G,26.31,1,14.99,,,,,S,V,5060413268355,05060413268362,N,
VEGAN & OAT MILK,OATLY,SY005,Oatly Vanilla Drink,,6 X 1L,9.89,,2.19,,,,,S,V,7394376619229,27394376619223,,
CEREALS & MUESLIS,PRIMROSE'S KITCHEN,MX104,Carrot;Apple & Cinnamon Muesli,,6 X 400G,20.23,,4.49,,,G,O,,V,3760192498784,37601924987848,,
CRISPS & SNACKS,SUPERBON CHIPS DE MADRID,ZX503,Yellow Paprika Chips,,14 X 135G,27.50,1,3.15,,,G,,,V,5425033155650,5425033155667,N,
TOFU & TEMPEH (CHILLED),TAIFUN,CV140,Blackforest Tofu,smoked; marinated,8 X 200G,29.73,,4.95,,,G,O,,V,4012359113405,4012359113436,,
SWEET SNACKS,BEAR,ZX623,Strawberry & Apple,,8 X 100G,14.90,,2.49,,,G,,,V,5060139436144,15060139436141,,
HOUSEHOLD CLEANING PRODUCTS,BIO D,HJ393,Washing Up Liquid Rhubarb,Yorkshire Rhubarb,12 X 750ML,21.64,1,3.05,,,,,,V,5034938100605,5034938120030,,
DAIRY CHEESE,LYE CROSS FARM,CV477,Mild Cheddar Cheese,,10 X 245G,31.01,,4.15,,,,O,,,5027632000500,05027632001729,,
TOFU & TEMPEH (CHILLED),CLEAR SPOT,CV777,Scrambled Tofu,sustainable soya beans,6 X 200G,17.58,,3.90,,,G,O,,V,5034467001411,05034467001268,,
FLOURS & BREAD MIXES,DOVES FARM,FG154,Spelt Flour Wholemeal,,25 KG,39.57,,,,,,,,V,05011766110976,,,
CRISPS & SNACKS,MR FILBERTS,BT057,Roasted Nuts & Plump Fruit Mix,,12 X 150G,28.89,1,3.95,,,G,,S,V,5060145053045,15060145053042,,
NUTS & SEEDS,SUMA PREPACKS,NU090,Hazelnuts,,6 X 125G,13.01,,2.89,,,,,,V,5017601018322,05017601018742,,
HERBS & SPICES - BULK,LAHDE,HE019,Mustard Seeds - Yellow,,600G,4.19,,,,,,,,V,5017601045939,05017601045922,,
CHOCOLATE,MONTEZUMA'S,ZX783,Absolute Black 100% Cocoa Bar,,12 X 90G,28.12,1,3.79,,,,,,V,5060719920001,5060719920018,N,
DESSERTS & PUDDINGS (CHILLED),OATLY,CV698,Whippable Creamy Oat,,10 X 250ML,11.57,,1.55,,,,,,V,7394376618833,27394376620014,,
CEREALS & MUESLIS,PRIMROSE'S KITCHEN,MX098,Fig & Apricot Bircher OG,,6 X 400G,20.20,,4.49,,,G,O,,V,0745760706389,7457607063892,,
CRISPS & SNACKS,SUPERBON CHIPS DE MADRID,ZX484,Pimento Chips,,14 X 135G,27.50,1,3.15,,,G,,,V,5425033155278,5425033155285,N,
SUPPLEMENTS & REMEDIES,TAKA TURMERIC,TE315,Turmeric & Black Pepper,500mg Turmeric Per Capsule,1 X 120 CAPS,10.49,1,16.99,,,,O,,V,0700461533450,15060514450052,,
SWEET SNACKS,BEAR,ZX649,Fruit Treasure's Berry,,4 X 100G,7.22,,2.39,,,G,,,V,5060139436182,15060139436189,,
DRINKS (CHILLED),BIOMEL,CV857,Dark Chocolate Probiotic Drink,,6 X 510ML,15.06,,3.35,,,,,,V,5060455490387,05060455490394,,
PAPER PRODUCTS & STATIONERY,THE CHEEKY PANDA,NF071,Multi Surface Wipes,90 Wipes; Anti-Bacterial,6 X 90,29.99,1,7.99,,,,,,V,5060561630417,15060561630414,,
SUPPLEMENTS & REMEDIES,NATURE'S GREATEST SECRET,VM266,Colloidal Silver 20PPM Dropper,Antibacterial; Antifungal,8 X 100ML,58.64,1,12.95,,,,,,V,639767236652,0799632221852,,
FLOURS & BREAD MIXES,DOVES FARM,FG155,Spelt Flour White,,25 KG,48.46,,,,,,,,V,05011766111416,,,
CRISPS & SNACKS,MR FILBERTS,BT056,Truffle & Garlic Mixed Nuts,Woodland Truffle; Wild Garlic,12 X 150G,28.89,1,3.95,,,G,,S,V,5060145053083,15060145053080,,
NUTS & SEEDS,SUMA BAGGED DOWN,NU096,Hazelnuts,,1 KG,15.89,,,,,,,,V,5017601770961,,,
HERBS & SPICES - BULK,LAHDE,HE020,Nutmeg Whole,,500G,17.10,,,,,,,,V,5017601045953,05017601045946,,
CHOCOLATE,MONTEZUMA'S,ZX946,Absolute Black- Almonds C/Nibs,100% Cocoa Bar,12 X 90G,28.12,1,3.79,,,,,,V,5060719920025,5060719920032,N,
DRINKS (CHILLED),OATLY,CV491,Fresh Oat Drink - Whole,,6 X 1L,10.72,,2.40,,,,,,V,7394376665035,27394376665039,,
CRISPS & SNACKS,PRIMAL VEGAN JERKY,ZX586,Soy - Hickory Smoked Jerky,,24 X 28G,33.81,,1.91,,,,,,V,838455000029,838455000081,N,
CRISPS & SNACKS,SUPERBON CHIPS DE MADRID,ZX452,Salt Chips,,14 X 135G,27.50,1,3.15,,,G,,,V,5425033155230,5425033155247,N,
HERB & FRUIT TEA INFUSIONS,TAKA TURMERIC,TE305,Masala Chai,1000mg Turmeric Per Tea Bag,4 X 15 BAGS,11.94,,3.99,,,,O,,V,5060514450031,15060514450038,,
SWEET SNACKS,BEAR,ZX646,Fruit Treasure's Tropical,,4 X 100G,7.22,,2.39,,,G,,,V,5060139436175,15060139436172,,
DRINKS (CHILLED),BIOMEL,CV855,Natural Probiotic Drink,,6 X 510ML,15.06,,3.35,,,,,,V,5060455490349,05060455490356,,
PAPER PRODUCTS & STATIONERY,THE CHEEKY PANDA,NF226,Toilet Tissue - Natural Colour,quilted bamboo toilet tissue,5 X 9 ROLLS,23.50,1,7.49,,,,,,V,5060561631209,15060561631206,N,
SUPPLEMENTS & REMEDIES,NATURE'S GREATEST SECRET,VM270,Colloidal Silver 20PPM Spray,Antibacterial; Antifungal,8 X 100ML,58.64,1,12.95,,,,,,V,609456496148,0799632221845,,
BAKING SUNDRIES,DOVES FARM,LJ165,Xanthan Gum,,3 X 1KG,50.78,1,,,,G,,,V,,05011766110396,,
HOUSEHOLD CLEANING PRODUCTS,FILL REFILL,HJ419,Bicarbonate of Soda,,10 KG,23.37,1,,,,,,,V,5060592671694,,,
NUTS & SEEDS,SUMA PREPACKS,NU157,Hazelnuts,,6 X 250G,24.08,,5.35,,,,,,V,5017601019787,05017601019770,,
HERBS & SPICES - BULK,LAHDE,HE093,Oregano,,250G,4.20,,,,,,,,V,5017601045977,,,
CHOCOLATE,MONTEZUMA'S,ZX945,Absolute Black-Orange & C/Nib,100% Cocoa Bar,12 X 90G,28.12,1,3.79,,,,,,V,5060719920049,5060719920056,N,
FLAKES; BRANS & WHEATGERM,SUMA PREPACKS,FX046,Oats - Jumbo & Gluten Free,,6 X 750G,15.26,,3.39,,,G,,,V,5017601039839,05017601039822,,
CRISPS & SNACKS,PRIMAL VEGAN JERKY,ZX580,Shiitake Mushroom Jerky,Hot & Spicy,24 X 28G,33.81,,1.91,,,,,,V,838455000036,838455000098,N,
CRISPS & SNACKS,SUPERBON CHIPS DE MADRID,ZX478,Salt & Pepper Chips,,14 X 135G,27.50,1,3.15,,,G,,,V,5425033155315,5425033155322,N,
SUPPLEMENTS & REMEDIES,TAKA TURMERIC,TE317,Joint Care,With Vitamin D,1 X 90 CAPS,10.49,1,16.99,,,,O,,V,5060514450154,15060514450151,,
SWEET SNACKS,BEAR,ZX067,Giant Yoyo-Apple/Blackcurrant,,6 X 5 X 20G,12.62,,2.79,,,G,,,V,5060139435260,15060139435267,,
DRINKS (CHILLED),BIOMEL,CV856,Pure Vanilla Probiotic Drink,,6 X 510ML,15.06,,3.35,,,,,S,V,5060455490400,05060455490417,,
DAIRY CHEESE,LYE CROSS FARM,CV323,Mature Grated Cheddar Cheese,,10 X 180G,23.63,,3.15,,,,O,,,5027632000388,05027632001750,,
SUPPLEMENTS & REMEDIES,NATURE'S GREATEST SECRET,VM141,Colloidal Silver 20PPM Refill,Antibacterial; Antifungal,8 X 300ML,99.45,1,21.95,,,,,,V,609456496155,0799632221869,,
BAKING SUNDRIES,DOVES FARM,LJ423,Quick Yeast,Now in Outers of Two,2 X 8 X 125G,23.64,,1.75,,,G,,,V,5011766222211,05011766222242,,
HOUSEHOLD CLEANING PRODUCTS,FILL REFILL,HJ029,Citric Acid - Bulk,Helps shift limescale,5 KG,38.00,1,,,,,,,V,5060592671731,,,
NUTS & SEEDS,BULK COMMODITIES,NU028,Hazelnuts,,25 KG,412.50,,,,,,,,V,,,,24 SEP 25
HERBS & SPICES - BULK,LAHDE,HE235,Paprika - Hungary,,800G,8.73,,,,,,,,V,5017601045991,05017601045984,,
CHOCOLATE,MONTEZUMA'S,KB189,Milk Chocolate Mini Eggs,with Peanut Butter,7 X 120G,24.30,1,5.60,,,,,S,,5060719927215,5060719927222,N,
FLAKES; BRANS & WHEATGERM,SUMA PREPACKS - ORGANIC,FX042,Oats - Jumbo GF & Organic,,6 X 750G,17.96,,3.99,,,G,O,,V,5017601039778,05017601039761,,
CRISPS & SNACKS,PRIMAL VEGAN JERKY,ZX585,Seitan - Teriyaki Jerky,,24 X 28G,33.81,,1.91,,,,,,V,838455000012,838455000074,N,
SUPPLEMENTS & REMEDIES,TAKA TURMERIC,VM394,Turmeric & Black Pepper,500mg Turmeric Per Capsule,1 X 60 CAPS,6.25,1,10.99,,,,O,,V,5060514450062,,,
FRUIT - DRIED,BEAR,DR263,Gently Baked Mango,,14 X 35G,11.56,,1.09,,,G,,,V,5060139436564,15060139436561,,
VEGETABLES,BIONA,LJ243,Capers In Olive Oil,Organic,6 X 120G,23.69,,5.29,,,,O,,V,5032722304772,05032722643291,,
DAIRY CHEESE,LYE CROSS FARM,CV028,Mature Cheddar Cheese,approx. 2.5Kg,PER KG,13.14,,,,,,O,,,05027632001019,,,
FAR EASTERN FOOD,CLEARSPRING,JP314,Sushi Rice - Organic,,12 X 500G,32.31,,3.59,,,,O,,V,5021554986362,05021554986379,,
FLOURS & BREAD MIXES,DOVES FARM,FG097,Chickpea Flour,,5 X 260G,9.10,,2.39,,,G,O,,V,5011766010993,05011766112109,,
HOUSEHOLD CLEANING PRODUCTS,FILL REFILL,HJ016,Laundry Liquid Neroli,Returnable drum to Fill Refill,20L,62.00,1,,,,,,,V,5060592671717,,,
NUTS & SEEDS,SUMA BAGGED DOWN,NU030,Hazelnuts,,5 KG,77.19,,,,,,,,V,5017601770305,,,
HERBS & SPICES - BULK,LAHDE,HE005,Rosemary,,500 G,4.78,,,,,,,,V,5017601046219,05017601046202,,
CHOCOLATE,MONTEZUMA'S,KB296,Eco Egg Milk Chocolate OG,,4 X 150G,37.20,1,15.00,,,G,O,S,,5060719926096,5060719926102,N,
FLAKES; BRANS & WHEATGERM,SUMA PREPACKS - ORGANIC,FX044,Oats - Porridge GF & Organic,,6 X 750G,17.96,,3.99,,,G,O,,V,5017601039792,05017601039785,,
CRISPS & SNACKS,PRIMAL VEGAN JERKY,ZX584,Soy - Texas BBQ Jerky,,24 X 28G,33.81,,1.91,,,,,,V,838455000210,838455000241,N,
GRAINS,BULK COMMODITIES,QS001,Tapioca - seed pearl,,25 KG,55.38,,,,,,,,V,,,,
FRUIT - DRIED,BEAR,DR192,Gently Baked Mango,,6 X 100G,12.76,,2.85,,,G,,,V,5060139436618,15060139436615,,
DRINKS (CHILLED),BIOTIFUL DAIRY,CV361,Kefir Milk Drink,,6 X 250ML,7.89,,1.75,,,G,O,,,5060337220033,25060337220037,,
DAIRY CHEESE,SOSTER,CV003,Italian Hard Cheese,Veggie Parmesan,200G EACH,6.38,,8.55,,,,O,,,5019693506107,,,
SEA VEGETABLES,CORNISH SEAWEED COMPANY,HE040,Organic Cornish Seaweed Salt,,8 X 70G,23.42,,3.99,,,,O,,V,0700254742427,0701722601864,,
BISCUITS CRACKERS & CRISPBREAD,DOVES FARM,BT269,Lemon Zest Cookies - GF,,12 X 150G,18.31,,2.05,,,G,O,S,V,5011766888981,05011766488815,,
HOUSEHOLD CLEANING PRODUCTS,FILL REFILL,HJ418,Rinse Aid,Professional Range,20L,30.50,1,,,,,,,V,5060592671687,,,
NUTS & SEEDS,SUMA BAGGED DOWN - ORGANIC,NU202,Hazelnuts - organic,,1 KG,16.95,,,,,,O,,V,5017601009313,,,
HERBS & SPICES - BULK,LAHDE,HE096,Sage,,300G,5.05,,,,,,,,V,5017601046455,05017601046448,,
CHOCOLATE,MONTEZUMA'S,KB304,Eco Egg Dark Choc,,4 X 150G,37.20,1,15.00,,,G,O,S,V,5060719926119,5060719926126,N,
FLAKES; BRANS & WHEATGERM,SUMA PREPACKS,FX045,Oats - Porridge & Gluten Free,,6 X 750G,15.26,,3.39,,,G,,,V,5017601039815,05017601039808,,
CRISPS & SNACKS,PRIMAL VEGAN JERKY,ZX581,Seitan - Thai Peanut Jerky,,24 X 28G,33.81,,1.91,,,,,,V,838455000197,838455000227,N,
GRAINS,SUMA PREPACKS,QS061,Tapioca,,6 X 500G,10.58,,2.35,,,,,,V,5017601024286,05017601024279,,
FRUIT - DRIED,BEAR,DR009,Baked Mango & Passionfruit,,7 X 85G,14.85,,2.79,,,G,,,V,5060139436649,15060139436646,,
SUPPLEMENTS & REMEDIES,BIO-KULT,VM310,Everyday,2 Billion Live Bacteria,1 X 30 CAPS,7.40,1,11.55,,,G,,,,5027314502537,,,
INTIMATE CARE,THE CHEEKY PANDA,NF382,Pads - Light,with bamboo lining & core,6 X 6 PACKS,63.11,,2.35,,,,,,V,5060561631520,15060561631527,,
SEA VEGETABLES,CORNISH SEAWEED COMPANY,HE006,Organic Dulse,,5 X 20G,20.80,,5.59,,,,O,,V,0700254742434,0701722601826,,
BISCUITS CRACKERS & CRISPBREAD,DOVES FARM,BT008,Stem Ginger Cookies - GF,,12 X 150G,18.31,,2.05,,,G,O,S,V,5011766991148,05011766300070,,
HOUSEHOLD CLEANING PRODUCTS,FILL REFILL,HJ027,Scrub Powder Clary Sage,For clean hobs; sinks; tiles..,10 KG,22.19,1,,,,,,,V,5060592671724,,,
SUGARS & SYRUPS,TOTAL SWEET,LJ124,Total Sweet,Birch Wood based sweetener,6 X 225G,15.03,,3.35,,,,,,V,5060105190001,05060105190155,,
SUPPLEMENTS & REMEDIES,LAHDE,MD106,Slippery Elm,,500G,52.75,1,,,,,,,V,5017601046356,,,
CHOCOLATE,MONTEZUMA'S,KB305,Eco Egg Absolute Black,,4 X 150G,37.20,1,15.00,,,G,,,,5060719926133,5060719926140,N,
FLAKES; BRANS & WHEATGERM,SUMA BAGGED DOWN - ORGANIC,FX033,Oats - Porridge - G/Free - Org,Packed in a g/free environment,10 KG,30.49,,,,,G,O,,V,5017601042181,,,
BISCUITS CRACKERS & CRISPBREAD,PROFUSION,BT212,Protein Chickpea Cakes,,12 X 100G,22.73,,2.55,,,G,O,,V,5032722319837,05032722657243,,
FLOURS & BREAD MIXES,SUMA PREPACKS,FG001,Tapioca Starch (flour),,6 X 500G,14.63,,3.25,,,,,,V,5017601037217,5017601037200,,
FRUIT - DRIED,BEAR,DR144,Gently Baked Pineapple,,14 X 35G,11.56,,1.09,,,G,,,V,5060139436588,15060139436585,,
SUPPLEMENTS & REMEDIES,BIO-KULT,VM316,Everyday,2 Billion Live Bacteria,1 X 60 CAPS,14.13,1,22.49,,,G,,,,5027314502544,,,
INTIMATE CARE,THE CHEEKY PANDA,NF378,Pads  - Heavy,with bamboo lining & core,6 X 6 PACKS,63.11,,2.35,,,,,,V,5060561631537,15060561631534,,
SEA VEGETABLES,CORNISH SEAWEED COMPANY,HE043,Organic Sea Spaghetti,,5 X 40G,20.80,,5.59,,,,O,,V,0700254742410,0701722601840,,
BODY CARE,DR ORGANIC,DY724,Jojoba Oil,,6 X 100ML,43.86,1,12.99,,,,O,,V,5060391848280,5060391848297,,
HOUSEHOLD CLEANING PRODUCTS,FILL REFILL,HJ014,Washing Up Liquid Ginger,Returnable drum to Fill Refill,20L,32.00,1,,,,,,,V,5060592671700,,,
SUGARS & SYRUPS,TOTAL SWEET,LJ125,Total Sweet,Birch Wood based sweetener,6 X 1KG,55.72,,12.49,,,,,,V,5060105190025,05060105190025,,
HERBS & SPICES - BULK,LAHDE,HE117,Paprika - Smoked; Spanish,,700G,7.45,,,,,,,,V,5017601046011,5017601046011,,
CHOCOLATE,MONTEZUMA'S,KB272,Mini Eggs Caramel Milk Choc,,7 X 120G,24.30,1,5.50,,,G,,,,5060719927253,5060719927291,N,
PASTA,PROFUSION,WT130,Chickpea Fusilli,,8 X 250G,20.01,,3.35,,,G,O,,V,5032722317901,05032722656499,,
FAR EASTERN FOOD,MORI-NU,JP205,Tofu - Firm Tofu,,12 X 307G,29.17,,3.25,,,G,,,V,1240000017717,11240000017714,,
FRUIT - DRIED,BEAR,DR201,Gently Baked Pineapple,,6 X 100G,12.76,,2.85,,,G,,,V,5060139436632,15060139436639,,
SUPPLEMENTS & REMEDIES,BIO-KULT,VM317,Boosted - Extra Strength,8 Billion Live Bacteria,1 X 30 CAPS,17.66,1,27.99,,,G,,,,5027314498229,,,
INTIMATE CARE,THE CHEEKY PANDA,NF374,Pads - Night,with bamboo lining & core,6 X 6 PACKS,63.11,,2.35,,,,,,V,5060561631544,15060561631541,,
SEA VEGETABLES,CORNISH SEAWEED COMPANY,HE014,Organic Mixed Seaweed Flakes,,5 X 60G,25.16,,6.79,,,,O,,V,0701722601722,0701722601819,,
BODY CARE,DR ORGANIC,DY726,Rosehip Oil,,6 X 50ML,47.22,1,13.99,,,,O,,V,5060391848266,5060391848273,,
DAIRY CHEESE,ETHICAL DAIRY,CV144,Mature Carrick Cheese,Deep; Nutty; Earthy,6 X 150G,29.21,,6.49,,,,O,,,5027808901013,5027808901112,,
CHOCOLATE,HOLDSWORTH CHOCOLATES,WS184,Creamy Crunch Egg,Milk Chocolate,6 X 195G,53.57,1,15.00,,,,,,,5034279002415,,,
HERBS & SPICES - BULK,LAHDE,HE231,Star Anise - Whole,,350G,8.42,,,,,,,,V,5017601046035,05017601046028,,
CHOCOLATE,MONTEZUMA'S,KB288,Apple Crumble Milk Choc,,4 X 150G,36.17,1,16.00,,,G,,S,,5060719929288,5060719929295,N,
PASTA,PROFUSION,WT042,Organic Chickpea Orzo,,10 X 250G,23.18,,3.15,,,G,O,,V,5032722319752,05032722657595,,
FAR EASTERN FOOD,MORI-NU,JP075,Tofu - Extra Firm,,12 X 308G,33.03,,3.69,,,G,,,V,1240000017724,11240000017721,,
SUPPLEMENTS & REMEDIES,WELEDA,MD127,Arnica 30,,1 X 125 TABS,5.19,1,8.50,,,,,S,,5013455080669,5013455080669,,
FRUIT - DRIED,BEAR,DR002,Gently Baked Strawberries,,14 X 35G,11.56,,1.09,,,G,,S,V,5060139436571,15060139436578,,
BEANS & PULSES - DRIED,SUMA PREPACKS,PU065,Lentils - brown,,6 X 500G,10.13,,2.25,,,,,,V,5017601018391,05017601018810,,
PATES; DIPS & TAPAS (CHILLED),VBITES,CV262,Beanfeast Pate,,6 X 150G,15.08,,3.35,,,,,,V,5021821011445,05021821011445,,
SUPPLEMENTS & REMEDIES,CORNISH SEAWEED COMPANY,VM006,Hand-Harvested Sea Moss,For A Healthy Metabolism,6 X 60 CAPS,40.81,1,10.99,,,,O,,V,0742186748528,0742186748535,,
HOUSEHOLD CLEANING PRODUCTS,DRI-PAK,HJ130,White Vinegar Extra Strength,cuts through dirt & grime,12 X 750ML,20.99,1,3.20,,,,,,V,5056603400100,5056603400179,,
DAIRY CHEESE,ETHICAL DAIRY,CV148,Laganory Cheese,Sharp; Tangy; Crumbly,6 X 150G,26.22,,5.79,,,,O,,,5027808902010,5027808902119,,
CHOCOLATE,HOLDSWORTH CHOCOLATES,WS180,Egg Shaped Gift Box,,6 X 160G,57.17,1,16.00,,,,,,,5034279001500,5034279001500,,
HERBS & SPICES - BULK,LAHDE,HE074,Sumac,,900G,13.80,,,,,,,,V,5017601046059,05017601046042,,
CHOCOLATE,MONTEZUMA'S,KB286,Strawb Cheesecake White Choc,,4 X 150G,36.17,1,16.00,,,G,,,,5060719929301,5060719929318,N,
BISCUITS CRACKERS & CRISPBREAD,PROFUSION,BT209,Protein Lentil Cakes,,12 X 100G,22.73,,2.55,,,G,O,,V,5032722319820,05032722657236,,
VEGETABLES (FROZEN),YUTAKA,XL047,Shelled Edamame Beans,Green Soya Beans,10 X 500G,20.43,,2.70,,,,,,V,5014276840036,5014276841538,,
SUPPLEMENTS & REMEDIES,WELEDA,DY740,Arnica Bumps & Bruises Spray,minor injury relief,1 X 20ML,5.15,1,8.50,,,,,,V,5013455330078,,,
FRUIT - DRIED,BEAR,DR266,Gently Baked Strawberries,,8 X 90G,17.00,,2.85,,,G,,S,V,5060139436625,15060139436622,,
BEANS & PULSES - DRIED,SUMA PREPACKS - ORGANIC,PU135,Lentils - Brown; organic,,6 X 500G,11.03,,2.45,,,,O,,V,5017601022381,05017601022374,,
PAPER PRODUCTS & STATIONERY,THE CHEEKY PANDA,NF233,Toilet Tissue 4 Pack,Paper Wrap - Plastic Free,6 X 4 ROLLS,16.50,1,4.39,,,,,,V,5060561630189,05060561630257,N,
SEA VEGETABLES,CORNISH SEAWEED COMPANY,HE048,Organic sea Salad,,5 X 30G,26.22,,6.99,,,,O,,V,0700254742403,0701722601802,,
TOFU & TEMPEH (CHILLED),DRAGONFLY,CV395,Org Smoked Tofu,,5 X 300G,11.90,,3.20,,,,O,,V,5036259000428,15036259000425,,
DAIRY CHEESE,ETHICAL DAIRY,CV157,Rainton Tomme Cheese,Sweet; Nutty; Creamy,6 X 150G,28.01,,6.20,,,,O,,,5027808906018,5027808906117,,
CHOCOLATE,HOLDSWORTH CHOCOLATES,WS185,Golden Bunny Box,,8 X 95G,42.86,1,9.00,,,,,,,5034279002422,,,
HERBS & SPICES - BULK,LAHDE,HE099,Thyme,,500G,5.66,,,,,,,,V,501760104679,,,
CHOCOLATE,MONTEZUMA'S,KB287,Sticky Toffee Pud Dark Choc,,4 X 150G,36.17,1,16.00,,,G,,,V,5060719929325,5060719929332,N,
BISCUITS CRACKERS & CRISPBREAD,PROFUSION,BT196,Chickpea Cracker Bites,High Protein,8 X 150G,20.03,,3.35,,,,O,,V,5032722319783,5032722657199,,
BAKING SUNDRIES,THE BRIDGE,LJ013,Vegan Egg Substitute 'Veg Egg',,12 X 500ML,28.11,1,3.75,,,,O,,V,8019428000358,18019428000355,,
SUPPLEMENTS & REMEDIES,WELEDA,DY739,Arnica Cooling Gel,muscular recovery,1 X 25G,5.75,1,9.50,B,,,,,V,5013455250284,,,
SWEET SNACKS,BEAR,ZX063,Giant Yoyo -Strawberry/Mango,,6 X 5 X 20G,12.62,,2.79,,,G,,,V,5060139435277,15060139435274,,
BEANS & PULSES - DRIED,BULK COMMODITIES,PU010,Lentils - brown,,25 KG,49.00,,,,,,,,V,,,,
PAPER PRODUCTS & STATIONERY,THE CHEEKY PANDA,NF312,Toilet Tissue 48 Rolls,3 Ply; 200 Sheets; 100% FSC,1 X 48 ROLLS,22.77,1,37.80,,,,,,V,5060561630172,5060561630202,N,
FAR EASTERN FOOD,CLEARSPRING,JP120,Chickpea Miso,(unpasteurised),6 X 150G,17.96,,3.99,,,,O,,V,5021554004325,05021554004332,,
HERB & FRUIT TEA INFUSIONS,DRAGONFLY TEA,TE038,Chai Pu'er Digestive Tea,,4 X 20BAGS,9.27,,3.09,,,,O,,V,5032558000459,05032558001494,,
FAR EASTERN FOOD,COCOFINA,KJ319,Coconut Amino Sauce,Soya free soya sauce,12 X 250ML,53.88,,5.99,,,,O,,V,5060118260845,05060118260852,,
CHOCOLATE,HOLDSWORTH CHOCOLATES,WS182,Joy of Easter Egg,with Truffles,6 X 300G,71.40,1,20.00,,,,,,,5034279001661,5034279001661,,
CHOCOLATE,MONTEZUMA'S,KB289,Hen & Mini Eggs Peanut Butter,,4 X 300G,60.17,1,25.00,,,G,,S,,5060719929349,5060719929356,N,
BURGERS SAUSAGES & TVP MIXES,PROFUSION,SY092,Protein Chunks Pea & Fava,,12 X 125G,31.86,,3.55,,,G,O,,V,5032722317970,05032722655379,,
BAKING SUNDRIES,TAYLOR & COLLEDGE,LJ024,Almond Extract,,6 X 50ML,17.79,,3.95,,,,,,V,96211984,15000254023345,,
SUPPLEMENTS & REMEDIES,WELEDA,DY742,Arnica Muscle Soak,muscular recovery,1 X 200ML,10.70,1,17.50,B,,,,,V,5013455140172,,,
CEREALS & MUESLIS,BEAR,MX203,Alphabites Cereal - Multigrain,,4 X 350G,6.69,,2.25,,,,,,V,5060139434386,5060139434393,,
BEANS & PULSES - DRIED,SUMA BAGGED DOWN,PU185,Lentils - brown,,3 KG,8.39,,,,,,,,V,5017601009542,,,
INTIMATE CARE,THE CHEEKY PANDA,NF377,Pantyliners,with bamboo lining & core,6 X 6 PACKS,51.64,,1.90,,,,,,V,5060561631513,15060561631510,,
OILS & FATS,CLEARSPRING,GT037,Sesame Oil organic,,6 X 1L,69.71,,15.49,,,G,O,,V,5021554985556,05021554985563,,
TOFU & TEMPEH (CHILLED),DRAGONFLY,CV393,Organic Marinated Tofu,,5 X 300G,13.93,,3.70,,,G,O,,V,5036259000459,05036259000459,,
SOFT DRINKS,COCOFINA,JU368,Cocofina Natural Coconut Water,,12 X 1L,30.85,1,4.10,,,,O,,V,5060118260203,05060118260210,,
CHOCOLATE,HOLDSWORTH CHOCOLATES,WS186,Velvetine Crunch Egg,Dark Chocolate,6 X 195G,53.57,1,15.00,,,,,,,5034279002408,,,
CHOCOLATE,MONTEZUMA'S,KB294,Hen & Mini Eggs Salted Caramel,,4 X 300G,60.17,1,25.00,,,G,,S,,5060719929363,5060719929370,N,
BURGERS SAUSAGES & TVP MIXES,PROFUSION,SY095,Protein Mince  Pea & Fava,,12 X 125G,31.86,,3.55,,,G,O,,V,5032722317963,5032722655362,,
CRISPS & SNACKS,SUPERBON CHIPS DE MADRID,ZX506,Salt & Vinegar Chips,,14 X 135G,27.50,1,3.15,,,G,,,V,5425033155735,5425033155742,N,
DESSERTS,THURSDAY COTTAGE,RT040,Amaretto Butter 12%ABV,,6 X 210G,20.14,,4.49,,,,,S,,059471808066,00059471808165,,
SUPPLEMENTS & REMEDIES,WELEDA,MD037,Arnica Muscular Relief Spray,Oromucosal Spray,1 X 20ML,8.10,1,13.25,,,,,,V,5013455330016,,,
SWEET SNACKS,BEAR,ZX014,Yoyos - Mango Multipack,,6 X 5 X 20G,11.18,,2.49,,,G,,,V,5060139431033,05060139431040,,
BEANS & PULSES - DRIED,BULK COMMODITIES,PU006,Black Beluga Lentils,Beluga Type,25 KG,76.64,,,,,,,,V,,,,
MEAT ALTERNATIVES (CHILLED),VBITES,CV238,Streaky BCN Rashers,,6 X 115G,15.05,,3.35,,,,,S,V,5021821144488,15021821144485,,
OILS & FATS,CLEARSPRING,GT038,Organic Toasted Sesame Oil,,6 X 500ML,44.96,,9.99,,,,O,,V,5021554982432,05021554980742,,
TOFU & TEMPEH (CHILLED),DRAGONFLY,CV394,Org Super Firm Natural Tofu,,5 X 300G,10.29,,2.75,,,,O,,V,5036259000190,05036259000190,,
OILS & FATS,COCOFINA,GH074,Coconut Oil Neutral,Odourless;ideal baking/cooking,6 X 500ML,22.99,,4.99,,,,O,,V,5060118260760,05060118260777,,
HERBS & SPICES - BULK,BULK WHOLE SPICES,HE207,Tamarind,,200G,2.69,,3.59,,,,,,V,8901588600168,,,
CHOCOLATE,MONTEZUMA'S,KB281,Hot Cross Bun Bites Dark Choc,,5 X 120G,28.93,1,9.95,,,G,,,,5060719929387,5060719929394,N,
BISCUITS CRACKERS & CRISPBREAD,PROFUSION,BT198,Red Lentil Cracker Bites,High Protein,8 X 150G,20.03,,3.35,,,,O,,V,5032722319790,5032722657205,,
CRISPS & SNACKS,SUPERBON CHIPS DE MADRID,ZX490,Seaweed Chips,,14 X 125G,31.43,1,3.59,,,G,,,V,5425033155636,5425033155643,N,
DESSERTS,THURSDAY COTTAGE,RT011,Brandy Butter 8%ABV,,6 X 210G,20.14,,4.49,,,,,S,,059471806062,00059471806161,,
SUPPLEMENTS & REMEDIES,WELEDA,MD537,Arnica Bumps & Bruises Salve,muscular pain & bruising,1 X 25G,5.49,1,8.79,,,,,,,5013455060104,,,
BABY & CHILD FOOD,BEAR,ZX523,Paws- Raspberry & Blueberry,See also Sweet Snacks (Yoyos),18 X 20G,7.04,,0.49,,,G,,,V,5060139431507,05060139431514,N,
BEANS & PULSES - DRIED,SUMA BAGGED DOWN - ORGANIC,PU003,Lentils - brown; organic,,3 KG,9.25,,,,,,O,,V,5017601009559,,,
MEAT ALTERNATIVES (CHILLED),VBITES,CV557,Herby Sausages,Ready to Eat-Hot or Cold,6 X 295G,18.41,,4.09,,,,,,V,5021821000210,15021821000217,,
SUGARS & SYRUPS,CLEARSPRING,HY210,Rice Malt Syrup,Wheat Free,6 X 300G,16.61,,3.69,,,,O,,V,5021554004349,05021554004356,,
TOFU & TEMPEH (CHILLED),DRAGONFLY,CV431,Org Medium Firm Natural Tofu,,5 X 300G,10.29,,2.75,,,,O,,V,5036259000398,15036259000395,,
BISCUITS CRACKERS & CRISPBREAD,FINN CRISPBREADS,BT025,Multigrain,,9 X 175G,13.10,,1.99,,,,,,V,6410500091868,06410500090625,,
OLIVES,HELLENIC,KJ396,Kalamata Pitted Olives,,6 X 2KG,99.00,,21.99,,F,G,O,,V,5018076002434,15018076002431,,
CHOCOLATE,MONTEZUMA'S,KB279,Jammy Scone BItes MIilk Choc,,5 X 120G,28.93,1,9.95,,,G,,,,5060719929400,5060719929417,N,
PASTA,PROFUSION,WT129,Red Lentil Fusilli,,8 X 250G,20.63,,3.45,,,G,O,,V,5032722317918,05032722656482,,
CRISPS & SNACKS,SUPERBON CHIPS DE MADRID,ZX494,Truffle Chips,,14 X 135G,31.43,1,3.59,,,G,,,V,5425033155476,5425033155483,N,
DESSERTS,THURSDAY COTTAGE,BT060,Christmas Pudding Boxed,,12 X 112G,30.79,,3.45,,,,,S,,059471803085,00059471803283,,
SUPPLEMENTS & REMEDIES,WELEDA,DY741,Arnica Energising Shower Gel,recovery shower gel,1 X 200ML,5.20,1,8.25,B,,,,,V,7611916154317,,,
BABY & CHILD FOOD,BEAR,ZX189,Paws- Raspberry & Blueberry,,4 X 5 X 20G,7.22,,2.39,,,G,,,V,5060139431521,05060139431637,N,
BEANS & PULSES - DRIED,BULK COMMODITIES - ORGANIC,PU001,Lentils - brown; organic,,25 KG,57.01,,,,,,O,,V,,,,
PAPER PRODUCTS & STATIONERY,THE CHEEKY PANDA,NF314,Toilet Tissue 24 Rolls,3 Ply; 200 Sheets; 100% FSC,1 X 24 ROLLS,14.69,1,24.49,,,,,,V,5060561630288,,N,
FAR EASTERN FOOD,CLEARSPRING,JP129,Shoyu Soya Sauce,,6 X 150ML,13.46,,2.99,,,,O,,V,5021554002185,05021554980650,,
HOUSEHOLD CLEANING PRODUCTS,DRI-PAK,HJ035,Bicarbonate of Soda,Deodorising; abrasive product,6 X 500G,6.99,1,2.50,,,,,,V,5011289001775,5011289001799,,
HERBS & SPICES - BULK,BULK WHOLE SPICES,HE022,Peppercorns - black,,3 KG,39.25,,,,,,,,V,5017601520221,,,
CHOCOLATE,MONTEZUMA'S,ZX140,Merry & Bright Truffles,nine truffle collection,5 X 110G,30.00,1,10.00,,,,,,,,,,
PASTA,PROFUSION,WT030,Organic Red Lentil Orzo,,12 X 250G,28.21,,3.15,,,G,O,,V,5032722319745,05032722657151,,
CHOCOLATE,SUMMERDOWN,KB239,Chocolate Peppermint Crisps,,8 X 170G,43.42,1,8.99,,,G,,S,V,5060107650077,85060107650073,,
DESSERTS,THURSDAY COTTAGE,BT071,Christmas Pudding Boxed,,6 X 454G,68.93,,15.35,,,,,S,,059471801029,00059471801128,,
BODY CARE,WELEDA,DY164,Arnica - Sports Bag,shower gel & massage balm,EACH,16.40,1,28.00,B,F,,,,V,5013455499300,,,
BABY & CHILD FOOD,BEAR,ZX520,Paws- Strawberry & Apple,,18 X 20G,7.04,,0.49,,,G,,,V,5060139431194,05060139431293,N,
BEANS & PULSES - DRIED,BULK COMMODITIES,PU150,Black Turtle Beans,,25 KG,45.97,,,,,,,,V,,,,
MEAT ALTERNATIVES (CHILLED),VBITES,CV043,Turkey Style Roast Joint,,6 X 390G,27.01,,6.00,,,,,S,V,15021821000989,5021821000982,,
FAR EASTERN FOOD,CLEARSPRING,JP500,Shoyu Soya Sauce,,6 X 500ML,29.21,,6.49,,,,O,,V,5021554002192,05021554980643,,
HOUSEHOLD CLEANING PRODUCTS,DRI-PAK,HJ043,Bicarb Cream,,12 X 750ML,19.89,1,3.00,,,,,,V,5056603400087,5056603400193,,
HERBS & SPICES - BULK,BULK WHOLE SPICES,HE021,Peppercorns - black,,1 KG,13.65,,,,,,,,V,5017601520214,,,
CHOCOLATE,MONTEZUMA'S,ZX119,Advent-ure Advent Calendar,,8 X 260G,121.15,1,25.00,,,,,,,,,,
FLAKES; BRANS & WHEATGERM,SUMA PREPACKS,FX049,Oats - Jumbo,,6 X 750G,12.11,,2.69,,,,,,V,5017601039914,05017601039907,,
BREADS & BREAD MIXES,PROBIOS,BT080,No Added Sugar Panettone,,6 X 500G,96.76,,21.49,,,,O,,,8018699024667,18018699024664,,
CHOCOLATE,SUMMERDOWN,KB244,Chocolate Peppermint Thins,,8 X 150G,43.41,1,8.99,,,G,,S,V,5060107650046,85060107650042,,
DESSERTS,THURSDAY COTTAGE,BT082,Christmas Pudding Cello,,12 X 112G,28.27,,3.15,,,,,S,,059471804082,00059471804280,,
BABY CARE,WELEDA,DY471,Calendula Baby Soap,gentlest of vegetable soaps,1 X 100G,3.85,1,6.25,,,,,,,4001638098946,,,
BABY & CHILD FOOD,BEAR,ZX245,Paws- Strawberry & Apple,,4 X 5 X 20G,7.22,,2.39,,,G,,,V,5060139431231,05060139431606,N,
BEANS & PULSES - DRIED,SUMA PREPACKS,PU144,Black Turtle Beans,,6 X 500G,8.78,,1.95,,,,,,V,5017601020486,05017601020479,,
DAIRY CHEESE,LYE CROSS FARM,CV522,Vintage Cheddar Cheese,,10 X 245G,35.87,,4.80,,,,O,,,5027632000531,05027632001972,,
FAR EASTERN FOOD,CLEARSPRING,JP130,Tamari Soy Sauce Double Strnth,Double strength,6 X 150 ML,17.96,,3.99,,,G,O,,V,5021554002215,05021554980636,,
HOUSEHOLD CLEANING PRODUCTS,DRI-PAK,HJ064,Citric Acid,Natural descaler,6 X 250G,8.99,1,2.50,,,,,,V,5011289001935,05011289001942,,
NUTS & SEEDS,SUMA BAGGED DOWN,HE026,Poppy Seeds,,1 KG,5.99,,,,,,,,V,5017601520269,,,
CHOCOLATE,MONTEZUMA'S,ZX775,Absolute Black Button,100% Pure Cocoa,8 X 120G,26.52,1,5.50,,,G,,,V,5060719928120,5060719928137,N,
FLAKES; BRANS & WHEATGERM,BULK COMMODITIES - ORGANIC,FX503,Oats - Jumbo - Organic,,25 KG,47.92,,,,,,O,,V,,,,
BURGERS SAUSAGES & TVP MIXES,PROTOVEG,VF839,Sausage Mix,,10 KG,68.46,,,,,,,,V,5050665012998,,,
CHOCOLATE,SUMMERDOWN,KB257,Mint Chocolate Collection,after dinner chocolates,8 X 170G,41.53,1,8.99,,,G,,S,,5060107650268,85060107650264,,
DESSERTS,THURSDAY COTTAGE,BT099,Christmas Pudding Cello,,6 X 454G,45.71,,10.15,,,,,S,,059471802026,00059471802125,,
BODY CARE,WELEDA,DY363,Sea Buckthorn Shower Cream,Vitality,1 X 200ML,4.50,1,7.50,B,,,,,V,7611916124518,07611916824517,,
SWEET SNACKS,BEAR,ZX013,Yoyos - Raspberry Multipack,,6 X 5 X 20G,11.18,,2.49,,,G,,,V,5060139430647,05060139430654,,
BEANS & PULSES - DRIED,SUMA BAGGED DOWN,PU147,Black Turtle Beans,,3 KG,7.65,,,,,,,,V,5017601009573,,,
WATERS,CHEDDAR WATER,WA011,Natural Spring Water Sparkling,Bottled at organic land,12 X 750ML,9.29,1,1.25,,,,,,V,5060113160072,,,
FAR EASTERN FOOD,CLEARSPRING,JP501,Tamari Soya Sauce,,6 X 500ML,47.25,,10.49,,,G,O,,V,5021554002222,05021554980629,,
HOUSEHOLD CLEANING PRODUCTS,DRI-PAK,HJ397,Dishwasher Salt,,8 X 1KG,9.29,1,1.89,,,,,,V,5056603400001,5056603400049,,
HERBS & SPICES - BULK,LAHDE,HE027,Vanilla Pods,,10 PACK,16.40,,,,,,,,V,5017601520276,,,
CHOCOLATE,MONTEZUMA'S,WS288,Blondie Button,,8 X 120G,26.52,1,5.50,,,G,,S,,5060719928106,5060719928113,N,
FLAKES; BRANS & WHEATGERM,SUMA PREPACKS - ORGANIC,FX047,Oats - jumbo; organic,,6 X 750G,15.71,,3.49,,,,O,,V,5017601039877,05017601039860,,
BREADS & BREAD MIXES,PROBIOS,BT063,Chocolate Panettone,With Sourdough,6 X 500G,94.50,,20.99,,,,O,S,V,8018699022496,18018699022493,,
CHOCOLATE,SUMMERDOWN,KB008,Chocolate Peppermint Creams,Dark Chocolate,8 X 200G,43.42,1,8.99,,,G,,S,V,5060107650008,85060107650004,,
JAMS & FRUIT SPREADS,THURSDAY COTTAGE,JS043,Deluxe Christmas Trio GiftPack,,6 X 3 X 112G,46.23,,10.29,,,,,S,V,0594712034080,00059471204189,,
BABY CARE,WELEDA,DY536,Calendula Shampoo & Body Wash,gently cleanses sensitive skin,200ML,5.33,1,8.25,,,,,,V,4001638096515,,,
SWEET SNACKS,BEAR,ZX448,Strawberry & Apple,,18 X 20G,7.78,,0.54,,,G,,,V,5060139433396,05060139433402,,
CRISPS & SNACKS,BLANCO NINO,ZX794,Tortilla Chips Blue Corn,,8 X 170G,16.69,,2.99,,,G,,,V,5391528040278,05391528040452,N,
WATERS,CHEDDAR WATER,WA007,Natural Spring Water Still,Bottled at organic land,12 X 750ML,9.29,1,1.25,,,,,,V,5060113160003,,,
HOUSEHOLD CLEANING PRODUCTS,DRI-PAK,HJ022,Soda Crystals,Popular effective M/P cleaner,6 X 1KG,8.99,1,2.30,,,,,,V,5011289000297,5011289000426,,
DAIRY CHEESE,ORGANIC HERD,CV452,Mild Cheddar Cheese,,12 X 200G,31.54,,3.50,,,,O,,,5060359620347,15060359620344,,
CHOCOLATE,MONTEZUMA'S,KB221,Black Forest Gateau Bar,Dark Chocolate With Cherry,12 X 90G,23.90,1,3.20,,,,,S,V,5060719920285,5060719920292,N,
FLAKES; BRANS & WHEATGERM,BULK COMMODITIES,FX504,Oats - jumbo,,25 KG,28.75,,,,,,,,V,,,,
BREADS & BREAD MIXES,PROBIOS,BT066,Spelt Panettone,With Sourdough,6 X 500G,85.50,,18.99,,,,O,S,V,8018699017898,08018699517892,,
CHOCOLATE,SUMMERDOWN,KB009,Peppermint Truffles,Dark Chocolate,10 X 100G,54.28,1,8.99,,,G,,S,,5060107650275,85060107650271,,
JAMS & FRUIT SPREADS,THURSDAY COTTAGE,JS044,Deluxe Curd Trio Gift Pack,,6 X 3 X 110G,46.23,,10.29,,,,,S,,059471206084,00059471206183,,
BODY CARE,WELEDA,DY084,Skin Food - Cult Duo Gift Set,original & light skin food,EACH,8.90,1,15.00,B,F,,,,V,5013455499263,,,
SWEET SNACKS,BEAR,ZX012,Yoyos - Strawberry Multipack,,6 X 5 X 20G,11.18,,2.49,,,G,,,V,5060139430364,05060139430517,,
CRISPS & SNACKS,BLANCO NINO,ZX797,Tortilla Chips Creamy Jalapeno,,8 X 170G,16.69,,2.99,,,G,,,V,5391528040483,05391528040490,N,
COCOA,CHEERFUL BUDDHA,TE077,Cacao Bliss w/Mushroom Extract,,6 X 150G,58.46,,12.99,,,G,,,V,0794712650225,0754590813914,,
HOUSEHOLD CLEANING PRODUCTS,DRI-PAK,HJ396,White Vinegar 750ml,,12 X 750ML,19.49,1,3.00,,,,,,V,5056603400094,5056603400209,,
DAIRY CHEESE,ORGANIC HERD,CV480,Extra Mature Cheddar Cheese,,12 X 200G,33.60,,3.75,,,,O,,,5060359620361,15060359620368,,
HERBS & SPICES - BULK,LAHDE,HE054,Turmeric Powder,,700G,5.56,,,,,,,,V,5017601046073,05017601046073,,
CHOCOLATE,MONTEZUMA'S,KB617,Splotch Milk Chocolate Bar,54% Milk; Butterscotch,12 X 90G,23.90,1,3.20,,,,O,S,,5060719920346,5060719920353,N,
FLAKES; BRANS & WHEATGERM,SUMA BAGGED DOWN,FX104,Oats - Porridge,,10 KG,16.95,,,,,,,,V,5017601035732,,,
BREADS & BREAD MIXES,PROBIOS,BT064,Traditional Panettone,With Sourdough,6 X 500G,85.50,,18.99,,,,O,S,V,8018699017904,08018699517909,,
VEGETABLES,ORGANICO,KJ016,Artichoke Hearts - og,In Herb & Oil Marinade,5 X 190G,18.56,,4.95,,F,,O,,V,5034210130061,05034210920211,,
BAKING SUNDRIES,TAYLOR & COLLEDGE,LJ025,Lemon Extract,,6 X 50ML,17.79,,3.95,,,,,,V,96211960,15000254023321,,
BODY CARE,WELEDA,DY152,Spray Deodorant - Citrus,refreshing citrus fragrance,100ML,8.25,1,12.99,,,,,,V,4001638097079,,,
SWEET SNACKS,BEAR,ZX050,Yoyos - Apple Multipack,,6 X 5 X 20G,11.18,,2.49,,F,,,,V,5060139430913,05060139430937,,
CRISPS & SNACKS,BLANCO NINO,ZX791,Tortilla Chips Chilli & Lime,,8 X 170G,16.69,,2.99,,,G,,,V,5391528040292,05391528040445,N,
COFFEE SUBSTITUTES,CHEERFUL BUDDHA,TE090,Lion's Mane Latte,,6 X 150G,58.46,,12.99,,,G,,,V,0754590387361,0754590813907,,
BODY CARE,DR ORGANIC,DY647,Rose Otto Deodorant,,6 X 50ML,22.80,1,6.99,,,,,,V,5060176676381,5060176676398,,
DAIRY CHEESE,ORGANIC HERD,CV453,Mature Cheddar Cheese,,12 X 200G,31.54,,3.50,,,,O,,,5060359620354,15060359620351,,
EGGS,THE LAKES FREE-RANGE EGG CO.,LJ794,Organic Medium Eggs,,PER DOZ,3.85,,5.10,,,,O,,,05034399000001,,,
CHOCOLATE,MONTY BOJANGLES,KB259,Caramel Cookie Crumb Truffles,,7 X 100G,12.00,1,2.75,,,,,S,,5060980961574,,,
FLAKES; BRANS & WHEATGERM,SUMA PREPACKS,FX051,Oats - porridge,,6 X 750G,12.11,,2.69,,,,,,V,5017601039938,05017601039921,,
BREADS & BREAD MIXES,PROBIOS,BT293,Spelt Sourdough Panettone,,12 X 300G,99.86,,11.09,,,,O,S,V,8018699024568,18018699024565,,
TOMATOES & TOMATO PRODUCTS,ORGANICO,KJ010,Sundried Tomatoes - og,In Herb & Oil Marinade,5 X 190G,18.19,,4.89,,F,,O,,V,5034210130054,05034210920204,,
BAKING SUNDRIES,TAYLOR & COLLEDGE,LJ037,Orange Extract,,6 X 50ML,17.79,,3.95,,,,,,V,96211977,15000254023338,,
BODY CARE,WELEDA,DY720,Pomegranate & Maca Eye Cream,Firming Eye Cream,12ML,14.65,1,24.95,B,,,,,V,4001638580144,,,
SWEET SNACKS,BEAR,ZX525,Yoyo Pure Fruit Rolls-Blackcur,,18 X 20G,7.78,,0.55,,,G,,,V,5060139431460,05060139431477,,
CRISPS & SNACKS,BLANCO NINO,ZX790,Tortilla Chips Lightly Salted,,8 X 170G,16.69,,2.99,,,G,,,V,5391528040216,05391528040438,N,
COFFEE SUBSTITUTES,CHEERFUL BUDDHA,TE121,Matcha Latte,Ceremonial Grade Matcha,6 X 150G,67.46,,14.99,,,G,,,V,0794712650218,0754590813921,,
BODY CARE,DR ORGANIC,DY728,Aloe Vera Duo,body oil & body wash,6 X 1 PACK,22.74,1,12.99,,,,O,,V,5060391848990,5060391849003,,
DAIRY BUTTER; CREAM & MILK,ORGANIC HERD,CV545,Salted Butter,,10 X 250G,28.29,,3.79,,,,O,,,5060359620385,15060359620382,,
BISCUITS CRACKERS & CRISPBREAD,LAZY DAY,BT019,Chocolate Tiffin,gluten & dairy free,12 X 50G,18.00,,1.99,,,G,,S,V,5060139660082,05060139660341,,
CHOCOLATE,MONTEZUMA'S,KB616,Hot Pickle Milk Chocolate,With Chilli & Lime,12 X 90G,23.90,1,3.20,,,,O,S,,5060719920407,5060719920414,N,
FLAKES; BRANS & WHEATGERM,SUMA BAGGED DOWN - ORGANIC,FX085,Oats - Porridge - Organic,,10 KG,25.45,,,,,,O,,V,5017601160854,,,
BREADS & BREAD MIXES,PROFUSION,BT405,Protein Bread - Rye / Flax,,9 X 250G,23.20,,3.45,,,,O,,V,5032722313439,05032722650718,,
VEGETABLES,ORGANICO,KJ428,Capers,Small Jar,12 X 100G,23.86,,2.65,,,,O,,V,5034210521418,05034210910137,,
DESSERTS,THURSDAY COTTAGE,RT013,Rum Butter 8%ABV,,6 X 210G,20.14,,4.49,,,,,S,,059471807069,00059471807168,,
BODY CARE,WELEDA,DY359,Ginger Energy Shower Gel,Energy,1 X 200ML,4.50,1,7.50,B,,,,,V,7611916160738,07611916860737,,
SWEET SNACKS,BEAR,ZX529,Yoyo Pure Fruit Rolls - Mango,,18 X 20G,7.78,,0.55,,,G,,,V,5060139431019,05060139431026,,
BAKING SUNDRIES,SUMA,LJ223,Gluten Free Xanthan Gum,,6 X 100G,18.20,1,4.85,,,G,,,V,5017601016564,05017601016571,,
SALT & SEASONINGS,DROGHERIA & ALIMENTARI,LJ028,Black Peppercorns Mill,,6 X 45G,12.05,,2.69,,,,,,V,80273561,08004708018895,,
DAIRY BUTTER; CREAM & MILK,ORGANIC HERD,CV548,Unsalted Butter,,10 X 250G,28.29,,3.79,,,,O,,,5060359620378,15060359620375,,
BISCUITS CRACKERS & CRISPBREAD,LAZY DAY,BT017,Millionaire Shortbread,gluten & dairy free,12 X 50G,18.00,,1.99,,,G,,S,V,5060139660105,05060139660327,,
CHOCOLATE,MONTY BOJANGLES,WS123,Choccy Scoffy Grand Trinket,wrapped truffles,4 X 225G,20.97,1,8.49,,,,,S,,5060980961611,05060980961628,,
FLAKES; BRANS & WHEATGERM,BULK COMMODITIES - ORGANIC,FX009,Oats - Porridge - Organic,,20 KG,38.33,,,,,,O,,V,,,,
SALT & SEASONINGS,PROFUSION,LJ156,Pink Himalayan Salt - Fine,,8 X 140G,16.37,,2.69,,,,,,V,5032722309708,05032722652125,,
VEGETABLES,ORGANICO,KJ429,Capers,Large Jar,12 X 250G,40.06,,4.49,,,,O,,V,5034210130153,05034210910571,,
SWEET SNACKS,MARSEL DELIGHTS,ZX279,Hazelnut Turkish Delights,with caramel,6 X 99G,17.14,1,4.90,,,,,S,V,8682887935259,8682887935457,N,
SUPPLEMENTS & REMEDIES,WELEDA,MD597,Hypericum/Calendu Wound Salve,painful cuts and wounds,25G,5.79,1,9.50,,,,,,,5013455061002,,,
SWEET SNACKS,BEAR,ZX550,Yoyo Pure Fruit Rolls-Raspb'ry,,18 X 20G,7.78,,0.55,,,G,,,V,5060139430265,05060139430685,,
SWEET SNACKS,CHEWSY,ZX677,Cinnamon Gum,,12 X 15G,9.65,1,1.29,,,,,,V,5060583260067,5060583260074,,
BODY CARE,DR ORGANIC,DY344,Coconut Body Lotion,,6 X 200ML,30.00,1,8.99,,,,,,,5060176675162,5060176675179,,
BISCUITS CRACKERS & CRISPBREAD,FINN CRISPBREADS,BT002,Original Rye,,12 X 250G,17.54,,1.99,,,,,,V,6410500095668,06410500095651,,
MEAT ALTERNATIVES (CHILLED),HEURA,CV119,Original Burgers,,6 X 200G,20.59,,4.60,,,G,,,V,8436615850013,18436615850058,,
BISCUITS CRACKERS & CRISPBREAD,LAZY DAY,BT032,Orange Tiffin,gluten & dairy free,12 X 50G,18.00,,1.99,,,G,,S,V,5060139660266,05060139660488,,
CHOCOLATE,MONTY BOJANGLES,WS155,Choccy Scoffy Easter Egg Tin,decorated reusable tin,6 X 175G,45.00,1,12.00,,,,,S,,5060980960904,05060980960911,N,
FLAKES; BRANS & WHEATGERM,BULK COMMODITIES - ORGANIC,FX014,Oats - Porridge - Organic,Less processed - more raw type,25 KG,47.92,,,,,,O,,V,,,,
SALT & SEASONINGS,PROFUSION,LJ152,Pink Himalayan Salt - Coarse,,8 X 500G,24.28,,4.05,,,,,,V,5032722309746,05032722646971,,
BISCUITS CRACKERS & CRISPBREAD,ORGANICO,BT065,Classic Grissini - og,,12 X 120G,25.66,,2.89,,,,O,,V,5034210140015,05034210910526,,
SOUPS (CHILLED),TIDEFORD ORGANICS,CV782,Lentil & Spinach Soup,,6 X 560G,14.79,,3.30,,,G,O,,V,5034124007626,05034124007633,,
BODY CARE,WELEDA,DY358,Lavender Shower Cream,Relax,1 X 200ML,4.50,1,7.50,B,,,,,V,7611916160776,07611916860775,,
SWEET SNACKS,BEAR,ZX555,Yoyo Pure Fruit Rolls - Strawb,,18 X 20G,7.78,,0.55,,,G,,,V,5060139430241,05060139430456,,
SWEET SNACKS,CHEWSY,ZX665,Lemon Gum,,12 X 15G,9.65,1,1.29,,,,,,V,5060583260029,5060583260050,,
BODY CARE,DR ORGANIC,DY723,Castor Oil,,6 X 250ML,39.00,1,9.99,,,,O,,V,5060391848327,5060391848334,,
BISCUITS CRACKERS & CRISPBREAD,FINN CRISPBREADS,BT003,Original Rye,,9 X 200G,13.10,,1.99,,,,,,V,6410500090014,06410500090618,,
MEAT ALTERNATIVES (CHILLED),HEURA,CV142,Chorizo,,6 X 216G,19.18,,4.30,,,G,,,V,8437017033653,18437017045769,,
BISCUITS CRACKERS & CRISPBREAD,LAZY DAY,BT023,Rocky Road,gluten & dairy free,12 X 50G,18.00,,1.99,,,G,,S,V,5060139661430,05060139661447,,
CHOCOLATE,MONTEZUMA'S,ZX811,Advent Calendar Dark Chocolate,,8 X 150G,87.31,1,17.99,,,,O,S,V,5060719928304,5060719928311,,
FLAKES; BRANS & WHEATGERM,SUMA PREPACKS - ORGANIC,FX048,Oats - Porridge - Organic,,6 X 750G,15.71,,3.49,,,,O,,V,5017601039891,05017601039884,,
NUTS & SEEDS,PROFUSION,ZX240,Protein Nut Crunch,Roasted & Salted,10 X 45G,18.96,,2.55,,,,O,,V,5032722320086,5032722657526,N,
BISCUITS CRACKERS & CRISPBREAD,ORGANICO,BT067,Spelt Grissini - og,,12 X 120G,28.36,,3.19,,,,O,,V,5034210140022,05034210910557,,
SWEET SNACKS,MARSEL DELIGHTS,ZX271,Pistachio Turkish Delights,,6 X 99G,17.14,1,4.90,,,,,S,V,8682887935167,8682887935396,N,
BODY CARE,WELEDA,DY159,Men's Face & Body Gift Set,shower gel & moisture cream,EACH,14.70,1,25.00,B,F,,,,V,5013455499294,,,
CHOCOLATE,BEECH'S FINE CHOCOLATES,WS097,Dark Chocolate Brazils,,6 X 145G,32.63,1,8.99,,,G,,S,V,5011701002847,5011701002915,,
SWEET SNACKS,CHEWSY,ZX565,Peppermint Gum,,12 X 15G,9.65,1,1.29,,,,,,V,5060583260005,5060583260036,,
SALT & SEASONINGS,DROGHERIA & ALIMENTARI,LJ026,Himalayan Pink Salt,,6 X 90G,10.28,,2.29,,,,,,V,8004708005710,08004708019540,,
TABLE SAUCES,CASA FIRELLI,KJ318,Original Hot Sauce,,6 X 155G,13.79,,3.05,,,,,,V,0810035510197,20810035510191,,
MEAT ALTERNATIVES (CHILLED),HEURA,CV115,Mediterranean Chunks,,6 X 160G,18.94,,4.25,,,G,,,V,8437017032816,18437017045776,,
BISCUITS CRACKERS & CRISPBREAD,LAZY DAY,BT041,Scottish Shortbread,gluten & dairy free,12 X 50G,18.00,,1.99,,,G,,S,V,5060139660006,05060139660402,,
CHOCOLATE,MONTY BOJANGLES,KB263,Dreamy Chocolate Crisp Truffle,,7 X 100G,12.00,1,2.75,,,,,S,,5060980961598,,,
FLAKES; BRANS & WHEATGERM,BULK COMMODITIES,FX010,Oats - Porridge Flakes,,25 KG,28.75,,,,,,,,V,05011371000358,,,
SALT & SEASONINGS,PROFUSION,LJ153,Pink Himalayan Salt Fine,,8 X 500G,24.28,,4.05,,,,,,V,5032722309722,05032722646957,,
BISCUITS CRACKERS & CRISPBREAD,ORGANICO,BT068,Sesame Grissini - og,,12 X 120G,25.66,,2.89,,,,O,,V,5034210140039,05034210910533,,
SWEET SNACKS,MARSEL DELIGHTS,ZX280,Pomegranate Turkish Delights,with raspberry,6 X 99G,17.14,1,4.90,,,,,S,V,8682887935105,8682887935464,N,
BABY CARE,WELEDA,DY466,Calendula Nappy Change Cream,Prevent Soreness; Less Redness,75ML,5.00,1,7.95,,,,,,,4001638098311,,,
CHOCOLATE,BEECH'S FINE CHOCOLATES,KB366,Dark Chocolate Marzipan,,6 X 150G,27.73,1,7.99,,,G,,S,V,5011701000553,05011701000560,,
SWEET SNACKS,CHEWSY,ZX591,Spearmint Gum,,12 X 15G,9.65,1,1.29,,,,,,V,5060583260012,5060583260043,,
BODY CARE,DR ORGANIC,DY423,Lavender Deodorant,,6 X 50ML,22.80,1,6.99,,,,O,,V,5060176671546,5060176671539,,
TABLE SAUCES,CASA FIRELLI,KJ322,Truffle Hot Sauce,,6 X 155G,27.17,,5.99,,,,,,V,0810035510999,10810035510996,,
MEAT ALTERNATIVES (CHILLED),HEURA,CV116,Original Chunks,,6 X 160G,18.68,,4.20,,,G,,,V,8437017032809,18437017045820,,
CRISPS & SNACKS,LOVE CORN,ZX849,Crunchy Corn - BBQ,,6 X 115G,8.35,,1.83,,,G,,,V,5060490400259,05060490400280,N,
CHOCOLATE,MONTEZUMA'S,KB254,Happy Hippy,Dark Choc with Orange/Geranium,12 X 90G,23.90,1,3.20,,,,O,S,V,5060719920162,5060719920179,N,
MIDDLE EASTERN & AFRICAN FOOD,OLIVES ET AL,KJ124,Moroccan Dukkah (spice mix),,6 X 90G,26.91,,5.99,,,,,,V,5055003703088,05055003720160,,
NUTS & SEEDS,PROFUSION,ZX241,Roasted Tamari - Protein Nuts,,10 X 45G,18.96,,2.55,,,,O,,V,5032722320093,5032722657533,N,
HOUSEHOLD PRODUCTS,SEEDBALL,NF081,Wildflower Seeds Clayball x12,Hanging Pack - Mixed Pack,20 X 1 PACK,42.99,1,5.00,,,,,,V,5060336970359,15060336970325,,
SWEET SNACKS,MARSEL DELIGHTS,ZX278,Rose Turkish Delights,with blackberry,6 X 99G,17.14,1,4.90,,,,,S,V,8682887935228,8682887935440,N,
BODY CARE,WELEDA,DY718,Pomegranate & Maca Day Cream,Firming Day Cream,40ML,14.65,1,24.95,B,,,,,V,4001638580052,,,
CHOCOLATE,BEECH'S FINE CHOCOLATES,WS170,Dark Choc Fondant Mini Eggs,55% dark chocolate half eggs,12 X 60G,31.71,1,4.99,,F,G,,S,V,5011701005245,5011701008252,,
BEANS & PULSES - DRIED,SUMA PREPACKS,PU067,Chickpeas,,6 X 500G,8.78,,1.95,,,,,,V,5017601020509,05017601020493,,
FAR EASTERN FOOD,CLEARSPRING,JP110,Tamari Soya Sauce,Double Strength,6 X 1L,85.46,,18.99,,,G,O,,V,5021554986720,05021554986737,,
BODY CARE,DR ORGANIC,DY322,Moroccan Argan Oil Body Lotion,,6 X 200ML,30.39,1,8.99,,,,,,,5060176674882,5060176674899,,
SOFT DRINKS,FIREFLY NATURAL DRINKS,JU348,Kiwi; lime & Mint,Glass Bottles,12 X 330ML,15.45,1,2.05,,,,,,V,5060066441105,05060066449118,,
OILS & FATS,SUMA,GT100,Grapeseed Oil,,6 X 500ML,23.64,,5.25,,,,,,V,5017601810032,,,
CRISPS & SNACKS,LOVE CORN,ZX957,Crunchy Corn - Cheese & Onion,,6 X 115G,8.35,,1.83,,,G,,,V,5060490400709,05060490400730,N,
CHOCOLATE,MONTEZUMA'S,ZX122,Dark Chocolate Snowmen,,20 X 60G,60.58,1,5.00,,,,,,,,,,
MIDDLE EASTERN & AFRICAN FOOD,OLIVES ET AL,KJ123,Preserved Lemons,,6 X 540G,40.89,,9.09,,,,,,V,5055003703187,05055003720511,,
DRINKS (CHILLED),ALPRO,CV087,Soya Fresh - Natural,with calcium & vitamins,6 X 1L,7.61,,1.70,,,,,,V,5411188091912,05411188095569,,
HOUSEHOLD PRODUCTS,SEEDBALL,NF044,Herb Tubes - 5 Herbs to Grow,Basil;Mint;Chive;Parsley;Rockt,21 X 1 PACK,69.00,1,6.50,,,,,,V,,5060336971684,N,
SOUPS (CHILLED),TIDEFORD ORGANICS,CV297,Thai Green Vegetable Soup,,6 X 560G,14.79,,3.30,,,G,O,,V,5034124007725,05034124007732,,
BODY CARE,WELEDA,DY719,Pomegranate & Maca Night Cream,Firming Night Cream,40ML,15.15,1,25.95,B,,,,,V,4001638580106,,,
CHOCOLATE,BEECH'S FINE CHOCOLATES,WS172,Dark Choc Mint Crisp Mini Eggs,mini half eggs,12 X 60G,31.71,1,4.99,,F,G,,S,V,5011701008269,5011701008276,,
BEANS & PULSES - DRIED,SUMA BAGGED DOWN,PU019,Chickpeas,,10 KG,20.95,,,,,,,,V,5017601060192,,,
FAR EASTERN FOOD,CLEARSPRING,JP212,Brown Rice Miso Jar,Unpasteurised; jarred,6 X 300G,26.06,,5.79,,,,O,,V,5021554980056,05021554980544,,
BODY CARE,DR ORGANIC,DY333,Moroccan Argan Pure Oil,,1 X 50ML,10.15,1,17.99,,,,,,V,5060176674844,5060176674851,,
SOFT DRINKS,FIREFLY NATURAL DRINKS,JU180,Pomegranate & Elderflower,Glass bottles,12 X 330ML,15.45,1,2.05,,,,,,V,5060066440801,05060066449088,,
OILS & FATS,SUMA,GT084,Olive Oil - Extra Virgin,,6 X 500ML,42.72,,9.50,,,,,,V,5017601002161,,,
CRISPS & SNACKS,LOVE CORN,ZX607,Crunchy Corn - Habanero,,6 X 115G,8.35,,1.83,,,G,,,V,5060490400266,05060490400297,N,
COCOA,MONTEZUMA'S,TE100,Drinking Chocolate,,5 X 150G,30.29,,8.50,,,,,,,,,,
NUTS & SEEDS,SUMA PREPACKS - ORGANIC,NU097,Almonds; Flaked - Organic,,6 X 125G,13.28,,2.95,,,,O,,V,5017601046080,05017601046097,,
FRUIT - DRIED,SUMA PREPACKS - ORGANIC,DR077,Pitted Prunes - organic,,6 X 250G,19.31,,4.29,,,,O,,V,5017601020806,05017601020790,,
HOUSEHOLD PRODUCTS,SEEDBALL,NF094,Wildflower Seeds Clayball x 6,Match Boxes - Mixed Pack,50 X 1 PACK,79.99,1,3.50,,,,,,V,5060336971165,15060336971162,,
TEAS,CLIPPER,TE507,English Breakfast Organic,,4 X 80 BAGS,12.61,,4.25,,F,G,O,,V,5021991942044,5021991971990,,
BODY CARE,WELEDA,DY357,Pomegranate Shower Cream,Inspire,1 X 200ML,4.50,1,7.50,B,,,,,V,7611916125720,07611916825729,,
CHOCOLATE,BEECH'S FINE CHOCOLATES,KB027,Ginger Creams,dark chocolate,12 X 90G,25.17,1,3.49,,,G,,S,V,5011701000171,5011701000324,,
BEANS & PULSES - DRIED,BULK COMMODITIES,PU018,Chickpeas,,25 KG,35.42,,,,,,,,V,,,,
FAR EASTERN FOOD,CLEARSPRING,JP213,Miso - Hatcho,Unpasteurised; pouch,6 X 300G,25.16,,5.59,,,,O,,V,5021554000655,05021554984320,,
BODY CARE,DR ORGANIC,DY343,Tea Tree Body Lotion,,6 X 200ML,30.00,1,8.99,,,,,,V,5060176670488,5060176670495,,
BAKING SUNDRIES,NIELSEN MASSEY,LJ252,Pure Almond Extract,,8 X 60ML,29.08,,4.85,,,,,,V,025638830027,05015612151519,,
OILS & FATS,SUMA,GT086,Olive Oil - Extra Virgin,,5L,60.00,,80.00,,,,,,V,5017601810865,,,
CHOCOLATE,LOVE COCOA,KB964,Honeycomb Milk Chocolate Bar,,12 X 75G,16.80,1,4.50,,,,,S,,0758114736574,5060561600076,,
CHOCOLATE,MONTEZUMA'S,KB752,Dark Chocolate Sea Dog,With Lime & Sea Salt,12 X 90G,23.90,1,3.20,,,,,,V,5060719920223,5060719920230,N,
BREADS & BREAD MIXES,EVERFRESH NATURAL FOODS,BT048,Malt & Raisin Loaf,,8 X 330G,15.14,,2.49,,,,O,,V,5014653021010,05014653725314,,
FRUIT - DRIED,SUMA PREPACKS,DR108,Prunes - pitted Ashlock,Sorbated,6 X 250G,11.03,,2.45,,,,,,V,5017601019565,05017601019558,,
HOUSEHOLD PRODUCTS,SEEDBALL,NF098,Wildflower Seeds Clayball x20,Tube format - Mixed Packs,21 X 1 PACK,57.99,1,6.00,,,,,,V,5060336971103,15060336971193,N,
COFFEE,SUMA ORGANIC,TE103,Colombia Beans,Strength 4; Apple / Caramel,1 KG,25.55,,34.05,,F,,O,,V,5017601030058,,,
TOOTH CARE,WELEDA,DY224,Mouthwash - Ratanhia,natural antiseptic mouthwash,1 X 50ML,6.50,1,10.50,,,,,,,4001638098069,,,
CHOCOLATE,BEECH'S FINE CHOCOLATES,WS096,Dark Chocolate Ginger,,6 X 200G,32.63,1,8.99,,,G,,S,V,5011701007156,5011701020544,,
BEANS & PULSES - DRIED,SUMA BAGGED DOWN,PU143,Chickpeas,,3 KG,6.49,,,,,,,,V,5017601061434,,,
FAR EASTERN FOOD,CLEARSPRING,JP211,Barley Miso Jar,Unpasteurised; jarred,6 X 300G,31.46,,6.99,,,,O,,V,5021554980070,05021554980537,,
BODY CARE,DR ORGANIC,DY334,Tea Tree Deodorant,,6 X 50ML,22.80,1,6.99,,,,O,,V,5060176671508,5060176671515,,
INTIMATE CARE,HERE WE FLO,NF030,Bamboo Day & Night Pads Pack,10 X Day Pads; 5 x Night Pads,8 X 15 PADS,20.49,,3.95,,,,O,,V,5060630100018,15060630100015,,
OILS & FATS,SUMA ORGANIC,GT085,Olive Oil - Extra Virgin,Organic,6 X 500ML,47.22,,10.49,,,,O,,V,5017601002154,,,
CHOCOLATE,LOVE COCOA,WS044,Mixed Chocolate Pouch,,8 X 120G,25.15,1,5.50,,,,,,,,,,
CHOCOLATE,MONTEZUMA'S,KB187,Mini Eggs Peanut Butt Dk Choc,With Peanut Butter,7 X 120G,24.30,1,5.50,,,G,,,V,5060719927239,5060719927246,N,
BREADS & BREAD MIXES,EVERFRESH NATURAL FOODS,BT934,Sprouted Rye Bread,,8 X 400G,16.71,,2.79,,,,O,,V,5014653025292,05014653725291,,
FRUIT - DRIED,SUMA PREPACKS,DR140,Prunes - pitted Ashlock,Sorbated,6 X 500G,18.86,,4.19,,,,,,V,5017601020226,05017601020219,,
HOUSEHOLD PRODUCTS,SEEDBALL,NF066,Wildlife Collection Gift Set,Six Packs,6 X 1 PACKS,42.00,1,15.00,,,,,,V,5060336970625,15060336970622,,
HERB & FRUIT TEA INFUSIONS,CLIPPER,TE450,Blackcurrant & Blueberry,Plastic Free; Unbleached Bags,4 X 20 BAGS,9.59,,3.19,,,G,O,,V,5021991945168,5021991975974,,
BODY CARE,WELEDA,DY522,Revitalising Hair Conditioner,For stronger; healthier hair,150ML,7.12,1,11.95,,,,,,V,4001638580779,,,
CHOCOLATE,BEECH'S FINE CHOCOLATES,WS173,Milk Choc Caramel Mini Eggs,caramel crunch mini half eggs,12 X 60G,31.71,1,4.99,,F,G,,S,V,5011701008283,5011701008290,,
BEANS & PULSES - DRIED,BULK COMMODITIES - ORGANIC,PU020,Organic Black Turtle Beans,,25 KG,74.55,,,,,,O,,V,,,,
TABLE SAUCES,CHIMMY'S,KJ414,Chimichurri - Classic,,6 X 265G,23.15,,5.19,,,G,,,V,0660111203105,0740111128582,,
FAR EASTERN FOOD,CLEARSPRING,JP086,Sweet White Miso - Organic,,6 X 250G,22.46,,4.99,,,,O,,V,5021554000747,05021554987932,,
BODY CARE,DR SHEA,DY803,African Black Soap,Fragrance Free,1 X 100G,3.25,1,4.99,,,,O,,V,5060506220222,25060506220226,,
INTIMATE CARE,HERE WE FLO,NF238,XO! Hi-Sensation Vegan Condoms,,8 X 6,27.95,5,9.99,,,,O,,V,5060630100193,15060630100190,,
OILS & FATS,SUMA ORGANIC,GT087,Olive Oil - Extra Virgin,Organic,5L,67.50,,90.00,,,,O,,V,5017601810872,,,
CHOCOLATE,LOVE COCOA,KB963,Salted Caramel Milk Chocolate,,12 X 75G,16.80,1,4.50,,,,,S,,5060561600519,5060561600571,,
CHOCOLATE,MONTEZUMA'S,KB186,Darkside 51% Milk Chocolate,,12 X 90G,23.90,1,3.20,,,,O,S,,5060719920360,5060719920377,N,
BREADS & BREAD MIXES,EVERFRESH NATURAL FOODS,BT935,Sprouted Spelt Bread,,8 X 400G,22.54,,3.75,,,,O,,V,5014653025254,05014653725253,,
FRUIT - DRIED,SUMA PREPACKS - ORGANIC,DR253,Pitted Prunes - organic,,6 X 500G,35.79,,7.95,,,,O,,V,5017601020820,05017601020813,,
HOUSEHOLD PRODUCTS,SEEP,NF368,Eco Sponge Cloths,2 pack,15 X 2 PACK,39.54,1,4.45,,,,,,V,5060812060543,15060812060540,,
HERB & FRUIT TEA INFUSIONS,CLIPPER,TE788,Chamomile,,6 X 20 BAGS,12.76,,2.85,,,,O,,V,5021991200021,05021991500275,,
BODY CARE,WELEDA,DY232,Revitalising Hair Tonic,For stronger; healthier hair,100ML,8.49,1,15.95,B,,,,,V,4001638095617,,,
CHOCOLATE,BEECH'S FINE CHOCOLATES,KB339,Mint Creams,fondant centres,12 X 90G,25.17,1,3.49,,,G,,S,V,5011701000027,5011701000218,,
BEANS & PULSES - DRIED,SUMA BAGGED DOWN - ORGANIC,PU031,Black Turtle Beans - Organic,,3 KG,11.39,,,,,,O,,V,05017601039723,,,
BEANS & PULSES - DRIED,SUMA BAGGED DOWN - ORGANIC,PU117,Chickpeas - organic,,1 KG,3.49,,,,,,O,,V,5017601060963,,,15 SEP 25
FAR EASTERN FOOD,CLEARSPRING,JP321,Instant Miso Soup and Sea Veg,,8 X 4X10G,23.94,,3.99,,,,O,,V,5021554985747,05021554985754,,
BODY CARE,DR SHEA,DY804,African Black Soap Coconut,with coconut oil,1 X 100G,3.25,1,4.99,,,,O,,V,5060506220239,15060506220236,,
INTIMATE CARE,HERE WE FLO,NF239,XO! Ultra-Thin Vegan Condoms,,8 X 6,27.95,5,9.99,,,,O,,V,5060630100124,15060630100121,,
OILS & FATS,SUMA ORGANIC,GT091,Sunflower Oil - Organic,cold pressed,5L,30.00,,39.99,,,,O,,V,5017601810919,,,
CRISPS & SNACKS,LOVE CORN,ZX621,Sour Cream & Chive,,6 X 115G,8.35,,1.83,,,G,,,V,5060490401423,05060490401430,N,
CHOCOLATE,MONTEZUMA'S,KB194,Chilli Bonkers,Dark Chocolate with Chilli,12 X 90G,23.90,1,3.20,,,,O,S,V,5060719920308,5060719920315,N,
BREADS & BREAD MIXES,EVERFRESH NATURAL FOODS,BT086,Sprouted Wheat Bread,,8 X 400G,16.54,,2.75,,,,O,,V,5014653025018,5014653025018,,
FRUIT - DRIED,BULK COMMODITIES - ORGANIC,DR142,Prunes - Organic,Whole Pitted,12.5 KG,126.30,,,,,,O,,V,,,,
HOUSEHOLD PRODUCTS,SEEP,NF369,Copper Scourers,2 pack,10 X 2 PACK,27.00,1,4.45,,,,,,V,5060812061052,15060812061059,,
HERB & FRUIT TEA INFUSIONS,CLIPPER,TE960,Lemon & Ginger,,6 X 20BAGS,12.76,,2.85,,,,O,,V,5021991200083,05021991500626,,
BODY CARE,WELEDA,DY521,Revitalising Hair Shampoo,For stronger; healthier hair,250ML,7.12,1,11.95,,,,,,V,4001638530378,,,
CHOCOLATE,BEECH'S FINE CHOCOLATES,KB019,Orange Creams,dark chocolate,12 X 90G,25.17,1,3.49,,,,,S,V,5011701000034,5011701000225,,
BEANS & PULSES - DRIED,SUMA PREPACKS - ORGANIC,PU034,Black Turtle Beans,,6 X 500G,13.46,,2.99,,,,O,,V,5017601039716,05017601039709,,
BEANS & PULSES - DRIED,BULK COMMODITIES - ORGANIC,PU140,Chickpeas - organic,,25 KG,55.60,,,,,,O,,V,,,,
FAR EASTERN FOOD,CLEARSPRING,JP091,Japanese Hokkaido Kombu,,5 X 40G,20.59,,5.49,,,,,,V,5021554001157,05021554001140,,
BODY CARE,DR SHEA,DY806,African Black Soap Tea Tree,with tea tree oil,1 X 100G,3.25,1,4.99,,,,O,,V,5060506220284,15060506220281,,
INTIMATE CARE,HERE WE FLO,NF017,Bamboo Day Pads,,8 X 16,20.49,,3.95,,,,O,,V,5060630100643,15060630100640,,
OILS & FATS,SUMA ORGANIC,GT080,Sunflower Oil - Organic,Cold Pressed,6 X 500ML,21.36,,4.75,,,,O,,V,5017601002178,,,
CRISPS & SNACKS,LOVE CORN,ZX608,Sea Salt,,6 X 115G,8.35,,1.83,,,G,,,V,5060490400242,05060490400273,N,
CHOCOLATE,MONTY BOJANGLES,WS154,Flutter Scotch Egg & Truffles,truffles in a decorated tin,6 X 175G,45.00,1,12.00,,,,,S,,5060980960928,05060980960935,N,
FAR EASTERN FOOD,OCEAN'S HALO,VF070,Miso Broth,,6 X 946ML,19.09,,4.25,,,G,O,,V,851899005757,10851899005754,,
FRUIT - DRIED,SUMA BAGGED DOWN - ORGANIC,DR052,Prunes; pitted - organic,,1 KG,12.99,,,,,,O,,V,5017601031475,,,
HOUSEHOLD PRODUCTS,SEEP,NF067,Bamboo All Purpose Cloth,,10 X SINGLE,18.77,1,3.15,,,,,,V,5060812060512,15060812060519,,
BODY CARE,WELEDA,DY151,Spray Deodorant - Sage,fresh herbal fragrance,100ML,8.25,1,12.99,,,,,,V,4001638099271,,,
HOUSEHOLD CLEANING PRODUCTS,CAMBRIDGE TRADITIONAL PRODUCTS,HJ017,Pure Beeswax,,16 X 1OZ,25.49,1,2.59,,,,,,,,5034636000115,,
CRISPS & SNACKS,BLANCO NINO,ZX796,Tortilla Chips Smoky Chipotle,,8 X 170G,16.69,,2.99,,,G,,S,V,5391528040469,05391528040476,N,
BEANS & PULSES - DRIED,SUMA BAGGED DOWN - ORGANIC,PU190,Chickpeas - organic,,3 KG,8.99,,,,,,O,,V,5017601009627,,,
FAR EASTERN FOOD,CLEARSPRING,JP071,Nori,10 sheets,6 X 25G,17.96,,3.99,,,,,,V,5021554001065,05021554980834,,
BODY CARE,DR SHEA,DY801,Organic Coconut Body Butter,,1 X 200ML,8.00,1,14.99,,,,O,,V,5060506220086,15060506220083,,
INTIMATE CARE,HERE WE FLO,NF010,Bamboo Liners,,12 X 24,25.39,,3.29,,,,O,,V,5060630100001,15060630100008,,
MAYONNAISE & SALAD DRESSINGS,HUNTER AND GATHER,KJ330,Avocado Oil Mayonnaise Classic,,6 X 175G,21.55,,4.79,,,,,,,0604565083791,0604565083838,,
CRISPS & SNACKS,LOVE CORN,ZX852,Crunchy Corn - Salt & Vinegar,,6 X 115G,8.35,,1.83,,,G,,,V,5060490400396,05060490400419,N,
CHOCOLATE,MONTEZUMA'S,WS286,Giant Milk Chocolate Buttons,,8 X 120G,17.50,1,3.50,,,G,,S,,5060719928069,5060719928076,,
FAR EASTERN FOOD,OCEAN'S HALO,VF069,No Chicken Broth,,6 X 946ML,19.09,,4.25,,,G,O,S,V,811670030705,10811670030702,,
FRUIT - DRIED,SUMA BAGGED DOWN - ORGANIC,DR081,Prunes; pitted - organic,,2.5 KG,30.75,,,,,,O,,V,5017601340812,,,
HOUSEHOLD PRODUCTS,SEEP,NF037,Rubber Gloves Large,Compostable,12 X 1 PAIR,24.84,1,3.55,,F,,,,V,5060812060109,5060812060475,,
BODY CARE,WELEDA,DY360,Sea Buckthorn Shower Cream,Vitality,400ML,7.50,1,12.50,B,,,,,V,7611916164552,07611916864551,,
FRUIT & VEGETABLE JUICES,BEET IT,JU201,Beet It Shot,,15 X 70ML,22.11,,1.99,,,,O,,V,5020934007017,05020934923584,,
FRUIT - DRIED,BULK COMMODITIES,DR528,Blueberries,,10 KG,165.83,,,,,,,S,V,,,,
BEANS & PULSES - DRIED,SUMA PREPACKS - ORGANIC,PU369,Chickpeas - organic,,6 X 500G,11.21,,2.49,,,,O,,V,5017601022404,05017601022398,,
FAR EASTERN FOOD,CLEARSPRING,JP060,Brown Rice Vinegar - Organic,,6 X 150ML,12.11,,2.69,,,,O,,V,5021554001164,05021554980803,,
BODY CARE,DR SHEA,DY802,Organic Tea Tree Body Butter,,1 X 200ML,8.00,1,14.99,,,,O,,V,5060506220116,15060506220113,,
INTIMATE CARE,HERE WE FLO,NF060,Bamboo Ultra-Long Pads,,8 X 10,20.49,,3.95,,,,O,,V,5060630100667,15060630100664,,
MAYONNAISE & SALAD DRESSINGS,HUNTER AND GATHER,KJ329,Avocado Oil Mayonnaise Garlic,,6 X 175G,21.55,,4.79,,,,,,,0604565083807,0634114009118,,
CHOCOLATE,LOVE COCOA,WS053,5 Piece Truffle Box,,8 X 50G,32.00,1,6.50,,,,,,,,,,
CHOCOLATE,MONTEZUMA'S,WS287,Giant Dark Chocolate Buttons,,8 X 120G,17.50,1,3.50,,,G,,S,V,5060719928083,5060719928090,N,
FAR EASTERN FOOD,OCEAN'S HALO,VF072,Pho Broth,,6 X 946ML,19.09,,4.25,,,G,O,S,V,811670030125,10811670030122,,
FRUIT - DRIED,SUMA BAGGED DOWN,DR239,Prunes - pitted; Ashlock,Sorbated,1 KG,7.05,,,,,,,,V,5017601009153,,,
HOUSEHOLD PRODUCTS,SEEP,NF015,Rubber Gloves Medium,Compostable,12 X 1 PAIR,24.84,1,3.55,,F,,,,V,5060812060093,15060812060090,,
BODY CARE,WELEDA,DY721,Pomegranate & Maca Face Serum,Firming Serum,30ML,16.99,1,28.95,B,,,,,V,4001638580007,,,
CHOCOLATE,BEECH'S FINE CHOCOLATES,WS006,Dark Chocolate Ginger Thins,,8 X 150G,38.01,1,7.99,,F,G,,S,V,5011701021442,05011701021466,,
HERBS & SPICES - PREPACKED,BLACK GARLIC,HE068,Black garlic Balsajo,Aged Garlic,1 X 50G,3.11,,4.15,,,,,,V,5060199660008,,,
TABLE SAUCES,CHIMMY'S,KJ415,Chimichurri - Smoky BBQ,,6 X 265G,23.15,,5.19,,,G,,,V,0660111203129,0740111128605,,
FAR EASTERN FOOD,CLEARSPRING,JP134,Mikawa Mirin,,6 X 150ML,22.46,,4.99,,,,O,,V,5021554984108,05021554984115,,
CIDERS,DUNKERTONS,RT041,Black Fox Organic Cider,Medium Dry 6.8% ABV,12 X 500ML,36.16,1,4.85,,,G,O,S,V,5023295000710,5023295000048,,
INTIMATE CARE,HERE WE FLO,NF041,Bamboo Night Pads,,8 X 14,20.49,,3.95,,,,O,,V,5060630100650,15060630100657,,
SUPERFOODS & SPORTS NUTRITION,HUNTER AND GATHER,VM062,Electrolytes v2 - Mixed Berry,30 Day Supply,1 X 30,19.13,1,29.75,,,G,,,V,5060972180914,5060972180921,,
CHOCOLATE,LOVE COCOA,WS265,Billionaires Caramel Egg,milk chocolate,10 X 150G,45.00,1,14.50,,,,,S,,5061013671156,5061013671163,,
CHOCOLATE,MONTEZUMA'S,KB146,Milk Chocolate Happiness,With Salted Caramelised Hazels,12 X 90G,23.90,1,3.20,,,,,S,,5060719920421,5060719920438,N,
FAR EASTERN FOOD,OCEAN'S HALO,VF076,Ramen Broth,,6 X 946ML,19.09,,4.25,,,G,O,,V,851899005764,10851899005761,,
FRUIT - DRIED,BULK COMMODITIES,DR801,Prunes - Pitted Ashlock,Sorbated,10 KG,48.57,,,,,,,,V,,,,
HOUSEHOLD PRODUCTS,SEEP,NF043,Loofah Scourer Single,100% Plastic Free,10 X SINGLE,16.20,1,2.39,,,,,,V,5060812060208,15060812060205,,
BODY CARE,WELEDA,DY134,Skin Food Body Butter,,150ML,14.95,1,23.99,B,F,,,,V,4001638526708,,,
CHOCOLATE,BEECH'S FINE CHOCOLATES,WS010,Lime & Chilli Thins,Dark Chocolate,8 X 150G,38.01,1,7.99,,F,G,,S,V,5011701021527,05011701021541,,
FAR EASTERN FOOD,BLUE DRAGON,LJ130,Coconut Milk,,6 X 400ML,11.71,,2.59,,,,,,V,5010338014339,05015612013398,,
TABLE SAUCES,CHIMMY'S,KJ417,Chimichurri - Spicy,,6 X 265G,23.15,,5.19,,,G,,,V,0660111203112,0740111128599,,
FAR EASTERN FOOD,CLEARSPRING,JP021,Wasabi Powder,,6 X 25G,17.96,,3.99,,,,,,V,5021554988083,05021554988076,,
CIDERS,DUNKERTONS,RT054,Organic Craft Cider,Medium Sparkling 5% ABV,12 X 500ML,34.63,1,4.65,,,G,O,S,V,5023295000307,05023295000321,,
INTIMATE CARE,HERE WE FLO,NF009,Eco-Applicator Tampons,,12 X 14,36.99,,4.39,,,,O,,V,5060630100063,15060630100060,,
MAYONNAISE & SALAD DRESSINGS,HUNTER AND GATHER,KJ332,Egg Free Olive Oil Mayo,Classic,6 X 250G,26.97,,5.99,,,G,,,V,5060972180006,5060972180013,,
BISCUITS CRACKERS & CRISPBREAD,LAZY DAY,BT436,Orange Tiffin,gluten & dairy free,8 X 150G,23.43,,3.89,,,G,,S,V,5060139660273,05060139660495,,
CHOCOLATE,MONTEZUMA'S,ZX334,Advent Calendar Milk Chocolate,,8 X 150G,87.31,1,17.99,,,,O,S,,5060719928328,5060719928335,,
SEA VEGETABLES,OCEAN'S HALO,HE007,Sea Salt Seaweed,,20 X 4G,14.76,,0.99,,,,O,,V,0811670031504,10811670031501,,
FLOURS & BREAD MIXES,BULK COMMODITIES,FG049,Semolina - fine,,25 KG,34.72,,,,,,,,V,,,,
BODY CARE,WELEDA,DY116,Skin Food - Face Care Gift Set,cleanser;skin food; lip balm,EACH,20.80,1,35.00,B,F,,,,,5013455499287,,,
CHOCOLATE,BEECH'S FINE CHOCOLATES,WS012,Dark Chocolate Mint Thins,,8 X 150G,38.01,1,7.99,,F,G,,S,V,5011701021626,05011701021602,,
FAR EASTERN FOOD,BLUE DRAGON,VF820,Spring Roll Wrappers,,12 X 134G,13.37,,1.49,,,,,,V,5010338015817,05015612015811,,
NUTS & SEEDS,SUMA BAGGED DOWN,NU054,Chia Seeds,,1 KG,4.99,,,,,,,,V,5017601037330,,,
FAR EASTERN FOOD,CLEARSPRING,JP077,Brown&Wild Rice w/Tamari Sauce,Microwaveable Pouch,5 X 250G,13.84,,3.69,,,G,O,,V,5021554000082,05021554000099,,
CIDERS,DUNKERTONS,RT053,Premium Reserve Organic Cider,Medium Dry Sparkling 6.8% ABV,12 X 500ML,36.16,1,4.85,,,G,O,S,V,5023295000017,05023295000161,,
MEAT ALTERNATIVES (CHILLED),FLORENTIN,CV930,Falafel,,6 X 240G,20.37,,4.55,,,G,O,,V,8714685000010,08714685005008,,
OILS & FATS,HUNTER AND GATHER,GT057,Extra Virgin Avocado Oil,Cold Pressed,6 X 250ML,27.88,,6.20,,,G,,,V,634114009156,634114009149,,
BISCUITS CRACKERS & CRISPBREAD,LAZY DAY,BT437,Rocky Road,suitable for coeliacs & vegans,8 X 150G,23.43,,3.89,,,G,,S,V,5060139660846,05060139660839,,
CHOCOLATE,MONTEZUMA'S,KB191,Smooth Operator Milk Chocolate,,12 X 90G,23.90,1,3.20,,,,O,S,,5060719920322,5060719920339,N,
SEA VEGETABLES,OCEAN'S HALO,HE171,Sushi Nori Wrap,,12 X 28G,35.91,,3.99,,,G,O,,V,851899005108,10851899005105,,
FLOURS & BREAD MIXES,SUMA PREPACKS,FG038,Semolina Flour - Fine,,6 X 500G,8.96,,1.99,,,,,,V,5017601037590,05017601037583,,
BODY CARE,WELEDA,DY924,Skin Food Light,,30ML,6.89,1,10.99,B,,,,,,4001638501484,,,
BEANS & PULSES - DRIED,SUMA BAGGED DOWN,PU026,Beluga Lentils,,3 KG,11.75,,,,,,,,V,05017601040620,,,
FRUIT - DRIED,SUMA BAGGED DOWN,DR027,Blueberries,,1 KG,21.49,,,,,,,S,V,5017601027157,,,
NUTS & SEEDS,SUMA PREPACKS,NU151,Chia Seeds,,6 X 250G,8.96,,1.99,,,,,,V,5017601038177,05017601038160,,
BAKING SUNDRIES,CLEARSPRING,LJ138,Agar Agar Flakes Gelling Agent,Atlantic agar agar. Organic,8 X 30G,35.94,,5.99,,,,O,,V,5021554001768,05021554001751,,
FRUIT & VEGETABLE JUICES,DUSKIN,JU639,Apple Juice - Braeburn,English juice - medium,6 X 1L,15.82,1,4.25,,,,,,V,5060128501105,,N,
PATES; DIPS & TAPAS (CHILLED),FLORENTIN,CV951,Baba Ganoush,,6 X 170G,15.73,,3.50,,,G,O,S,V,8714685906978,08714685906985,,
OILS & FATS,HUNTER AND GATHER,GT073,Extra Virgin Olive Oil,,6 X 500ML,59.02,,13.25,,,G,O,,V,0604565349606,0604565349644,,
BISCUITS CRACKERS & CRISPBREAD,LAZY DAY,BT443,Salted Caramel Crispie,gluten & dairy free,8 X 150G,23.43,,3.89,,,G,,S,V,5060139662130,05060139662147,,
CHOCOLATE,MONTEZUMA'S,ZX138,Milk Chocolate Candy Cane Bar,,12 X 90G,29.06,1,4.00,,,,,,,,,,
FAR EASTERN FOOD,OCEAN'S HALO,VF261,Spring Roll Wraps,,12 X 120G,31.54,,3.49,,,,O,,V,811670032174,10811670032171,,
NUTS & SEEDS,SUMA PREPACKS,NU099,Sesame seeds - natural,,6 X 125G,5.63,,1.25,,,,,,V,5017601020868,05017601020851,,
BODY CARE,WELEDA,DY180,Skin Food Night Cream,,1 X 40ML,9.49,1,15.95,,F,,,,V,4001638580205,,,
BEANS & PULSES - DRIED,SUMA PREPACKS,PU013,Beluga Lentils,,6 X 500G,13.01,,2.89,,,,,,V,5017601040590,05017601040583,,
FRUIT - DRIED,SUMA PREPACKS,DR133,Blueberries,,6 X 125G,16.43,,3.65,,,,,S,V,5017601027171,05017601027164,,
NUTS & SEEDS,BULK COMMODITIES,NU050,Chia Seeds,,25 KG,107.69,,,,,,,,V,,,,03 SEP 25
FRUIT - CANNED & JARRED,CLEARSPRING,VF248,Apple Puree,,12 X 2X100G,17.91,,1.99,,,,O,,V,5021554981589,05021554982012,,
FRUIT & VEGETABLE JUICES,DUSKIN,JU305,Apple Juice - Bramley,English juice - sharp,6 X 1L,15.82,1,4.25,,,,,,V,5060128501402,,N,
MEAT ALTERNATIVES (CHILLED),FLORENTIN,CV950,Corn Falafel,,6 X 240G,21.55,,4.80,,,G,O,,V,8714685906428,08714685906435,,
SUPERFOODS & SPORTS NUTRITION,HUNTER AND GATHER,VM075,Electrolytes v2 - Lemon & Lime,30 Day Supply,1 X 30,19.13,1,29.75,,,G,,,V,5060972180860,5060972180877,,
BISCUITS CRACKERS & CRISPBREAD,LAZY DAY,BT320,Belgian Dark Chocolate Tiffin,gluten & dairy free,8 X 150G,23.43,,3.89,,,,,S,V,5060139660099,05060139660358,,
CHOCOLATE,MONTEZUMA'S,ZX131,Milk Chocolate Penguins,,20 X 60G,60.58,1,5.00,,,,,,,,,,
SEA VEGETABLES,OCEAN'S HALO,HE013,Wasabi Seaweed,,20 X 4G,14.85,,1.65,,,,O,,V,811670031887,10811670031884,,
NUTS & SEEDS,SUMA PREPACKS,NU177,Sesame seeds - natural,,6 X 250G,7.88,,1.75,,,,,,V,5017601020387,05017601020370,,
BODY CARE,WELEDA,DY075,Skin Food Stocking Filler Gift,original skin food & lip balm,EACH,5.95,1,9.99,B,F,,,,,5013455499256,,,
ALCOHOL FREE AND LOW ALCOHOL BE,BELVOIR,JU011,Peach Bellini,Sparkling Peach & Grape Juice,6 X 750ML,13.93,1,3.75,,,,,S,V,5022019860111,05022019862115,,
FAR EASTERN FOOD,BLUE DRAGON,JP093,Sushi Nori,,15 X 11G,21.13,,1.89,,,,,,V,5010338303006,05015612200750,,
NUTS & SEEDS,SUMA BAGGED DOWN,NU195,Chia Seeds,,3 KG,13.45,,,,,,,,V,05017601039747,,,
FAR EASTERN FOOD,CLEARSPRING,JP090,Japanese Arame,,8 X 30G,35.94,,5.99,,,,,,V,5021554001508,05021554001492,,
FRUIT & VEGETABLE JUICES,DUSKIN,JU292,Apple Juice - Cox,English juice - medium,6 X 1L,15.82,1,4.25,,,,,,V,5060128501204,,N,
PATES; DIPS & TAPAS (CHILLED),FLORENTIN,CV071,Harissa,,7 X 80G,14.45,,2.75,,,G,O,,V,8714685907425,08714685907432,,
SUPERFOODS & SPORTS NUTRITION,HUNTER AND GATHER,VM107,Electrolytes v2 - Lemon & Lime,7 Day Supply,1 X 7,6.11,1,9.95,,,G,,,V,5060972180884,5060972180891,,
SUPPLEMENTS & REMEDIES,LEPICOL,VM142,Multi-Fibre Powder,Inulin & Psyllium Husk,1 X 180G,12.84,,16.99,,,G,,,,5028523000579,,,
SEA VEGETABLES,OCEAN'S HALO,HE172,Wasabi Sushi Nori Wrap,,12 X 28G,35.92,,3.99,,,G,O,,V,811670031139,10811670031136,,
NUTS & SEEDS,SUMA BAGGED DOWN,NU227,Sesame seeds - natural,,1 KG,4.05,,,,,,,,V,5017601770664,,,
BODY CARE,WELEDA,DY079,Skin Food - Glow Up Gift Set,trio of nourishing skin food,EACH,14.30,1,24.00,B,F,,,,,5013455499270,,,
VERAGES,,,,,,,,,,,,,,,,,,
FAR EASTERN FOOD,BLUE DRAGON,JP220,Tofu - Firm Silken,,12 X 308G,21.93,,2.45,,,,,,V,5010338000486,05015612000992,,
FRUIT - DRIED,SUMA BAGGED DOWN,DR225,Cherries Glace - Dark Red,Natural Colour Anthocyanin SO2,1 KG,9.35,,,,,,,S,V,5017601342250,,,
SUGARS & SYRUPS,CLEARSPRING,JP123,Barley Malt Syrup,,6 X 300G,16.61,,3.69,,,,O,,V,5021554004387,05021554004394,,
FRUIT & VEGETABLE JUICES,DUSKIN,JU487,Apple Juice - Gala,English juice - medium,6 X 1L,15.82,1,4.25,,,,,,V,5060128500801,,N,
PATES; DIPS & TAPAS (CHILLED),FLORENTIN,CV931,Houmous,,6 X 170G,14.16,,3.15,,,G,O,,V,8714685907531,08714685907548,,
SUPERFOODS & SPORTS NUTRITION,HUNTER AND GATHER,VM104,Electrolytes v2 - Mixed Berry,7 Day Supply,1 X 7,6.11,1,9.95,,,G,,,V,5060972180938,5060972180945,,
SUPPLEMENTS & REMEDIES,LEPICOL,VM195,Multi-Fibre Powder,Inulin & Psyllium Husk,1 X 350G,19.29,,24.99,,,G,,,,5028523003440,,,
DESSERTS & PUDDINGS (CHILLED),ORIGIN KITCHEN,CV664,Chocolate Cheesecake,,6 X 75G,10.08,,2.25,,,,,S,V,5060755900333,5060755900227,,
NUTS & SEEDS,BULK COMMODITIES,NU065,Sesame seeds - natural,,25 KG,70.72,,,,,,,,V,,,,
HERB & FRUIT TEA INFUSIONS,CLIPPER,TE942,Liquorice,,6 X 20BAGS,12.76,,2.85,,,,O,,V,5021991200137,05021991575648,,
BODY CARE,WELEDA,DY181,Skin Food Cleansing Balm,,1 X 75ML,7.99,1,13.50,,F,,,,V,4001638580267,,,
ALCOHOL FREE AND LOW ALCOHOL BE,BELVOIR,JU330,Passionfruit Martini,Sparkling with Real Juice,6 X 750ML,13.93,1,3.75,,,,,S,V,5022019750115,5022019752119,,
FAR EASTERN FOOD,BLUE DRAGON,WT100,Wholewheat Noodles,,8 X 250G,14.10,,2.35,,,,,,V,5010338103781,05015612105826,,
FRUIT - DRIED,SUMA PREPACKS,DR221,Cherries Glace - Dark Red,Natural Colour Anthocyanin SO2,6 X 200G,14.63,,3.25,,,,,S,V,5017601024484,05017601024477,,
FAR EASTERN FOOD,CLEARSPRING,JP025,Japanese Brown Miso - Tub,,3 X 1KG,43.40,,19.29,,,,O,,V,5021554004714,05021554004721,,
FRUIT & VEGETABLE JUICES,DUSKIN,JU550,Apple Juice - Golden Delicious,English juice - sweet,6 X 1L,15.82,1,4.25,,,,,,V,5060128500405,,N,
PATES; DIPS & TAPAS (CHILLED),FLORENTIN,CV526,Houmous with Pine Nuts,,6 X 170G,14.16,,3.15,,,G,O,,V,8714685907562,08714685907579,,
MAYONNAISE & SALAD DRESSINGS,HUNTER AND GATHER,KJ418,Olive Oil Mayonnaise,,6 X 250ML,27.01,,5.99,,,G,,,,0604565349552,0604565349569,,
BISCUITS CRACKERS & CRISPBREAD,LE PAIN DES FLEURS,BT095,Chestnut Crispbread,,6 X 150G,20.74,,4.59,,,G,O,,V,3380380093005,13380380093002,,
DESSERTS & PUDDINGS (CHILLED),ORIGIN KITCHEN,CV669,Lemon Cheesecake,,6 X 75G,10.08,,2.25,,,,,S,V,5060755900326,5060755900234,,
NUTS & SEEDS,SUMA BAGGED DOWN,NU066,Sesame seeds - natural,,5 KG,18.05,,,,,,,,V,05017601038023,,,
HERB & FRUIT TEA INFUSIONS,CLIPPER,TE789,Peppermint,Crisp; Clean & Cool Taste,6 X 20 BAGS,12.76,,2.85,,,,O,,V,5021991200014,05021991500282,,
BODY CARE,WELEDA,DY189,Skin Food Ultra Light Dry Oil,,1 X 100ML,9.30,1,15.95,B,F,,,,V,4001638580342,,,
CEREALS & MUESLIS,BIO & ME,MX122,Spiced Apple GF Porridge Pot,,8 X 58G,7.20,,1.19,,,G,,,V,,,,
CHOCOLATE,CHOCOCO,WS165,Chocolate Mini BunnieS,Milk; Dark & Blonde,12 X 95G,71.84,1,9.99,,,G,,S,,5060246841817,5060246841916,,
FAR EASTERN FOOD,CLEARSPRING,JP030,Brown Rice Miso Pouch,,6 X 300G,26.96,,5.99,,,,O,,V,5021554000839,05021554000853,,
PASTA,EXPLORE CUISINE,WT093,Edamame & Mung Bean Fettuccine,86g protein; 36g fibre,6 X 200G,15.61,,3.49,,,G,O,,V,7640164290041,7640164290065,,
BREADS & BREAD MIXES,FLORENTIN,BT552,Spelt Pita Bread,4 pitas per pack,18 X 280G,36.57,,2.70,,,,O,,V,8714685903397,8714685907685,,
SUPERFOODS & SPORTS NUTRITION,HUNTER AND GATHER,VM109,Electrolytes v2 - Unflavoured,7 Day Supply,1 X 7,6.11,1,9.95,,,G,,,V,5060972180983,5060972180990,,
BISCUITS CRACKERS & CRISPBREAD,LE PAIN DES FLEURS,BT094,Buckwheat Crispbread,,6 X 150G,18.94,,4.19,,,G,O,,V,3380380092992,13380380092999,,
DESSERTS & PUDDINGS (CHILLED),ORIGIN KITCHEN,CV663,Passion Fruit Cheesecake,,6 X 75G,10.08,,2.25,,,,,S,V,5060755900319,5060755900210,,
NUTS & SEEDS,BULK COMMODITIES,NU106,Black Sesame Seeds - Organic,,25 KG,122.53,,,,,,O,,V,,,,
HERB & FRUIT TEA INFUSIONS,CLIPPER,TE959,Nettle,Clean with Subtle Grassy Notes,6 X 20BAGS,12.76,,2.85,,,,O,,V,5021991200106,05021991400117,,
BODY CARE,WELEDA,DY133,Skin Food Light,,75ML,7.69,1,15.95,,F,,,,,4001638501491,,,
SWEET SNACKS,BUTTERMILK,KB340,Assorted Christmas Fudge,,6 X 150G,12.86,1,3.50,,,G,,S,,5036854001820,15036854001827,N,
CHOCOLATE,CHOCOCO,ZX042,Blonde Chocolate Angel Bar,,12 X 45G,39.43,1,5.50,,,G,,S,,5060246841169,5060246841541,,
FAR EASTERN FOOD,CLEARSPRING,JP111,Instant Noodle Broth,,6 X 245ML,24.83,,5.52,,,,O,,V,5021554989622,05021554989639,,
PASTA,EXPLORE CUISINE,WT113,Black Bean Spaghetti,88g protein; 42g fibre,6 X 200G,15.61,,3.49,,,G,O,,V,7640164290089,7640164290102,,
MEAT ALTERNATIVES (CHILLED),FLORENTIN,CV944,Tamruc Falafel,With Dates and Raisins,6 X 240G,21.04,,4.70,,,G,O,,V,8714685000195,08714685005169,,
BISCUITS CRACKERS & CRISPBREAD,LE PAIN DES FLEURS,BT189,Buckwheat Crispbread no Salt,,6 X 150G,18.94,,4.19,,,G,O,,V,3380380092985,13380380092982,,
SOFT DRINKS,ONE LIVING,JU468,Lime & Mint CBD Drink,With magnesium citrate; B6;B12,12 X 250ML,17.10,1,2.25,,,G,,,V,5060587581021,15060587581028,,
NUTS & SEEDS,SUMA BAGGED DOWN - ORGANIC,NU210,Sesame seeds - organic,,1 KG,5.55,,,,,,O,,V,5017601009450,,,
HERB & FRUIT TEA INFUSIONS,CLIPPER,TE442,Chamomile & Peach,Plastic Free; Unbleached Bags,4 X 20 BAGS,9.59,,3.19,,,G,O,,V,5021991944512,05021991975325,,
BODY CARE,WELEDA,DY704,Skin Food - Small Size,For Dry & Rough Skin,30ML,6.69,1,10.79,,,,,,,4001638098649,,,
SWEET SNACKS,BUTTERMILK,ZX242,Banoffee Pie Fudge,,16 X 175G,34.11,1,3.49,,,G,,S,,5036854002544,15036854002541,,
CHOCOLATE,CHOCOLARDER,KB240,Dark Chocolate Almonds,,3 X 200G,25.60,1,15.00,,,,,S,V,0719710457645,719710457906,N,
FAR EASTERN FOOD,CLEARSPRING,JP033,Brown Rice Vinegar - Organic,,6 X 250ML,17.06,,3.79,,,,O,,V,5021554004660,05021554004677,,
PASTA,EXPLORE CUISINE,WT114,Edamame Bean Spaghetti,90g protein; 40g fibre,6 X 200G,15.61,,3.49,,,G,O,,V,7640164290126,7640164290140,,
BREADS & BREAD MIXES,FLORENTIN,BT360,White Pita Breads,4 pitas per pack,18 X 280G,29.80,,2.25,,,,O,,V,8714685003332,8714685907647,,
BISCUITS CRACKERS & CRISPBREAD,LE PAIN DES FLEURS,BT093,Quinoa Crispbread,,6 X 150G,20.74,,4.59,,,G,O,,V,3380380092978,13380380092975,,
SOFT DRINKS,ONE LIVING,JU469,Wild Berry CBD Drink,With magnesium citrate; B6;B12,12 X 250ML,17.10,1,2.25,,,G,,,V,5060587581038,15060587581035,,
FRUIT - DRIED,SUMA BAGGED DOWN,DR103,Prunes - pitted; Ashlock,Sorbated,2.5 KG,15.65,,,,,,,,V,5017601032137,,,
NUTS & SEEDS,SUMA PREPACKS - ORGANIC,NU356,Sesame seeds - organic,,6 X 250G,10.13,,2.25,,,,O,,V,5017601024163,05017601024156,,
HERB & FRUIT TEA INFUSIONS,CLIPPER,TE963,Dandelion,,6 X 20BAGS,12.76,,2.85,,,,O,,V,5021991200052,05021991500497,,
BODY CARE,WELEDA,DY814,Skin Food,For Use On Body & Face,75ML,7.99,1,15.95,,F,,,,,4001638098595,,,
SWEET SNACKS,BUTTERMILK,ZX250,Cookies & Cream Fudge,,16 X 175G,34.11,1,3.49,,,G,,S,,5036854002209,15036854002206,,
CHOCOLATE,CHOCOLARDER,KB100,Ashaninka 72% Dark Chocolate,,10 X 70G,37.02,1,6.95,,,,,S,V,0600649362134,7241905599944,N,
FAR EASTERN FOOD,CLEARSPRING,JP056,All Buckwheat Soba Noodles,Contains Salt Wheat Free - Org,6 X 200G,20.21,,4.49,,,G,O,,V,5021554987949,05021554987956,,
READY TO EAT FOODS (CHILLED),EATEN ALIVE,CV090,Classic Kraut,,8 X 375G,28.80,,4.79,,,G,,,V,5060719550697,15060719550694,,
BREADS & BREAD MIXES,FLORENTIN,BT376,Wholemeal Pita Bread,,18 X 280G,29.80,,2.25,,,,O,,V,8714685001239,8714685907661,,
SOFT DRINKS,CHARITEA,JU598,ChariTea Black,Black tea with twist of lemon,12 X 330ML,16.11,,1.79,,F,,O,S,V,,4260189964425,,
VEGAN & OAT MILK,SOON,SY241,Organic Hemp Drink,Unsweetened,8 X 1L,18.74,,3.09,,,,O,,V,3273221110408,13273221110405,,
READY MEALS (FROZEN),PLANTSIDE,XL205,Gluten Free Yorkshire Puddings,,14 X 6 PACK,77.00,,7.35,,,G,,,V,0754523665825,,,
ALCOHOL FREE AND LOW ALCOHOL BE,SEVEN GIANTS,JU151,Blanco Tequila,,6 X 70CL,95.80,1,25.55,,,G,,,V,5060640315150,5060640315167,,
HERB & FRUIT TEA INFUSIONS,PUKKA,TE102,Peace,Chamomile; Spearmint; Licorice,4 X 20 BAGS,11.45,,3.85,,,,O,,V,5060519145468,45060519145466,,
BODY CARE,WELEDA,DY086,Skin Food Body Lotion,,200ML,8.71,1,14.95,B,F,,,,V,4001638529488,,,
CHOCOLATE,BUTTERMILK,KB314,Coconut Choccy Bar,fluffy coconut centre,24 X 45G,28.46,1,1.89,,,G,,S,V,5036854001851,15036854001858,N,
CHOCOLATE,CHOCOLARDER,WS070,Almond & Sea Salt 70% Dark Egg,,9 X 90G,75.86,1,14.00,,,,,S,V,784300178668,784300178675,N,
FAR EASTERN FOOD,CLEARSPRING,JP605,Shoyu,,2.5 L,20.24,,26.99,,,,O,,V,5021554980100,,,
READY TO EAT FOODS (CHILLED),EATEN ALIVE,CV078,Massive Classic Kimchi,,6 X 775G,44.91,,9.99,,,G,,,V,5060719550116,15060719550113,,
MEAT ALTERNATIVES (CHILLED),FLORENTIN,CV571,Sweet Potato Falafel,,6 X 240G,20.37,,4.55,,,G,O,,V,8714685903229,08714685903236,,
SOFT DRINKS,CHARITEA,JU597,ChariTea Green,Green tea with hint of ginger,12 X 330ML,16.11,,1.79,,F,,O,S,,42282310,4260189964432,,
FLOURS & BREAD MIXES,SUMA PREPACKS,FG092,Polenta,,6 X 500G,8.78,,1.95,,,,,,V,5017601018261,05017601018681,,
READY MEALS (FROZEN),PLANTSIDE,XL320,American Style Pancakes,,26 X 6 PACK,38.07,,3.90,,,,,S,V,0724022290767,0724022290774,,03 OCT 25
VERAGES,,,,,,,,,,,,,,,,,,
HERB & FRUIT TEA INFUSIONS,CLIPPER,TE011,Rooibos,,6 X 80 BAGS,23.23,,5.15,,,,O,,V,5021991280016,05021991286018,,
BODY CARE,WELEDA,DY179,Skin Food Nourishing Day Cream,,1 X 40ML,9.40,1,15.95,,F,,,,V,4001638580229,,,
CHOCOLATE,BUTTERMILK,KB134,Caramel Nougat Bar,,24 X 50G,28.46,1,1.89,,,,,S,V,5036854001486,15036854001483,N,
CHOCOLATE,CHOCOLARDER,KB105,Brown Butter 60% Chocolate Bar,Milk Chocolate,10 X 70G,37.02,1,6.95,,,,,S,,0600649362158,7241905600138,N,
CRISPS & SNACKS,CLEARSPRING,BT053,Brown Rice Crackers Sesame,,12 X 40G,20.62,,2.29,,,G,O,,V,5021554988793,05021554988809,,
BAKING SUNDRIES,FOODS OF ATHENRY,VF264,Very Fruity Mince Meat,,12 X 320G,66.14,,7.39,,,G,,S,V,5391512391881,05391512391904,,
SOFT DRINKS,CHARITEA,JU596,ChariTea Mate,sparkling yerba mate tea,12 X 330ML,16.11,,1.79,,F,,O,S,V,,4260189964456,,
PATE,HELLENIC,KJ348,Kalamata Olive Pate,,6 X 200G,13.46,,2.99,,,G,O,,V,5018076002366,15018076002363,,
READY MEALS (FROZEN),PLANTSIDE,XL215,Vegan Toad in the Hole,Made with 'THIS' sausages,16 X 4 PACK,93.71,,7.80,,,,,,V,0724022600788,0724022290750,,
CHOCOLATE,SO FREE,ZX415,Oat Milk Choc Advent Calendar,,6 X 110G,26.06,1,6.99,,,G,,S,V,5013092000594,05013092666141,,
HERB & FRUIT TEA INFUSIONS,CLIPPER,TE443,Orange & Turmeric,Plastic Free Teabags,4 X 20 BAGS,9.59,,3.19,,,G,O,,V,05021991941566,05021991975837,,
BABY CARE,WELEDA,DY362,Calendula Shampoo & Body Wash,gently cleanses sensitive skin,400ML,7.50,1,12.50,,,,,,V,4001638590273,04001638990271,,
SWEET SNACKS,BUTTERMILK,ZX252,Caramel Sea Salt Fudge,,16 X 175G,34.11,1,3.49,,,G,,S,,5036854002193,15036854002190,,
CHOCOLATE,CHOCOLATE AND LOVE,WS082,Creamy Dark 55% Chocolate,,14 X 80G,47.00,1,5.40,,F,,O,S,,5060270121909,5060270121978,N,02 OCT 25
SUGARS & SYRUPS,CLEARSPRING,JP125,Date Syrup,,6 X 300G,17.51,,3.89,,,,O,,V,5021554004424,05021554004431,,
PICKLES; CHUTNEYS & MUSTARDS,FRUITS OF THE FORAGE,KJ061,Damson & Sloe Chutney,,6 X 200G,20.14,,4.49,,,,,S,V,5060543650006,5060543652147,,
SOFT DRINKS,CHARITEA,JU595,ChariTea Red,rooibos with passion fruit,12 X 330ML,16.11,,1.79,,F,,O,S,V,,4260189964449,,
CHOCOLATE,MONTEZUMA'S,WS290,Fitzroy Mini Bar,Dark Chocolate,26 X 25G,26.75,1,1.69,,,G,O,S,V,50012862,50012879,N,
FRUIT & VEGETABLE JUICES,SUNITA,JU997,Lemon Juice - E224,Potassium metabisulphite,5L,14.99,,,,,,,,V,5018076100529,,,
READY MEALS (FROZEN),PLANTSIDE,XL196,Plant Based Yorkshire Puddings,,14 X 6 PACK,68.00,,6.45,,,,,,V,,,,
CHOCOLATE,SO FREE,ZX417,Oat Milk Choc Advent Calendar,no added sugar,6 X 110G,26.06,1,6.99,,,G,,,V,5013092000761,05013092000768,,
HERB & FRUIT TEA INFUSIONS,CLIPPER,TE461,Peppermint & Spearmint,Plastic Free; Unbleached Bags,4 X 20 BAGS,9.59,,3.19,,,G,O,,V,05021991945151,05021991975967,,
BODY CARE,WELEDA,DY192,Very Cherry Gift Set,limited edition gift set,EACH,11.80,1,19.95,B,F,,,,,5013455499317,,,
SWEET SNACKS,BUTTERMILK,ZX682,Clotted Cream Fudge,,16 X 175G,34.11,1,3.49,,,G,,S,,5036854002001,15036854002008,N,
CHOCOLATE,COCO CHOCOLATIER,WS042,Cocoa Dusted Almonds,,12 X 135G,74.83,1,9.99,,,,,S,V,5060149466292,5060149466308,N,
FAR EASTERN FOOD,CLEARSPRING,JP029,Yaemon Tamari Soy Sauce,Double strength,6 X 250ML,26.96,,5.99,,,G,O,,V,5021554004622,05021554004639,,
BAKING SUNDRIES,ORGRAN,LJ077,Vegan Easy Egg,,8 X 250G,29.93,,4.99,,,G,,S,V,720516024450,50720516024455,,
SOFT DRINKS,LEMONAID BEVERAGES,JU068,Lemonaid Ginger,organic & fairtrade,12 X 330ML,16.11,1,2.15,,F,,O,S,V,,4260189964418,,
CHOCOLATE,MONTEZUMA'S,WS293,Royal Mint Mini Bar,Dark Chocolate,26 X 25G,26.75,1,1.69,,,G,O,S,V,50012923,50012930,N,
FRUIT & VEGETABLE JUICES,SUNITA,JU524,Lime juice,Potassium Metabisulphite,5L,13.25,,,,,,,,V,5018076100536,05018076201172,,
PASTA,CIEMME,WT136,OG Gluten Free Gnocchi Plain,,12 X 400G,35.50,,3.95,,,G,O,,V,8033087771879,8033087771879,,
CHOCOLATE,SO FREE,ZX444,White Choc Advent Calendar,Alternative to Milk,6 X 100G,26.06,1,6.95,,,G,,S,V,5013092000655,05013092666356,,
HERB & FRUIT TEA INFUSIONS,CLIPPER,TE631,Organic Sleep Easy,,6 X 20BAGS,12.76,,2.85,,,,O,,V,5021991888175,05021991988172,,
SUPPLEMENTS & REMEDIES,WELEDA,DY155,Arnica Massage Balm,muscular & rheumatic pain,1 X 100ML,10.95,1,17.50,,,,,,V,5013455040106,5013455040106,,
ESSENTIAL OILS,AQUA OLEUM,AR012,Essential Oil - Patchouli,Pogostemon Cablin - Indonesia,3 X 10ML,21.50,1,13.99,,,,O,,V,702346006882,702346007032,,
SWEET SNACKS,BUTTERMILK,ZX683,Double Chocolate Fudge,,16 X 175G,34.11,1,3.49,,,G,,S,,5036854002179,15036854002176,N,
CHOCOLATE,CHOCOCO,WS255,Dark Chocolate Easter Bunny,72% ecuador choc; hand painted,12 X 115G,72.26,1,10.49,,,,,S,V,5060246847604,5060246845754,,
FAR EASTERN FOOD,CLEARSPRING,JP003,Dulse - Atlantic Coast Organic,,8 X 25G,28.14,,4.69,,,,O,,V,5021554001805,05021554001799,,
BISCUITS CRACKERS & CRISPBREAD,REAL FOODS,BT381,Corn Thins - Original,,6 X 150G,8.78,,1.95,,,G,,,V,9322969000015,29322969000316,,
SOFT DRINKS,LEMONAID BEVERAGES,JU592,Lemonaid Blood Orange,organic & fairtrade,12 X 330ML,16.11,1,2.15,,F,,O,S,V,,4260189964401,,
CHOCOLATE,MONTEZUMA'S,WS292,Sea Dog Mini Bar,Dark Chocolate sea salt,26 X 25G,26.75,1,1.69,,,G,,S,V,50012909,50012916,N,
PASTA SAUCES & PESTOS,SUNITA,KJ790,Organic Pesto Genovese,,6 X 130G,17.58,,3.89,,,,O,,V,5018076100796,05018076200618,,
SUPPLEMENTS & REMEDIES,SUMA PREPACKS - ORGANIC,HE123,Psyllium Husk - Organic,,6 X 200G,24.34,1,6.49,,,,O,,V,5017601050438,05017601050421,,
OLIVES,ORGANICO,KJ342,Greek Green Olives,pitted in brine,6 X 230G,15.54,,3.45,,,,O,,V,5034210600014,05034210960019,,
FLOURS & BREAD MIXES,SUMA PREPACKS,FG002,Teff Flour - Brown,,6 X 500G,20.66,,4.59,,,,,,V,5017601037231,5017601037224,,
SUPPLEMENTS & REMEDIES,WELEDA,DY456,Arnica Massage Balm,muscular & rheumatic pain,1 X 200ML,14.45,1,22.99,,,,,,V,5013455240094,5013455240094,,
ESSENTIAL OILS,AQUA OLEUM,AR025,Essential Oil - Peppermint,Mentha Peperita - EU,3 X 10ML,10.65,1,6.09,,,,O,,V,0702346006899,702346007049,,
VERAGES,,,,,,,,,,,,,,,,,,
SWEET SNACKS,BUTTERMILK,WS026,Fudge Christmas Selection Box,,6 X 300G,32.14,1,8.99,,,G,,S,,5036854002773,15036854002770,,
FRUIT - CANNED & JARRED,CLEARSPRING,VF021,Pear Puree,Organic,18 X 100G,18.77,,1.39,,,,O,,V,5021554005575,05021554005582,,
BISCUITS CRACKERS & CRISPBREAD,LAZY DAY,BT316,Millionaires Shortbread,gluten & dairy free,8 X 150G,23.43,,3.89,,,G,,S,V,5060139660112,05060139660334,,
SOFT DRINKS,LEMONAID BEVERAGES,JU183,Lemonaid Lime,,12 X 330ML,15.25,1,1.89,,F,,O,S,V,42493372,4260189964562,,
CHOCOLATE,MONTEZUMA'S,WS289,Smooth Operator Mini Bar,Milk Chocolate,26 X 25G,26.75,1,1.69,,,G,O,S,,50012848,50012855,N,
FLOURS & BREAD MIXES,BULK COMMODITIES - ORGANIC,FG171,Polenta - organic,precooked,25 KG,64.80,,,,,,O,,V,,,,
MEAT ALTERNATIVES (CHILLED),THE REAL LANCASHIRE PUDDING CO,CV999,Vegan Black Pudding,,200G,1.42,,1.90,,,,,,V,5020341800270,,,
OLIVES,ORGANICO,KJ341,Kalamata Olives,pitted in brine,6 X 230G,15.54,,3.45,,,,O,,V,5034210600007,05034210960002,,
TOFU & TEMPEH (CHILLED),TIBA TEMPEH,CV707,Organic Tempeh,,6 X 200G,14.48,,3.20,,,G,O,,V,8718868006004,87208923840270,,
PAPER PRODUCTS & STATIONERY,WHO GIVES A CRAP,NF273,Toilet Tissue ExtraSoft Bamboo,Bamboo;Double Length;370sheets,16 X 1 PACK,12.76,1,1.35,,,G,,,V,9352369000834,9352369000636,N,
ESSENTIAL OILS,AQUA OLEUM,AR019,Organic Rosemary Essential Oil,,3 X 10ML,9.63,1,6.29,,,,O,,V,702346001641,702346000804,,
JUICE CONCENTRATES & CORDIALS,BELVOIR,JU234,Blueberry Blackcurrant Cordial,,6 X 500ML,19.04,1,5.09,,,G,,S,V,05022019561209,5022019560202,,
SWEET SNACKS,BUTTERMILK,KB334,Gingerbread Fudge,,7 X 100G,12.53,1,2.99,,,G,,S,,5036854005200,15036854005207,,
FAR EASTERN FOOD,CLEARSPRING,JP145,Gomashio Black Sesame Sea Salt,,6 X 100G,18.34,,4.09,,,,O,,V,5021554005117,05021554005124,,
BISCUITS CRACKERS & CRISPBREAD,LAZY DAY,BT197,Free From Shortbread,suitable for coeliacs & vegans,8 X 150G,20.57,,3.45,,,G,,,V,05060139660013,05060139660419,,
SUPERFOODS & SPORTS NUTRITION,HUNTER AND GATHER,VM103,Electrolytes v2 - Unflavoured,30 Day Supply,1 X 30,19.13,1,29.75,,,G,,,V,5060972180969,5060972180976,,
SOFT DRINKS,LEMONAID BEVERAGES,JU587,Lemonaid Lime,organic & fairtrade,12 X 330ML,16.11,1,2.15,,F,,O,S,V,,426018996439,,
CHOCOLATE,MONTEZUMA'S,WS291,Splotch Butterscotch Bar,Milk Chocolate,26 X 25G,26.75,1,1.69,,,G,O,S,,50012886,50012893,N,
FLOURS & BREAD MIXES,BULK COMMODITIES,FG094,Polenta,also known as maize flour,25 KG,30.14,,,,,,,,V,,,,
DESSERTS; DAIRY (FROZEN),PUKPIP,XL046,Dark Chocolate Banana Bites,,10 X 172G,34.34,1,5.50,,,,,S,V,5060954780118,15060954780115,,
BODY CARE,SIMPLY GENTLE,DY790,Organic Baby water wipes,Biodegradable & compostable,20 X 52,40.75,1,2.59,,,,O,,V,5060202922826,5060202922833,,
TOFU & TEMPEH (CHILLED),TIBA TEMPEH,CV005,Smoked Tempeh,,6 X 220G,15.85,,3.50,,,G,O,,V,8721161463115,87211614631224,,
PAPER PRODUCTS & STATIONERY,WHO GIVES A CRAP,NF243,Facial Tissues Recycled,100% recycled,12 X 1 BOX,13.29,1,1.79,,,G,,,V,9352369000384,29352369000388,,
ESSENTIAL OILS,AQUA OLEUM,AR016,Essential Oil - Tea Tree,Melaleuca Alternifolia-Austral,3 X 10ML,9.15,1,5.29,,,,O,,V,702346006912,702346007063,,
JUICE CONCENTRATES & CORDIALS,BELVOIR,JU339,Blackcurrant Cordial,,6 X 750ML,19.99,1,5.59,,,G,,S,V,5022019450107,05022019452101,,
CEREALS & MUESLIS,BIO & ME,MX131,Golden Syrup Porridge Pot,,8 X 65G,7.20,,1.19,,,,,,,5060853640940,15060853640947,,
TEAS,CLEARSPRING,JP210,Genmaicha Green Tea Tea Bags,100% sustainable packaging,4 X 20 BAGS,10.47,,3.49,,,,O,,V,5021554001652,05021554001645,,
PICKLES; CHUTNEYS & MUSTARDS,FRUITS OF THE FORAGE,KJ085,Cider & Onion Chutney,,6 X 200G,19.29,,4.29,,,,,S,V,5060543651652,5060543652260,,
SUGARS & SYRUPS,HILLTOP HONEY,HY015,Maple Syrup Grade A Amber,,5 X 640G,46.07,,11.99,,,G,,,V,5060298572721,5060298573926,,
SOFT DRINKS,LEMONAID BEVERAGES,JU589,Lemonaid Passion Fruit,organic and fairtrade,12 X 330ML,16.11,1,2.15,,F,,O,S,V,,4260189964388,,
CHOCOLATE,MONTEZUMA'S,WS238,Dark Chocolate Button,Organic,8 X 120G,26.52,1,5.50,,,,O,S,V,5060719928021,5060719928038,,
OLIVES,OLIVES ET AL,KJ137,Garlic Stuffed Olives,Glass Jar,6 X 150G,28.20,,6.29,,,,,,V,5055003702043,5055003720092,,
HERB & FRUIT TEA INFUSIONS,PUKKA,TE394,Breathe In,Cooling Mint; Ginger and Honey,4 X 20 BAGS,11.45,,3.85,,,,O,,,5060519148131,45060519148139,,
BODY CARE,SIMPLY GENTLE,DY789,Organic Gentle Cotton Cloths,Disposable cotton cloths,12 X 50,28.00,1,2.99,,,,O,,V,5060202922864,5060202922871,,
TOFU & TEMPEH (CHILLED),TIBA TEMPEH,CV710,Curry-Spiced Organic Tempeh,,8 X 200G,19.31,,3.20,,,G,O,,V,8718868006073,87188680060732,,
PAPER PRODUCTS & STATIONERY,WHO GIVES A CRAP,NF242,Toilet Tissue Classic Soft Rec,Recycled;Double Length;400shee,16 X 1 PACK,12.15,1,1.25,,,G,,,V,9352369000643,,N,
ESSENTIAL OILS,AQUA OLEUM,AR022,Essential Oil - Peppermint,Mentha Piperita - USA,3 X 10ML,9.15,1,5.29,,,,,,V,0702346000316,0702346001313,,
ALCOHOL FREE AND LOW ALCOHOL BE,BELVOIR,JU235,Peach Bellini,,12 X 250ML,9.28,1,1.25,B,,,,S,V,5022019920310,05022019043316,,
CHOCOLATE,BUTTERMILK,KB154,Honeycomb Blast Bar,,18 X 45G,21.34,1,1.89,,,,,S,V,5036854001493,15036854001490,N,
FAR EASTERN FOOD,CLEARSPRING,JP103,Teriyaki Sauce - Organic & GF,,6 X 150ML,23.36,,5.19,,,G,O,,V,5021554001898,5021554001881,,
PICKLES; CHUTNEYS & MUSTARDS,FRUITS OF THE FORAGE,KJ092,Fig & Plum Chutney,,6 X 205G,19.29,,4.29,,,,,S,V,5060543651645,5060543652246,,
SUGARS & SYRUPS,HILLTOP HONEY,HY055,Maple Syrup Grade A Amber,,6 X 230G,22.71,,5.05,,,,,,V,5060298575707,5060298575142,,
SOFT DRINKS,LEMONAID BEVERAGES,JU171,Lemonaid Orange,,12 X 330ML,15.25,1,1.89,,F,,O,S,V,42493396,4260189964555,,
BAKING SUNDRIES,MONTEZUMA'S,KB052,Dark Couverture,,3 KG,82.16,,,,,G,O,S,V,5060719921183,,,
OILS & FATS,ABEA,GT059,Olive Oil-Extra Virgin Organic,,5L,74.25,,98.99,,,,O,,V,5201720003936,15201720003940,,
HERB & FRUIT TEA INFUSIONS,PUKKA,TE095,Original (Black Spice) Chai,black tea; cinnamon; cardamon,4 X 20BAGS,11.45,,3.85,,F,,O,,V,850835000719,05065000523572,,
VEGAN DESSERTS,SWEDISH GLACE,XL017,Juicy Raspberry,,6 X 750ML,21.33,1,5.90,,,,,S,V,8714100083529,8714100590508,,
TOFU & TEMPEH (CHILLED),TIBA TEMPEH,CV715,Sweet Chilli Pieces,,6 X 200G,14.48,,3.20,,,G,O,,V,8718868006080,87208923840102,,
OILS & FATS,WHARFE VALLEY FARMS,GT015,Rapeseed Oil,,5L,21.32,,28.39,,,,,,V,5060138400689,5060138400696,,
ESSENTIAL OILS,AQUA OLEUM,AR024,Essential Oil - Rosemary,Rosmarinus Officinalis-Tunisia,3 X 10ML,7.65,1,4.39,,,,,,V,0702346000354,0702346001351,,
VERAGES,,,,,,,,,,,,,,,,,,
CHOCOLATE,BUTTERMILK,WS068,Hot Cross Bun Fudge,,7 X 100G,12.53,1,2.99,,,G,,S,,5036854006146,15036854006143,N,
FAR EASTERN FOOD,CLEARSPRING,JP069,Green Nori Sprinkle,,10 X 20G,14.93,,1.99,,,,,,V,5021554970019,05021554980810,,
JAMS & FRUIT SPREADS,FRUITS OF THE FORAGE,JS039,Hedgerow Harvest Preserve,,6 X 210G,20.14,,4.49,,,,,S,V,5060543650105,5060543652116,,
HONEY,HILLTOP HONEY,HY084,Cut Comb Acacia,Box,12 X 200G,63.09,,7.03,,,,,,,5060298570413,5060298570505,,
SOFT DRINKS,LEMONAID BEVERAGES,JU176,Lemonaid Passion Fruit,,12 X 330ML,15.25,1,1.89,,F,,O,S,V,42493365,4260189964579,,
CHOCOLATE,MONTEZUMA'S,KB999,White Chocolate Buttons,Organic,8 X 120G,26.52,1,5.50,,,G,O,S,,5060719928045,5060719928052,N,
OILS & FATS,HELLENIC,GT402,Olive Oil - Extra Virgin,,12 X 500ML,69.21,,7.69,,,,,,V,5018076100154,05018076200212,,
HERB & FRUIT TEA INFUSIONS,PUKKA,TE421,Clean Matcha Green,Lemony Green Tea; Dandelion,4 X 20 BAGS,11.45,,3.85,,F,,O,,V,5060229014436,45060229014434,,
VEGAN DESSERTS,SWEDISH GLACE,XL016,Smooth Vanilla Ice Cream,,6 X 750ML,21.33,1,5.90,,,,,S,V,7313112060101,17313112060108,,
TOFU & TEMPEH (CHILLED),TIBA TEMPEH,CV714,Plant Based Tempeh Mince,,6 X 200G,14.48,,3.20,,,G,O,,V,8720892384096,87208923840898,,
GRAINS,SUMA PREPACKS - ORGANIC,QS072,Wheat grain - organic,,6 X 500G,7.88,,1.75,,,,O,,V,5017601023180,05017601023173,,
ESSENTIAL OILS,AQUA OLEUM,AR023,Essential Oil - Rose Maroc,Rosa Centifolia - Morocco,3 X 10ML,12.19,1,6.99,,,,,,V,0702346000347,0702346001344,,
SOFT DRINKS,BELVOIR,JU177,Sparkling Clementine & C'berry,Festive Edition,6 X 750ML,15.63,1,4.19,B,,,,S,V,5022019440115,05022019442119,,
MEAT ALTERNATIVES(FROZEN),BEYOND MEAT,XL088,Mince,,8 X 250G,31.20,,5.20,,,G,,,V,1230000116756,11230000116753,,
BISCUITS CRACKERS & CRISPBREAD,CLEARSPRING,BT317,Organic Corncakes,,12 X 130G,16.11,,1.79,,,G,O,,V,5021554987635,05021554987642,,
READY TO EAT FOODS (CHILLED),EATEN ALIVE,CV221,Classic Mild Kimchi,,8 X 375G,31.62,,5.29,,,,,,V,5060719550666,15060719550663,,
PICKLES; CHUTNEYS & MUSTARDS,FRUITS OF THE FORAGE,KJ034,Halloween Pumpkin Chutney,,6 X 200G,19.29,,4.29,,,,,S,V,5060543650051,5060543652185,,
SUGARS & SYRUPS,HILLTOP HONEY,HY050,Maple Syrup Grade A Dark,,5 X 640G,46.07,,11.99,,,G,,,V,5060298572776,05060298573933,,
NUTS & SEEDS,BULK COMMODITIES,NU023,Almonds - Smoky & Spicy,,12.5 KG,155.20,1,,,,,,,V,,,,
CHOCOLATE,MONTEZUMA'S,ZX998,Milk Chocolate Buttons,Organic,8 X 120G,26.52,1,5.50,,,G,O,S,,5060719928007,5060719928014,N,
OILS & FATS,HELLENIC,GT005,Olive Oil - Extra Virgin,,4 X 3 L,119.97,,39.99,,,,,,V,5018076100420,05018076200243,,
HERB & FRUIT TEA INFUSIONS,PUKKA,TE481,Lemongrass and Ginger,Ginger; Verbena; Lemongrass,4 X 20 BAGS,11.45,,3.85,,,,O,,V,5065000523923,05065000523800,,
PICKLES; CHUTNEYS & MUSTARDS,SHAWS,KJ175,Beetroot & Horseradish Chutney,,6 X 290G,12.36,,2.75,,,G,,S,V,5020332830637,05020332830644,,
SOUPS (CHILLED),TIDEFORD ORGANICS,CV120,Mexican Corn & Red Pepper,,6 X 560G,14.79,,3.30,,,G,O,,V,5036589257578,5036589257561,,
FLAKES; BRANS & WHEATGERM,BULK COMMODITIES,FX062,Wheatgerm,,20 KG,81.90,,,,,,,,V,,,,
ESSENTIAL OILS,AQUA OLEUM,AR029,Carrier Oil - Sweet Almond,,6 X 100ML,18.25,1,5.25,,,,,,V,0702346000453,0702346001450,,
ALCOHOL FREE AND LOW ALCOHOL BE,BELVOIR,JU237,Martini - Passionfruit,,12 X 250ML,9.28,1,1.35,B,,,,S,V,5022019940318,05022019033317,,
SWEET SNACKS,BUTTERMILK,KB323,Mince Pie Fudge,,7 X 100G,12.53,1,2.99,,,G,,S,,5036854005170,15036854005177,,
TEAS,CLEARSPRING,JP097,Hojicha Roasted Green Tea,100% sustainable packaging,4 X 20 BAGS,10.47,,3.49,,,,O,,V,5021554001690,05021554001683,,
READY TO EAT FOODS (CHILLED),EATEN ALIVE,CV623,Smoky Pink Kraut,,8 X 375G,28.95,,4.85,,,,,,V,5060719550673,15050719550670,,
JAMS & FRUIT SPREADS,FRUITS OF THE FORAGE,JS041,Mulled Plum Jam,,6 X 210G,20.14,,4.49,,,,,S,V,5060543650068,5060543652154,,
HERB & FRUIT TEA INFUSIONS,HAMPSTEAD TEA,TE550,Camomile,Care for you,4 X 20 BAGS,9.36,,3.15,B,,,O,,V,813427001143,10813427001652,,
NUTS & SEEDS,SUMA BAGGED DOWN,NU124,Almonds - Smoky & Spicy,,1 KG,15.25,1,,,,,,,V,5017601049159,,,
BAKING SUNDRIES,MONTEZUMA'S,KB060,Milk Couverture,,3 KG,82.16,,,,,G,O,S,,5060719921169,,,
OILS & FATS,HELLENIC,GT403,Extra Virgin Olive Oil,,12 X 750ML,94.41,,10.49,,,G,,,V,5018076001604,50180760016048,,
DESSERTS; DAIRY (FROZEN),PUKPIP,XL334,Dark Chocolate Dipped Bananas,,12 X 3 X 70G,33.72,1,4.49,,,,,S,V,5060954780019,25060954780006,,
PICKLES; CHUTNEYS & MUSTARDS,SHAWS,KJ185,Fig & Honey Chutney,,6 X 195G,11.75,,2.65,,,G,,S,,5020332111101,05020332162110,,
ALCOHOLIC DRINKS,THREE MILLS,RT012,Cherry Amaretto Mulled Wine,5% ABV,6 X 750ML,25.05,1,6.69,,,,,S,V,5018970097420,05018970038461,,
GRAINS,DOVES FARM,QS047,Wheat grain - organic,,25 KG,25.60,,,,,,O,,V,05011766110884,,,
ESSENTIAL OILS,AQUA OLEUM,AR026,Essential Oil - Tea Tree,Melaleuca Alternifolia-Austral,3 X 10ML,7.65,1,4.39,,,,,,V,0702346000392,702346001399,,
VERAGES,,,,,,,,,,,,,,,,,,
CEREALS & MUESLIS,BIO & ME,MX129,Nutty Gluten Free Porridge Pot,,8 X 58G,7.20,,1.19,,,G,,,V,,,,
FAR EASTERN FOOD,CLEARSPRING,JP039,Udon Noodles,,12 X 200G,26.70,,2.97,,,,O,,V,5021554004912,05021554004929,,
READY TO EAT FOODS (CHILLED),EATEN ALIVE,CV220,Classic Kimchi,,8 X 375G,31.62,,5.29,,,,,,V,5060719550659,,,
PICKLES; CHUTNEYS & MUSTARDS,FRUITS OF THE FORAGE,KJ057,Heritage Pear Chutney,,6 X 200G,19.29,,4.29,,,,,S,V,5060543650082,5060543652130,,
HOUSEHOLD PRODUCTS,HILL BRUSH COMPANY,NF781,Wooden Vegetable Brush,Oval with soft & firm bristles,EACH,6.75,1,10.79,,,,,,V,804548041521,804548046335,,
NUTS & SEEDS,SUMA PREPACKS,NU053,Almonds - Smoky & Spicy,,6 X 125G,12.34,1,3.29,,,,,,V,5017601049098,05017601049081,,
CHOCOLATE,MONTEZUMA'S,ZX416,Snowballs Peanut Butter,white chocolate,7 X 120G,23.20,1,5.50,,,,,S,,5060719928540,5060719928557,N,
OILS & FATS,HELLENIC,GT008,Olive Oil - Extra Virgin,,24 X 250ML,80.81,,4.49,,,,,,V,5018076100161,05018076200236,,
HERB & FRUIT TEA INFUSIONS,PUKKA,TE269,Tea Advent Calendar,24 Unique Tea Sachets,10 X 24 SACH,97.43,,12.99,,F,,O,,,5063270106761,5063270106754,,
PICKLES; CHUTNEYS & MUSTARDS,SHAWS,KJ028,Mango Chutney - Chunky,,6 X 300G,9.00,,1.99,,,G,,S,V,5020332111309,05020332211306,,
ALCOHOLIC DRINKS,THREE MILLS,RT007,Spiced Berry Mulled Wine,5% ABV,6 X 750ML,25.05,1,6.69,,,,,S,V,5018970095815,05018970036825,,
FLAKES; BRANS & WHEATGERM,SUMA PREPACKS,FX035,Wheatgerm,,6 X 500G,18.23,,4.05,,,,,,V,5017601019909,05017601019893,,
CEREALS & MUESLIS,ALARA,MX236,Active Muesli,New Size,6 X 250G,22.32,,4.95,,,G,O,,V,5016786001846,5016786411874,,
ALCOHOL FREE AND LOW ALCOHOL BE,BELVOIR,JU228,Mojito - Lime and Yuzu,,12 X 250ML,9.28,1,1.25,B,,,,S,V,5022019960316,05022019023318,,
CHOCOLATE,BUTTERMILK,KB135,Peanut & Caramel Nougat Bar,,24 X 50G,28.46,1,1.89,,,,,S,V,5036854001479,15036854001476,N,
FAR EASTERN FOOD,CLEARSPRING,JP046,Japanese Reduced Salt Miso,,6 X 270G,24.26,,5.39,,,,O,,V,5021554001010,05021554001003,,
READY TO EAT FOODS (CHILLED),EATEN ALIVE,CV493,White Cabbage Kimchi,,8 X 375G,30.19,,5.05,,,,,,V,5060719550680,06034158758416,,
JAMS & FRUIT SPREADS,FRUITS OF THE FORAGE,JS042,Orange & Hogweed Marmalade,Seville Orange,6 X 210G,20.14,,4.49,,,,,S,V,5060543650044,5060543652215,,
HOUSEHOLD PRODUCTS,HILL BRUSH COMPANY,NF782,Wooden Wash Up Brush & 4 Heads,Biodegradable fibre bristles,EACH,8.79,1,13.99,,,,,,V,804548045635,804548050448,,
NUTS & SEEDS,BULK COMMODITIES,NU034,Cashews - baked chilli & lime,Jalapeno Chilli & Lime Flavour,12.50 KG,168.40,1,,,,,,,V,,,,02 OCT 25
CHOCOLATE,MONTEZUMA'S,KB883,Butter Nutter Truffle Bar,Milk Choc and Peanut Butter,12 X 90G,23.90,1,3.20,,,,,S,,5060719920506,5060719920513,N,
OILS & FATS,HELLENIC,GT031,Olive Oil Extra Virgin,,4 X 5L,197.40,,65.79,,,,,,V,5018076100772,05018076200250,,
TEAS,PUKKA,TE213,Elegant English Breakfast,Organic and Fairtrade,4 X 20 BAGS,11.45,,3.85,,F,,O,,V,5060229011565,05060229011596,,
PICKLES; CHUTNEYS & MUSTARDS,SHAWS,KJ174,Caramelised Red Onion Chutney,,6 X 195G,11.75,,2.65,,,G,,S,V,5020332830293,05020332830309,,
ALCOHOLIC DRINKS,THREE MILLS,RT005,Traditional Mulled Wine,5% ABV,6 X 750ML,22.86,1,6.09,,,,,S,V,5018970094818,05018970035781,,
FLAKES; BRANS & WHEATGERM,SUMA BAGGED DOWN,FX063,Wheatgerm,,5 KG,29.99,,,,,,,,V,5017601008156,,,
VERAGES,,,,,,,,,,,,,,,,,,
MEAT ALTERNATIVES(FROZEN),BEYOND MEAT,XL063,Sausages,,10 X 200G,39.00,,5.20,,,G,,,V,1230000116343,21230000116347,,
CHOCOLATE,CHOCOCO,WS169,72% Dark Chocolate Orange Egg,,6 X 175G,57.44,1,15.99,,,G,,S,,5060246841879,5060246841978,,
FAR EASTERN FOOD,CLEARSPRING,JP022,Japanese White Miso,,6 X 270G,19.31,,4.29,,,,O,,V,5021554000990,05021554000983,,
TABLE SAUCES,EATEN ALIVE,KJ389,Cacao & Lime Hot Sauce,Fermented,12 X 150ML,31.56,,3.52,,,,,S,V,5060719550031,0634158906770,,
PICKLES; CHUTNEYS & MUSTARDS,FRUITS OF THE FORAGE,KJ079,Tomato & Tamarind Chutney,,6 X 195G,19.29,,4.29,,,,,S,V,5060543651638,5060543652239,,
HONEY,HILLTOP HONEY,HY044,British Blossom Honey,,4 X 340G,18.68,,6.20,,,,,,,5060298570000,5060298570123,,
NUTS & SEEDS,SUMA BAGGED DOWN,NU127,Cashews - Baked Chilli & Lime,Jalapeno chilli & lime flavour,1 KG,15.39,1,,,,,,,V,5017601049173,,,
CHOCOLATE,MONTEZUMA'S,ZX779,Royal Mint Organic Dark W'Mint,,12 X 90G,23.90,1,3.20,,,G,O,S,V,5060719920186,5060719920193,N,
FRUIT & VEGETABLE JUICES,SUNITA,JU129,Orange Juice - organic,,6 X 1 L,20.80,1,5.55,,,,O,,V,5018076100765,05018076201196,,
HERB & FRUIT TEA INFUSIONS,PUKKA,TE331,Elderberry & Echinacea,Elderberry; Blackcurrants,4 X 20 BAGS,11.45,,3.85,,,,O,,V,5060229011473,05060229011480,,
PICKLES; CHUTNEYS & MUSTARDS,SHAWS,KJ179,Piccalilli,,6 X 280G,11.75,,2.95,,,G,,S,V,5020332111163,05020332162189,,
ALCOHOL FREE AND LOW ALCOHOL BE,THREE MILLS,JU003,Mulled Punch 0%,,6 X 750ML,15.84,1,4.25,,,,,,V,5018970095594,05018970036603,,
CEREALS & MUESLIS,ALARA,MX123,Classic Apple Bircher,,6 X 450G,19.99,,4.45,,,,O,,V,5016786001853,5016786411881,,
SNACK BARS & FLAPJACKS,BRYNMOR,KB559,Apricot & Almond,,20 X 80G,11.14,,0.75,,,G,,S,V,5024278003025,5024278003223,N,
SOFT DRINKS,BELVOIR,JU629,Cucumber & Mint Presse,,6 X 750ML,13.93,1,3.75,,,G,,S,V,5022019430116,05022019432110,,
CHOCOLATE,BUTTERMILK,KB854,Choccy Wafer Bar,,18 X 38G,21.34,1,1.89,,,G,,S,V,5036854002872,15036854002879,N,
CHOCOLATE,CHOCOCO,ZX035,Father Christmas Bar,Milk Chocolate,12 X 50G,39.43,1,5.50,,,G,,S,,5060246841145,5060246841527,N,
TEAS,CLEARSPRING,JP063,Kukicha;Roasted Twig Teabags,,4 X 20 BAGS,10.47,,3.49,,,,O,,V,5021554001676,05021554001669,,
TABLE SAUCES,EATEN ALIVE,KJ287,Jalapeno & Lime Hot Sauce,Fermented,12 X 150ML,31.56,,3.52,,,,,S,V,5060719550079,5060719550222,,
SWEET SNACKS,FREEDOM CONFECTIONERY,KB726,Vegantics - Large Mallows,Pink & White; toastable,10 X 100G,18.57,1,2.99,,,G,,S,V,5060442410237,15060442410234,,
HONEY,HILLTOP HONEY,HY027,Cut Comb in Honey - Acacia,,4 X 340G,17.06,,5.67,,,,,,,,05060298570932,,
NUTS & SEEDS,BULK COMMODITIES,NU025,Cashew - Baked & Salted,,12.5 KG,148.28,1,,,,,,,V,,,,
CHOCOLATE,MONTEZUMA'S,ZX139,Dark Chocolate Stollen Bar,,12 X 90G,29.06,1,4.00,,,,,,,,,,
BODY CARE,OLIVA,DY090,Aloe Vera Olive Oil Soap,With Aloe Vera,12 X 100G,13.80,1,1.99,,,,,,V,5201720003561,15201720003575,N,
TEAS,PUKKA,TE214,Gorgeous Earl Grey,Organic and Fairtrade,4 X 20 BAGS,15.26,,5.09,,F,,O,,V,5060229011589,5060229011619,,
FLOURS & BREAD MIXES,SHIPTON MILL,FG876,White Strong Organic Flour,good for breadmaking,5 X 2.5KG,19.63,,5.25,,,,O,,V,05016473013251,05016473013206,N,
VERAGES,,,,,,,,,,,,,,,,,,
CEREALS & MUESLIS,ALARA,MX082,Bircher Apple and Cinnamon,,6 X 650G,19.06,,4.25,,,,O,,V,5016786002317,5016786412345,,
SNACK BARS & FLAPJACKS,BRYNMOR,KB557,Apple & Raspberry,,20 X 80G,11.14,,0.75,,,,,S,V,5024278003018,5024278003216,N,
CEREALS & MUESLIS,ALARA,MX099,Everyday Muesli,,6 X 550G,18.60,,4.15,,,,O,,V,5016786001914,5016786411942,,
ALCOHOL FREE AND LOW ALCOHOL BE,BELVOIR,JU414,Margarita - Raspberry,,12 X 250ML,9.28,1,1.25,B,,,,S,V,5022019711314,05022019713318,,
TOFU & TEMPEH (CHILLED),BETTER NATURE,CV763,BBQ Tempeh Pieces,,6 X 180G,16.58,,3.69,,,G,,S,V,5070000206813,15070000206810,,
CHOCOLATE,CHOCOLARDER,KB231,Gold; Frankincense & Myrrh Bar,72% Chocolate Bar,10 X 70G,37.02,1,6.95,,,,,S,V,0600649362189,7241905600442,N,
CRISPS & SNACKS,CLEARSPRING,ZX226,Tamari Roast Sicilian Almonds,Provides Vit E;fibre & protein,15 X 30G,18.66,1,1.99,,,G,O,,V,5021554986331,05021554986348,,
TABLE SAUCES,EATEN ALIVE,KJ286,Raw Kimchi Hot Sauce,Fermented,12 X 150ML,31.56,,3.52,,,,,S,V,5060719550055,5060719550277,,
GRAINS,SUMA PREPACKS,QS082,Freekeh - Cracked Wheat Grain,,6 X 500G,16.88,,3.75,,,,,,V,5017601037996,05017601037989,,
HONEY,HILLTOP HONEY,HY048,Manuka Honey MGO 100+,,4 X 225G,36.50,,12.15,,,,,,,5060298571984,05060298571991,,
NUTS & SEEDS,SUMA PREPACKS,NU122,Cashews - Baked Chilli & Lime,Jalapeno chilli & lime flavour,6 X 125G,12.57,1,3.35,,,,,,V,5017601049111,05017601049104,,
CHOCOLATE,MONTY BOJANGLES,WS112,Taste Adventures Easter Egg,truffles in a decorated tin,6 X 175G,45.00,1,12.00,,,,,S,,5060980960942,05060980960959,,
BODY CARE,OLIVA,DY290,Olive Oil Soap,4 x 6 x 125g,24 X 125G,29.72,1,1.99,,,,,,V,5201720030086,5201720001048,N,
HERB & FRUIT TEA INFUSIONS,PUKKA,TE609,Ginseng Matcha Green,Ginger; Green Tea; Lemongrass,4 X 20 BAGS,11.45,,3.85,,F,,O,,V,5060229014528,45060229014526,,
FLOURS & BREAD MIXES,SHIPTON MILL,FG107,Pizza & Pasta Type 00 Flour,,6 X 1KG,10.36,,2.29,,,,O,,V,5016473014999,5016473015026,N,
MEAT ALTERNATIVES (CHILLED),TOFURKY,CV757,Slow Roasted Chick'n BBQ,,5 X 142G,22.18,,5.90,,,,,S,V,10025583119267,025583119260,,
CEREALS & MUESLIS,ALARA,MX085,Fruits and Seeds Muesli,,6 X 650G,19.06,,4.25,,,,O,,V,5016786001792,5016786411829,,
VERAGES,,,,,,,,,,,,,,,,,,
TOFU & TEMPEH (CHILLED),BETTER NATURE,CV106,Mediterranean Tempeh Block,,6 X 220G,14.54,,3.25,,,G,,,V,5060930820227,15060930820224,,
CHOCOLATE,CHOCOLATE AND LOVE,WS232,100% Dark Ginger Bar,,12 X 80G,47.49,1,6.35,,F,G,O,S,V,5060270125358,5060270125365,N,02 OCT 25
FRUIT - CANNED & JARRED,CLEARSPRING,VF188,Apple & Blueberry Puree - Org,,12 X 2X100G,17.91,,1.99,,,,O,,V,5021554981565,05021554981992,,
TABLE SAUCES,EATEN ALIVE,KJ391,Mango Inferno Hot Sauce,Fermented,12 X 150ML,31.56,,3.52,,,,,S,V,5060719550734,15060719550731,,
CAKES,FREE & EASY,BT072,Chocolate Brownie Mix,,4 X 350G,13.72,,4.55,,,G,,S,V,5015285811758,05015285911991,,
HONEY,HILLTOP HONEY,HY069,Blossom Honey - Squeezy,,6 X 340G,13.49,,2.99,,,,,,,5060298571250,05060298571366,,
NUTS & SEEDS,BULK COMMODITIES,NU037,Peanuts - Chilli & Honey,Caramelised chilli and honey,12.50 KG,108.34,1,,,,,,,,,,,
CHOCOLATE,MONTEZUMA'S,ZX454,Snowballs Salted Caramel,White Chocolate,7 X 120G,23.20,1,5.50,,,,,S,,,,N,
BODY CARE,OLIVA,DY561,Olive Oil Soap - Large Bar,,6 X 600G,15.06,1,3.99,,,,,,V,5201720030161,05018076200960,N,
HERB & FRUIT TEA INFUSIONS,PUKKA,TE721,Herbal Collection,4 Herbal and green teas,4 X 20 BAGS,12.62,,4.19,,,,O,,,5063270115541,5063270115534,,
FLOURS & BREAD MIXES,SHIPTON MILL,FG112,Self Raising White Flour,,6 X 1KG,10.69,,2.39,,,,O,,V,5016473015088,5016473015088,N,
MEAT ALTERNATIVES (CHILLED),TOFURKY,CV784,Lightly Seasoned Roast Chick'n,,5 X 142G,22.18,,5.90,,,,,S,V,025583119314,10025583119311,,
FLAKES; BRANS & WHEATGERM,ALARA,FX013,Pure Gluten Free Oats,,6 X 500G,15.33,,3.39,,,G,,,V,5016786200003,5016786200010,,
JUICE CONCENTRATES & CORDIALS,BELVOIR,JU578,Elderflower Cordial,,6 X 500ML,19.04,1,5.09,,,G,,S,V,5022019010202,05022019011209,,
TOFU & TEMPEH (CHILLED),BETTER NATURE,CV387,Smoky Tempeh,,6 X 220G,14.92,,3.29,,,G,,,V,5060930820043,15060930820040,,
CHOCOLATE,CHOCOCO,ZX047,Milk Chocolate Jolly Gonk,,12 X 80G,71.83,1,9.99,,,G,,S,,5060246841251,5060246841572,,
FRUIT - CANNED & JARRED,CLEARSPRING,VF189,Apple & Plum Puree - Organic,,12 X 2X100G,17.91,,1.99,,,,O,,V,5021554981572,05021554982005,,
TABLE SAUCES,EATEN ALIVE,KJ146,Preserved Lemon Hot Sauce,Fermented,12 X 150ML,31.56,,3.52,,,,,S,V,5060719550024,0634158906756,,
SOUPS,FREE & EASY,VF083,Tomato Soup - Org,,6 X 400G,11.20,,2.49,,,G,O,,V,5015285811666,05015285911908,,
CHOCOLATE,H!P - HAPPINESS IN PLANTS,KB202,Oat Milk Advent Calendar,,10 X 120G,80.71,1,12.99,,,,,S,V,5060561609734,5060561609741,,
NUTS & SEEDS,SUMA BAGGED DOWN,NU128,Peanuts - Chilli & Honey,Caramelised chilli and honey,1 KG,11.05,1,,,,,,,,5017601049197,,,
CHOCOLATE,MONTEZUMA'S,KB196,FitzRoy Very Dark Chocolate,,12 X 90G,23.90,1,3.20,,,,O,S,V,5060719920148,5060719920155,N,
CHOCOLATE,OMBAR CHOCOLATE,KB313,Blonde Easter Egg,,6 X 216G,48.00,1,12.99,,F,G,O,S,V,5060102662815,15060102662812,,
HERB & FRUIT TEA INFUSIONS,PUKKA,TE318,Joy,lemony herbs; twist of orange,4 X 20BAGS,11.45,,3.85,,,,O,,V,5060519146144,45060519146142,,
FLOURS & BREAD MIXES,SHIPTON MILL,FG111,Strong White Bread Flour,,6 X 1KG,9.90,,2.19,,,,O,,V,5016473015095,5016473015019,N,
MEAT ALTERNATIVES (CHILLED),THE TOFOO CO.,CV122,Ham Seitan,,6 X 225G,14.16,,3.15,,,,,,V,5034467002456,5034467002463,,
FLAKES; BRANS & WHEATGERM,ALARA,FX026,Gluten Free Scottish Porridge,,6 X 500G,20.46,,4.55,,,G,O,,V,5016786000160,5016786410167,,
SOFT DRINKS,Belvoir Farm Ltd,JU810,Organic Elderflower Presse,Organic,12 X 275ML,13.67,1,1.85,,,,O,S,V,5022019150717,5022019153718,,
TOFU & TEMPEH (CHILLED),BETTER NATURE,CV201,Organic Tempeh,,6 X 200G,14.11,,3.15,,,,O,,V,5070000206868,15070000206865,,
CHOCOLATE,CHOCOLARDER,KB111,Wild Gorse Flower 50% Bar,Milk Chocolate,10 X 70G,37.02,1,6.95,,,,,S,,0600649362172,7241905600374,N,
FRUIT - CANNED & JARRED,CLEARSPRING,VF190,Apple & Apricot Puree - Org,,12 X 2X100G,17.91,,1.99,,,,O,,V,5021554981558,05021554981985,,
TABLE SAUCES,EATEN ALIVE,KJ148,Scotch Bonnet Hot Sauce,Fermented,12 X 150ML,31.56,,3.52,,,,,S,V,5060719550017,0634158758447,,
SOUPS,FREE & EASY,VF720,Lentil & Red Pepper Soup - Org,,6 X 400G,11.20,,2.49,,,G,O,,V,5015285811673,05015285911915,,
SOFT DRINKS,HIP POP,JU364,Apple Elderflower Kombucha,,12 X 330ML,13.37,1,1.79,,,,,,V,5060512670943,5060512670950,,
NUTS & SEEDS,SUMA PREPACKS,NU123,Peanuts - Chilli & Honey,Caramelised chili & honey,6 X 125G,9.94,1,2.65,,,,,,,5017601049135,05017601049128,,
CHOCOLATE,MOO FREE,WS033,Advent Calendar Kid White Choc,white chocolate calendar,10 X 70G,34.37,1,5.50,,,G,,S,V,5060235830907,15060235830904,,
CHOCOLATE,OMBAR CHOCOLATE,KB574,100% Cacao Chocolate Bar,,10 X 70G,22.87,1,3.65,,F,G,O,S,V,5060102662600,15060102662607,N,
HERB & FRUIT TEA INFUSIONS,PUKKA,TE334,Lemon; Ginger & Manuka Honey,With lemongrass; licorice root,4 X 20 BAGS,11.45,,3.85,,,,O,,,5063270111079,5063270111062,,
FLOURS & BREAD MIXES,SHIPTON MILL,FG136,Soft Cake & Pastry White Flour,,6 X 1KG,9.97,,2.19,,,,O,,V,5016473014326,05016473014517,N,
MEAT ALTERNATIVES (CHILLED),TOFURKY,CV771,Italian-Style Deli Slices,,6 X 85G,18.67,,4.15,,,,,S,V,10025583119359,025583119352,,
NUTS & SEEDS,ALARA,NU098,Raw Milled Brown Linseeds,,6 X 500G,23.26,,5.19,,,,O,,V,5016786002218,5016786412246,,
SOFT DRINKS,BELVOIR,JU115,Elderflower Lemonade Cans,Delicious & Light,12 X 330ML,8.00,1,1.09,,,,,,V,5022019361915,05022019365913,,
CRISPS & SNACKS,TRAFO,ZX701,Truffle Potato Crisps,Thick Cut,12 X 100G,37.42,1,4.99,,,,O,,V,8718754506687,8718754506694,N,
CHOCOLATE,COCO CHOCOLATIER,WS043,Chocolate Caramel Hazelnuts,,12 X 135G,74.83,1,9.99,,F,,,S,,5060149466278,5060149466285,N,
FRUIT - CANNED & JARRED,CLEARSPRING,VF335,Apple & Strawberry Puree - og,,12 X 2 X100G,17.91,,1.99,,,,O,,V,5021554984450,05021554984467,,
TABLE SAUCES,EATEN ALIVE,KJ144,Smoked Sriracha Hot Sauce,Fermented,12 X 150ML,31.56,,3.52,,,,,S,V,5060719550000,25060719550004,,
SOUPS,FREE & EASY,VF086,Pea & Mint Soup - Org,,6 X 400G,11.20,,2.49,,,G,O,,V,5015285811680,05015285911922,,
SOFT DRINKS,HIP POP,JU105,Berries & Cherries,With chicory root fibre,12 X 330ML,13.38,1,1.79,,,G,,S,V,5060512671926,5060512671940,,
DRINKS (CHILLED),LOVING FOODS,CV176,Blueberry & Lavender Kombucha,,12 X 330ML,22.62,1,2.99,,,,O,S,V,8944596459274,0689843841133,,
CHOCOLATE,MOO FREE,WS160,Bunny Bar,,15 X 30G,16.79,1,1.79,,,G,,S,V,5060235832147,15060235832144,N,
CHOCOLATE,OMBAR CHOCOLATE,ZX419,100% Cacao Chocolate Bar,,10 X 35G,14.23,1,2.30,,F,G,O,,V,5060102662143,15060102662140,N,
HERB & FRUIT TEA INFUSIONS,PUKKA,TE393,Love,rose; camomile; lavender,4 X 20BAGS,11.45,,3.85,,,,O,,V,850835000115,05065000523558,,
MEAT ALTERNATIVES(FROZEN),TOFURKY,XL026,Plant Based Stuffed Roast,,6 X 737G,87.68,,19.50,,,,,S,V,10025583119373,25583119376,,
FLAKES; BRANS & WHEATGERM,ALARA,FX012,Oat Bran,,6 X 650G,15.09,,3.35,,,,O,,V,5016786412529,5016786002492,,
SOFT DRINKS,Belvoir Farm Ltd,JU795,Elderflower Presse,,12 X 275ML,12.91,1,1.75,,,,,S,V,5022019010714,5022019013715,,
CRISPS & SNACKS,TRAFO,ZX705,Sea Salt Potato Crisps,Thick Cut,10 X 125G,24.90,1,3.99,,,,O,,V,8718754502399,8718754502405,N,
CHOCOLATE,CHOCOLARDER,KB106,Cornish Honeycomb 50% Bar,Milk Chocolate,10 X 70G,37.02,1,6.95,,,,,S,,0600649362165,7241905600206,N,
FRUIT - CANNED & JARRED,CLEARSPRING,VF155,Pear Puree - organic,,12 X 2X100G,17.91,,1.99,,,,O,,V,5021554985266,05021554985273,,
PASTA,EXPLORE CUISINE,WT041,Edamame Lasagne Sheets,Organic,6 X 120G,12.38,,2.75,,,G,O,,V,7640164293189,7640164293196,,
SOUPS,FREE & EASY,VF124,Carrot & Coconut Soup,,6 X 400G,11.20,,2.49,,,G,O,,V,5015285811697,05015285911939,,
SOFT DRINKS,HIP POP,JU360,Blueberry Ginger Kombucha,,12 X 330ML,13.37,1,1.79,,,,,,V,5060512670967,5060512670974,,
DRINKS (CHILLED),LOVING FOODS,CV205,Lemon & Ginger Jun Kombucha,,12 X 330ML,22.62,1,2.99,,,,O,S,,8944596459298,0689843841157,,
CHOCOLATE,MOO FREE,WS153,Cherry Bakewell Egg & Bar,,4 X 135G,19.87,1,7.95,,,G,,S,V,5060235832123,15060235832120,,
CHOCOLATE,OMBAR CHOCOLATE,KB584,90% Cacao Chocolate Bar,,10 X 70G,22.87,1,3.65,,F,G,O,S,V,5060102662594,15060102662591,N,
DESSERTS; DAIRY (FROZEN),PUKPIP,XL335,Milk Chocolate Dipped Bananas,,12 X 3 X 70G,33.72,1,4.49,,,,,S,,5060954780002,25060954780009,,
MEAT ALTERNATIVES (CHILLED),THE TOFOO CO.,CV567,Original Seitan,,6 X 225G,12.78,,2.85,,,,,,V,5034467002029,05034467002036,,
CEREALS & MUESLIS,ALARA,MX047,Muesli Super Fruits,,6 X 500G,21.39,,4.75,,,,O,,V,5016786002256,5016786412284,,
SOFT DRINKS,BELVOIR,JU674,Elderflower Presse,,6 X 750ML,13.93,1,3.75,,,G,,S,V,5022019010110,05022019012114,,
CRISPS & SNACKS,TRAFO,ZX707,Sea Salt & Black Pepper Crisps,Thick Cut,10 X 125G,24.90,1,3.99,,,,O,S,V,8718754502412,8712423019829,N,
CHOCOLATE,CHOCOCO,WS171, Honeycomb Egg,43% Oatm!lk Chocolate,6 X 175G,57.44,1,15.99,,,G,,S,V,5060246841886,5060246841985,,
FAR EASTERN FOOD,CLEARSPRING,JP072,Sushi Nori - toasted,7 Sheets,8 X 17G,20.34,,3.39,,,,,,V,5021554001072,05021554987628,,
PASTA,EXPLORE CUISINE,WT069,Red Lentil Elbow Pasta,Organic,6 X 225G,12.03,,2.69,,,G,O,,V,7640164293271,7640164293288,,
SOUPS,FREE & EASY,VF096,Butternut Squash & Ginger - Og,,6 X 400G,11.20,,2.49,,,G,O,,V,5015285811710,05015285911953,,
SOFT DRINKS,HIP POP,JU098,CBD Cherry & Blackberry,All vegan natural ingredients,12 X 330ML,13.71,1,1.85,,,G,,S,V,5060512670806,5060512670844,,
DRINKS (CHILLED),LOVING FOODS,CV233,Matcha & Mint Kombucha,,12 X 330ML,22.62,1,2.99,,,,O,S,V,8944596479852,0689843841119,,
CHOCOLATE,MOO FREE,WS152,Bing Egg & Choccy Bing,,6 X 80G,20.45,1,5.45,,,G,,S,V,5060235832116,15060235832113,,
CHOCOLATE,OMBAR CHOCOLATE,ZX659,90% Cacao Chocolate Bar,,10 X 35G,14.23,1,2.30,,F,G,O,S,V,5060102661931,15060102661938,N,
DESSERTS; DAIRY (FROZEN),PUKPIP,XL054,Milk Chocolate Banana Bites,,10 X 172G,34.34,1,5.50,,,,,S,V,5060954780101,15060954780108,,
MEAT ALTERNATIVES (CHILLED),TOFURKY,CV759,Smoked Ham Style Deli Slices,,6 X 85G,18.67,,4.15,,,,,S,V,025583119338,10025583119335,,
FLAKES; BRANS & WHEATGERM,ALARA,FX002,Wheat Bran,,6 X 650G,12.51,,2.79,,,,O,,V,5016786002508,5016786412536,,
JUICE CONCENTRATES & CORDIALS,BELVOIR,JU516,Elderflower & Rose Cordial,,6 X 500ML,19.04,1,5.09,,,G,,S,V,5022019590209,5022019591206,,
CRISPS & SNACKS,TRAFO,ZX710,Rosemary & Himalaya Salt Crisp,Thick Cut,10 X 125G,24.90,1,3.99,,,,O,,V,8718754502177,8718754502184,N,
TABLE SAUCES,CHOLULA,KJ234,Hot Sauce Chipotle,,6 X 150ML,14.08,,3.15,,,G,,S,V,049733830119,10049733830116,,
FAR EASTERN FOOD,CLEARSPRING,JP161,Furikake Sprinkle,,8 X 50G,29.94,,4.99,,,,O,,V,5021554005650,05021554005667,,
HOUSEHOLD CLEANING PRODUCTS,ECOLEAF BY SUMA,HJ377,Liquid Hand Soap-Coconut,Coconut & Hibiscus,6 X 500ML,16.29,1,4.35,,,,,,V,5017601050278,05017601050261,,
SOUPS,FREE & EASY,VF097,Sweet Potato & Chia Soup - Org,,6 X 400G,11.20,,2.49,,,G,O,,V,5015285811727,05015285911960,,
CHOCOLATE,H!P - HAPPINESS IN PLANTS,KB618,Cookies & Cream,Oat Milk Chocolate,12 X 70G,26.23,1,3.49,,,,,S,V,5060561603152,5060561604135,N,
DRINKS (CHILLED),LOVING FOODS,CV244,Raspberry & Tulsi Kombucha,,12 X 330ML,22.62,1,2.99,,,,O,S,V,0689843840778,0689843841126,,
CHOCOLATE,MOO FREE,KB064,Advent Calendar Chocolate Bing,"milk" choc,10 X 70G,34.37,1,5.50,,,G,,S,V,5060235832024,15060235832021,,
CHOCOLATE,OMBAR CHOCOLATE,KB321,Almond Butter Chocolate Bar,,15 X 42G,22.21,1,2.40,,F,G,O,S,V,5060102662679,15060102662676,N,
HERB & FRUIT TEA INFUSIONS,PUKKA,TE490,Mint Matcha Green,Field;Spearmint;Sencha;Matcha,4 X 20 BAGS,11.45,,3.85,,F,,O,,V,5060229014467,45060229014465,,
TOFU & TEMPEH (CHILLED),CLEAR SPOT,CV074,Tempeh,,6 X 200G,16.63,,3.69,,,,O,,V,5034467000858,05034467000865,,
CHOCOLATE,ALTERECO,KB561,Dark Chocolate with Almond,,14 X 100G,34.77,1,3.99,,F,,O,S,V,3700214619278,13700214619275,N,
SOFT DRINKS,BELVOIR,JU236,Elderflower & Rose Presse,,6 X 750ML,13.93,1,3.75,,,G,,S,V,5022019590117,05022019592111,,
CRISPS & SNACKS,TRAFO,ZX094,Salted Popcorn Organic,,12 X 50G,24.51,1,3.29,,,G,O,,V,8718754501859,8718754507028,N,
CHOCOLATE,CHOCOLARDER,WS092,Hot Cross Bun Milk Choc Egg,50% milk chocolate,9 X 90G,75.86,1,14.00,,,,,S,,719710458345,,N,
TEAS,CLEARSPRING,TE236,Japanese Oolong Tea (bags),Semi-Fermented Blue Tea,4 X 36G,11.97,,3.99,,,,O,,V,5021554001638,05021554001621,,
HOUSEHOLD CLEANING PRODUCTS,ECOLEAF BY SUMA,HJ380,Liquid Hand Soap-Coconut,Coconut Water & Hibiscus,5L,13.77,1,21.99,,,,,,V,5017601050339,05017601050322,,
SOUPS,FREE & EASY,VF302,Broccoli & Kale,Low Salt,6 X 400G,11.20,,2.49,,,G,O,,V,5015285811864,05015285912103,,
CHOCOLATE,H!P - HAPPINESS IN PLANTS,KB213,H!P Crunchy Caramel Peanuts,,8 X 90G,17.71,1,3.49,,,,,S,V,5060561607716,5060561608959,N,
VEGAN DESSERTS,LICKALIX,XL041,Chocolate Ice Lollies,,10 X 3 X 75M,30.00,1,4.80,,,G,O,S,V,5081304297056,15081304297053,,
CHOCOLATE,MOO FREE,KB324,Bunnycomb Bars,,20 X 20G,11.26,1,0.90,,,G,,S,V,5060235830952,15060235830959,N,
HERB & FRUIT TEA INFUSIONS,PUKKA,TE232,Morning Berry,Fruity; caffeine free; ginseng,4 X 20 BAGS,15.26,,5.09,,F,,O,,V,5060519148711,45060519148719,,
MEAT ALTERNATIVES (CHILLED),TOFURKY,CV785,Chick'n Tikka Masala,,5 X 142G,22.18,,5.90,,,,,S,V,025583119291,10025583119298,,
CHOCOLATE,ALTERECO,KB566,Dark Chocolate 70%,,14 X 100G,34.77,1,3.99,,F,,O,S,V,3700214619254,13700214619251,N,
CAKES,WE LOVE CAKE,BT141,Mince Pies,gluten; wheat & milk free,5 X 230G,14.15,,4.75,,,G,,S,V,5028931048842,05028931148849,,
VEGAN & OAT MILK,SPROUD,SY069,Sproud Barista,Foamable and Creamy,6 X 1L,11.00,,2.45,,,G,,S,V,7340150800536,7340150800543,,
CHOCOLATE,CHOCOLARDER,KB236,Milk Chocolate Hazelnuts,,3 X 200G,25.60,1,16.00,,,,,S,,719710457638,719710457652,N,
TEAS,CLEARSPRING,JP019,Sencha Traditional Green Tea,Looseleaf,6 X 90G,33.71,,7.49,,,,O,,V,5021554000952,05021554000938,,
HOUSEHOLD CLEANING PRODUCTS,ECOLEAF BY SUMA,HJ376,Liquid Hand Soap-Pomegranate,Pomegranate & Goji,6 X 500ML,16.29,1,4.35,,,,,,V,5017601050254,05017601050247,,
SOUPS,FREE & EASY,VF297,Butternut;Sweet Potato;Turmerc,Low Salt,6 X 400G,11.20,,2.49,,,G,O,,V,5015285811840,05015285912080,,
CHOCOLATE,H!P - HAPPINESS IN PLANTS,KB197,Gingerbread Bar,Oat Milk Chocolate,12 X 70G,26.57,1,3.55,,,,,S,V,5060561606610,5060561606627,N,
VEGAN DESSERTS,LICKALIX,XL037,Mango Raspberry Ice Lollies,,10 X 3 X 75M,30.00,1,4.80,,,G,O,S,V,5081304331842,15081304331870,,
CHOCOLATE,MOO FREE,KB348,Buttons - Original,,25 X 25G,17.19,1,1.10,,,G,,S,V,5060235831003,15060235831000,N,
HERB & FRUIT TEA INFUSIONS,PUKKA,TE246,Night Time,Oatflower; Lavender;Limeflower,4 X 20BAGS,11.45,,3.85,,,,O,,V,5065000523183,05065000523411,,
TOFU & TEMPEH (CHILLED),CLEAR SPOT,CV210,Plain Tofu,,6 X 1KG,32.19,,,,,,O,,V,05034467000407,05034467000049,,
SNACK BARS & FLAPJACKS,BRYNMOR,KB541,Cashew & Coconut,,20 X 80G,11.14,,0.75,,,G,,S,V,5024278003056,5024278003254,N,
CHOCOLATE,ALTERECO,KB567,Dark Chocolate 85%,,14 X 100G,34.77,1,3.99,,F,,O,S,V,3700214619261,13700214619268,N,
ALCOHOL FREE AND LOW ALCOHOL BE,BELVOIR,JU326,Festive Fruit Punch,,6 X 750ML,16.79,1,4.79,,,,,S,V,5022019230136,05022019232116,,
VEGAN & OAT MILK,SPROUD,SY057,Sproud Unsweetened,Pea Protein Drink,6 X 1L,11.00,,2.45,,,G,,S,V,7340150800444,7340150800451,,
CHOCOLATE,CHOCOLARDER,KB102,Maleku 70% Dark Chocolate Bar,,10 X 70G,37.02,1,6.95,,,,,S,V,719710457478,7197104574858,N,
CRISPS & SNACKS,CLEARSPRING,BT055,Rice Crackers Olive Oil & Salt,,12 X 50G,20.62,,2.29,,,,O,,V,5021554984122,05021554984139,,
HOUSEHOLD CLEANING PRODUCTS,ECOLEAF BY SUMA,HJ378,Liquid Hand Soap-Rose&Magnolia,Rose & Magnolia,6 X 500ML,16.29,1,4.35,,,,,,V,5017601050292,05017601050285,,
BAKING SUNDRIES,FREE & EASY,LJ016,Egg Replacer,Gluten & Dairy Free,6 X 135G,13.64,,2.99,,,G,,,V,5015285811734,05015285911977,,
SOFT DRINKS,HIP POP,JU363,Ginger Yuzu Kombucha,,12 X 330ML,13.37,1,1.79,,,,,,V,5060512670981,5060512670998,,
VEGAN DESSERTS,LICKALIX,XL042,Strawberry Lemon Ice Lollies,,10 X 3 X 75M,30.00,1,4.80,,,G,O,S,V,5081304331859,15081304331887,,
CHOCOLATE,MOO FREE,KB983,Choccy Chums Mini Bar,,40 X 20G,20.00,1,0.80,,,G,,,V,5060235831904,15060235831901,N,
HERB & FRUIT TEA INFUSIONS,PUKKA,TE231,Night Time Berry,Chamomile; hibiscus; berries,4 X 20 BAGS,11.45,,3.85,,,,O,,V,5063270112335,5063270112328,,
TOFU & TEMPEH (CHILLED),CLEAR SPOT,CV272,Plain Tofu,,6 X 450G,16.60,,3.69,,,,O,,V,5034467000155,05034467000162,,
SNACK BARS & FLAPJACKS,BRYNMOR,KB562,Caramel Fudge,,20 X 80G,12.00,,0.79,,,G,,S,,5024278003049,5024278003247,N,
CHOCOLATE,ALTERECO,KB571,Orange Dark Chocolate,,14 X 100G,34.77,1,3.99,,F,,O,S,V,3700214619247,13700214619244,N,
VERAGES,,,,,,,,,,,,,,,,,,
CRISPS & SNACKS,TRAFO,ZX118,Sweet Popcorn Organic,,12 X 50G,24.51,1,3.29,,,G,O,S,V,8718754501835,8718754507011,N,
CHOCOLATE,CHOCOCO,WS254,Milk Chocolate Easter Bunny,47% colombia choc;hand painted,12 X 115G,72.26,1,9.99,,,,,S,,5060246847598,,,
FAR EASTERN FOOD,CLEARSPRING,JP001,Tamari Soya Sauce,Double Strength,2.5 L,33.74,,44.99,,,G,O,,V,5021554980124,,,
HOUSEHOLD CLEANING PRODUCTS,ECOLEAF BY SUMA,HJ381,Liquid Hand Soap-Rose&Magnolia,Rose & Magnolia,5L,13.77,1,21.99,,,,,,V,5017601050353,05017601050346,,
CONVENIENCE FOODS,FREE & EASY,VF125,Bean Cassoulet - og,,6 X 400G,12.58,,2.80,,,G,O,,V,5015285811451,05015285911618,,
CHOCOLATE,H!P - HAPPINESS IN PLANTS,KB804,H!P n Mix Pouch,,8 X 90G,18.86,1,4.55,,,,,S,V,5060561609826,5060561609833,,
MEAT ALTERNATIVES(FROZEN),LIKE,XL080,Chicken Style Burgers,,10 X 320G,20.03,,3.35,,,,,S,V,6009712300723,16009712300720,,
CHOCOLATE,MOO FREE,KB247,Cookie Crunch Bar,white choc bubble bar,20 X 35G,18.76,1,1.50,,,G,,S,V,5060235831768,15060235831765,,
HERB & FRUIT TEA INFUSIONS,PUKKA,TE478,Liquorice & Cinnamon,cardamom; chicory; cinnamon,4 X 20BAGS,11.45,,3.85,,,,O,,V,5065000523930,05065000523817,,
TOFU & TEMPEH (CHILLED),CLEAR SPOT,CV206,Plain Tofu,,8 X 280G,14.18,,2.35,,,,O,,V,5034467000018,05034467000025,,
SNACK BARS & FLAPJACKS,BRYNMOR,KB563,Chocolate,,20 X 80G,12.00,,0.79,,,G,,S,,5024278003063,5024278003261,N,
CHOCOLATE,ALTERECO,KB568,Milk Chocolate,,14 X 100G,34.77,1,3.99,,F,,O,S,,3700214619292,13700214619299,N,
SOFT DRINKS,BELVOIR,JU780,Ginger Beer,,6 X 750ML,13.93,1,3.75,,,G,,S,V,5022019090112,05022019092116,,
INTIMATE CARE,NATRACARE,NF121,Panty Liner Curved,organic cotton cover,16 X 30,23.79,,2.09,,,,,,V,0782126003065,05019493030604,,
CHOCOLATE,CHOCOCO,WS163,Milk Chocolate Mini Bunnies,47% Colombia Origin,12 X 95G,71.84,1,9.99,,,G,,S,,5060246841794,5060246841893,,
FRUIT - CANNED & JARRED,CLEARSPRING,VF015,Apple & Blueberry Fruit Puree,Organic,18 X 100G,18.77,,1.39,,,,O,,V,5021554005551,05021554005568,,
HOUSEHOLD CLEANING PRODUCTS,ECOVER,HJ100,All Purpose Cleaner,Lemon & Ginger,6 X 1L,13.39,1,3.59,,,,,,V,5412533421514,05412533421521,,
BAKING SUNDRIES,FREE & EASY,LJ009,Cheese Flavour Sauce Mix,Dairy Free,6 X 130G,13.27,,2.95,,,G,,S,V,5015285810812,05015285811048,,
SOFT DRINKS,HIP POP,JU232,Ginger and Turmeric,Deliciously warm and zingy,12 X 330ML,13.37,1,1.79,,,,,,V,5060512670837,5060512670875,,
CHOCOLATE,MOO FREE,WS270,Cookie Crunch Egg,contains cookie crunch bar,4 X 135G,19.87,1,7.95,,,G,,S,V,5060235831959,15060235831956,N,
DESSERTS; DAIRY (FROZEN),PUKPIP,XL052,Peanut Butter Banana Bites,,10 X 172G,34.34,1,5.50,,,,,S,V,5060954780125,15060954780122,,
TOFU & TEMPEH (CHILLED),CLEAR SPOT,CV249,Smoked Tofu,,8 X 225G,19.37,,3.20,,,,O,,V,5034467000063,05034467000070,,
SNACK BARS & FLAPJACKS,BRYNMOR,KB551,Cranberry,,20 X 80G,11.14,,0.75,,,,,S,V,5024278003070,5024278003278,N,
CHOCOLATE,ALTERECO,KB572,Salted Caramel Milk Chocolate,,14 X 100G,34.77,1,3.99,,F,,O,S,,3700214619285,13700214619282,N,
JUICE CONCENTRATES & CORDIALS,BELVOIR,JU577,Ginger Cordial,,6 X 500ML,19.04,1,5.09,,,G,,S,V,5022019090204,05022019091201,,
INTIMATE CARE,NATRACARE,NF313,Ultra Extra Super Pads Winged,,12 X 10,21.41,,2.45,,,,,,V,0782126003287,05019493032806,,
CHOCOLATE,CHOCOLARDER,KB112,Mocha Chocolates Box,,3 X 175G,28.80,1,18.00,,,,,S,V,719710457782,719710457805,N,
FRUIT - CANNED & JARRED,CLEARSPRING,VF003,Apple & Mango Puree,Organic,18 X 500G,18.77,,1.39,,,,O,,V,5021554005599,05021554005605,,
HOUSEHOLD CLEANING PRODUCTS,ECOVER,HJ076,Laundry Bleach,No Added Fragrance,6 X 400G,8.50,1,2.29,,,,,,V,5412533140408,5412533422061,,
CONVENIENCE FOODS,FREE & EASY,VF116,Chickpea & Bean Tagine,,6 X 400G,14.80,,3.29,,,G,O,,V,5015285811468,05015285911625,,
SOFT DRINKS,HIP POP,JU257,Pink Grapefruit,Deliciously fruity,12 X 330ML,13.37,1,1.79,,,,,,V,5060512670905,5060512670912,,
CHOCOLATE,MOO FREE,WS176,Clucky Egg Bar,,20 X 15G,12.38,1,0.99,,,G,,S,V,5060235831928,15060235831925,,
HERB & FRUIT TEA INFUSIONS,PUKKA,TE473,Radiance,Nettle; Fennel; Peppermint,4 X 20BAGS,15.26,,5.09,,,,O,,V,5060519148254,45060519148252,,
FLOURS & BREAD MIXES,SHIPTON MILL,FG899,3 Malts/Sunflower Brown Flour,,6 X 1KG,12.09,,2.69,,,,O,,V,5016473016252,05016473014470,N,
SUPPLEMENTS & REMEDIES,TOGETHER HEALTH,VM032,Organic Ashwagandha,KSM-66 Whole Root 500mg,6 X 30 CAPS,40.84,1,11.99,,,G,O,,V,5060170530542,5060170530559,,
SNACK BARS & FLAPJACKS,BRYNMOR,KB575,Dark Chocolate & Ginger,,20 X 80G,12.00,,0.79,,,G,,S,V,5024278003087,5024278003285,N,
MIDDLE EASTERN & AFRICAN FOOD,AL'FEZ,KJ548,Apricot & Coriander Sauce 450g,Pour Over Sauce,6 X 450G,13.60,,3.04,,,G,,,V,5010338000141,05015612000398,,
SOFT DRINKS,BELVOIR,JU814,Ginger Beer,Organic,12 X 275ML,13.67,1,1.85,,,,O,S,V,5022019160716,05022019163717,,
INTIMATE CARE,NATRACARE,NF059,Dry & Light Incontinence Pads,slim; organic cotton cover,6 X 20,18.99,1,4.19,,,,,,V,0782126003508,05019493035005,,
CHOCOLATE,CHOCOLARDER,KB104,Toasted Oat 60% Chocolate Bar,,10 X 70G,37.02,1,6.95,,,,,S,V,733430996956,7241905600688,N,
FRUIT - CANNED & JARRED,CLEARSPRING,VF299,Banana Blueberry Strawb Puree,Organic,18 X 100G,18.77,,1.39,,,,O,,V,5021554005612,05021554005629,,
BODY CARE,LOOFCO,DY092,Bath Time Loofah,Made from the loofah plant,8 X 1,15.93,1,3.19,,,,,,V,5060175850584,15060175850581,N,
CONVENIENCE FOODS,FREE & EASY,VF006,Chickpea / Vegetable Curry,,6 X 400G,12.58,,2.80,,,G,O,,V,5015285810904,05015285811079,,
SOFT DRINKS,HIP POP,JU255,Tropical Peach,Deliciously fruity & tropical,12 X 330ML,13.37,1,1.79,,,,,,V,5060512670929,5060512670936,,
BEANS & PULSES - DRIED,SUMA BAGGED DOWN,PU179,Moong Dahl,,3 KG,11.35,,,,,,,,V,5017601009757,,,
HERB & FRUIT TEA INFUSIONS,PUKKA,TE094,Vanilla Chai,cinnamon; sweet vanilla,4 X 20 BAGS,11.45,,3.85,,F,,O,,V,850835000726,05065000523596,,
FLOURS & BREAD MIXES,SHIPTON MILL,FG051,Traditional White Flour No4,,16 KG,16.97,,,,,,O,,V,5016473014876,5016473014876,,
SUPPLEMENTS & REMEDIES,TOGETHER HEALTH,VM017,Vegan Wholefood Multivitamin,Essential For A Vegan Diet,5 X 60 CAPS,39.71,1,13.99,,,G,,,V,5060170530337,5060170530382,,
SNACK BARS & FLAPJACKS,BRYNMOR,KB552,Pecan,,20 X 80G,11.14,,0.75,,,,,S,V,5024278003100,5024278003308,N,
JUICE CONCENTRATES & CORDIALS,BELVOIR,JU197,Honey; Lemon & Ginger Cordial,XMAS 2025,6 X 500ML,19.96,1,5.35,,,G,,S,,5022019550203,05022019551200,,
INTIMATE CARE,NATRACARE,NF152,New Mother Maternity Pads,organic cotton cover,10 X 10,20.42,,2.79,,,,,,V,0782126003409,05019493034008,,
CHOCOLATE,CHOCOCO,WS256,Oat Milk Choc Easter Bunny,43% colombia choc;hand painted,12 X 115G,72.26,1,9.99,,,,,S,V,5060246847628,5060246845761,,
FAR EASTERN FOOD,CLEARSPRING,JP153,Pad Thai Sauce,,6 X 150ML,25.16,,5.59,,,G,O,,V,5021554005490,05021554005506,,
HOUSEHOLD CLEANING PRODUCTS,ECOLEAF BY SUMA,HJ256,Bathroom Cleaner - Lavender,Trigger - Lavender,12 X 750ML,27.99,1,3.75,,,,,,V,5017601051756,05017601051749,,
GRAVY; STOCK & BOUILLON,FREE & EASY,LJ008,Gravy Sauce Mix,Gluten Free,6 X 130G,11.20,,2.49,,,G,,,V,5015285810799,05015285911076,,
CHOCOLATE,H!P - HAPPINESS IN PLANTS,KB607,Original - Creamy & Smooth,Oat Milk Chocolate,12 X 70G,26.23,1,3.49,,,G,,S,V,5060561603145,5060561604128,N,
CHOCOLATE,BOOJA-BOOJA,KB513,Hazelnut Crunch Truffles,,16 X 23G,17.69,1,1.79,,,G,O,S,V,5060002043035,5060002043097,N,
HERB & FRUIT TEA INFUSIONS,PUKKA,TE230,Hero Collection,Contains 30 sachets various,4 X 30 SACH,41.06,,13.69,,F,,O,,,5060519148629,45060519148627,,
FLOURS & BREAD MIXES,SHIPTON MILL,FG133,Light Rye 997 Flour Organic,,6 X 1KG,9.56,,2.09,,,,O,,V,5016473014319,05016473014500,N,
SUPPLEMENTS & REMEDIES,TOGETHER HEALTH,VM111,B-Vitamin Wholefood Complex,Contains All 8 B Vitamins,6 X 30 CAPS,37.43,1,10.99,,,G,,,V,5060170530177,5060170530214,,
SNACK BARS & FLAPJACKS,BRYNMOR,KB555,Pistachio,,20 X 80G,11.14,,0.75,,,,,S,V,5024278003117,5024278003315,N,
SOFT DRINKS,Belvoir Farm Ltd,JU811,Handmade Lemonade,Organic,12 X 275ML,13.67,1,1.85,,,,O,S,V,5022019170715,5022019173716,,
INTIMATE CARE,NATRACARE,NF251,Safe to Flush Moist Tissues,,16 X 30,22.29,1,2.29,,,,,,V,782126203137,05019493203138,,
CHOCOLATE,CHOCOCO,WS164,Oatm!lk Chocolate Mini Bunnies,43% Colombia Origin Chocolate,12 X 95G,71.84,1,9.99,,,G,,S,V,5060246841800,5060246841909,,
CRISPS & SNACKS,CLEARSPRING,ZX207,Tamari Roasted Cashew Nuts,,15 X 30G,18.66,1,1.99,,,G,O,,V,5021554988878,05021554988885,,
HOUSEHOLD CLEANING PRODUCTS,ECOLEAF BY SUMA,HJ259,Bathroom Cleaner Lavender,Lavender & Sweet Orange,5L,10.30,1,16.49,,,,,,V,5017601051831,05017601051824,,
CHOCOLATE,H!P - HAPPINESS IN PLANTS,KB214,H!P Peanut Butter Truffle Bite,,8 X 80G,20.11,1,3.99,,,,,S,V,5060561609284,5060561609291,N,
CHOCOLATE,MOO FREE,KB984,Milk Choc Baking Drops,For cooking and baking,10 X 100G,22.72,,3.00,,,G,,,V,5060235831096,15060235831093,N,
HERB & FRUIT TEA INFUSIONS,PUKKA,TE058,Turmeric Active / Ging& Orange,Turmeric; Ginger & Galangal,4 X 20 BAGS,11.45,,3.85,,,G,O,,V,5060519140753,45060519140751,,
FLOURS & BREAD MIXES,SHIPTON MILL,FG898,White Flour - Organic,,6 X 1KG,10.07,,2.25,,,,O,,V,5016473014258,05016473014456,N,
SUPPLEMENTS & REMEDIES,TOGETHER HEALTH,VM022,Beautiful Hair; Skin & Nails,w/ Hylauronic Acid & Silica,5 X 60 CAPS,48.22,1,16.99,,,G,,,V,5060170530320,5060170530375,,
SNACK BARS & FLAPJACKS,BRYNMOR,KB543,Summer Berry,,20 X 80G,11.14,,0.75,,,G,,S,V,5024278003032,5024278003230,N,
SOFT DRINKS,BELVOIR,JU782,Freshly Squeezed Lemonade,,6 X 750ML,13.93,1,3.75,,,G,,S,V,5022019060115,05022019062119,,
INTIMATE CARE,NATRACARE,NF096,Mini Panty Liner,,10 X 30,14.79,,2.09,,,,,,V,782126003003,05019493030505,,
CHOCOLATE,CHOCOCO,WS258,Oat Milk Choc Spring Chicken,43% colombia choc;hand painted,6 X 100G,35.43,1,9.99,,,,,S,V,5060246847291,5060246841367,,
OILS & FATS,CLEARSPRING,GT201,Sunflower Oil Organic,,6 X 500ML,20.21,,4.49,,,,O,,V,5021554981459,05021554981893,,
BODY CARE,LOOFCO,DY091,Body Loofah,Made from the loofah plant,8 X 1,14.87,1,2.99,,,,,,V,5060175850577,35060175850578,N,
SOFT DRINKS,HIP POP,JU094,CBD Passionfruit Guava,,12 X 330ML,13.71,1,1.85,,,G,,S,V,5060512670790,5060512670868,,
CHOCOLATE,MOO FREE,WS161,Bunnycomb Easter Egg,,6 X 85G,20.44,1,5.45,,,G,,S,V,5060235831775,15060235831772,N,
CHOCOLATE,OMBAR,ZX364,Blonde Bar,Caramelised White Chocolate,10 X 70G,22.87,1,3.69,,F,G,O,S,V,5060102662761,15060102662768,N,
HERB & FRUIT TEA INFUSIONS,PUKKA,TE592,Tulsi Clarity,Green; Purple & Lemon Tulsi,4 X 20 BAGS,11.45,,3.85,,,,O,,V,5060519143693,45060519143691,,
FLOURS & BREAD MIXES,SHIPTON MILL,FG079,Wholemeal Organic Flour,,5 X 2.5KG,19.90,,5.29,,,,O,,V,5016473011257,05016473011202,N,
SUPPLEMENTS & REMEDIES,TOGETHER HEALTH,VM018,Marine Calcium From Seaweed,72 Trace Minerals,5 X 60 CAPS,31.19,1,10.99,,,G,,,V,5060170530351,5060170530405,,
DESSERTS,WIBBLE,VF298,Cola Jelly,,12 X 57G,12.52,,1.39,,,,,,V,5060666570755,5060666570656,,
SOFT DRINKS,BELVOIR,JU114,Sparkling Mango & Peach Cans,Delicious & Light,12 X 330ML,8.00,1,1.09,,,,,,V,5022019261918,05022019265916,,
INTIMATE CARE,NATRACARE,NF298,Maxi Pads - Regular,,12 X 14,19.70,,2.35,,,,,,V,782126003027,05019493030215,,
CHOCOLATE,CHOCOLATE AND LOVE,WS081,Orange 65% Chocolate,,14 X 80G,43.20,1,4.95,,F,,O,S,V,5060270121879,5060270121947,N,02 OCT 25
OILS & FATS,CLEARSPRING,GT202,Sunflower Oil organic,,6 X 1L,33.71,,7.49,,,,O,,V,5021554981480,05021554981961,,
HOUSEHOLD PRODUCTS,LOOFCO,HJ053,Bottle Brush,Made from coir & rubberwood,6 X 1,11.95,1,3.19,,,,,,V,5060175850713,15060175850710,,
CHOCOLATE,H!P - HAPPINESS IN PLANTS,KB606,Salted Caramel,Oat Milk Chocolate,12 X 70G,26.23,1,3.49,,,G,,S,V,5060561603169,5060561604111,N,
CHOCOLATE,MOO FREE,WS230,Easter Egg Hunt Kit,,10 X 90G,40.32,1,6.45,,,G,,S,V,5060235831690,25060235831694,,
CHOCOLATE,OMBAR CHOCOLATE,KB761,Coco 60% Chocolate Bar,,10 X 35G,14.23,1,2.30,,F,G,O,S,V,5060102661108,15060102661105,N,
HERB & FRUIT TEA INFUSIONS,PUKKA,TE602,Three Fennel,Sweet; Wild and Fennel Leaf,4 X 20BAGS,15.26,,5.09,,,,O,,V,5060229010049,05060229010070,,
FLOURS & BREAD MIXES,SHIPTON MILL,FG077,Wholemeal Flour  - Organic,,6 X 1KG,10.22,,2.29,,,,O,,V,5016473015255,05016473014463,N,
SUPPLEMENTS & REMEDIES,TOGETHER HEALTH,VM076,CBD Hemp 10mg,Broad Spectrum With Terpenes,5 X 60 CAPS,44.74,1,15.99,,,G,,,V,5060170530900,5060170530962,,
DESSERTS,WIBBLE,VF274,Forest Fruit Jelly,,12 X 57G,12.52,,1.39,,,,,,V,5060666570168,5060666570397,,
ALCOHOL FREE AND LOW ALCOHOL BE,BELVOIR,JU205,Lime and Yuzu Mojito,Mocktail w\ lime; yuzu & mint,6 X 750ML,13.93,1,3.75,,,G,,S,,5022019930319,05022019932115,,
INTIMATE CARE,NATRACARE,NF299,Maxi Pads - Super,,12 X 12,19.70,,2.35,,,,,,V,782126003034,05019493030314,,
CHOCOLATE,CHOCOCO,ZX331,Oatm!lk Chocolate Penguin,43% colombian chocolate,6 X 120G,51.86,1,13.99,,,,,S,V,5060246848182,5060246846232,,
OILS & FATS,CLEARSPRING,GT231,Sunflower Frying Oil organic,Deodorised,6 X 500ML,21.56,,4.79,,,,O,,V,5021554981466,05021554981909,,
HOUSEHOLD CLEANING PRODUCTS,ECOVER,HJ145,Washing Powder - Biological,Concentrated integrated powder,6 X 750G,22.01,1,5.89,,,,,,V,5412533009934,05412533059939,,
SOFT DRINKS,HIP POP,JU365,Strawberry Pineapple Kombucha,,12 X 330ML,13.37,1,1.79,,,,,,V,5060512671001,5060512671018,,
CHOCOLATE,MOO FREE,KB354,Original Bars,,12 X 80G,21.00,1,2.80,,,G,,S,V,5060235831027,15060235831024,N,
CHOCOLATE,OMBAR CHOCOLATE,KB763,72% Cacao Chocolate Bar,,10 X 35G,14.23,1,2.30,,F,G,O,S,V,5060102661078,15060102661075,N,
HERB & FRUIT TEA INFUSIONS,PUKKA,TE245,Three Ginger,Ginger; Turmeric & Galangal,4 X 20 BAGS,11.45,,3.85,,,,O,,V,5065000523145,05065000523428,,
CRISPS & SNACKS,SHORE,ZX989,Salt & Balsamic Seaweed Chips,,12 X 80G,20.57,,2.29,,,,,S,V,5060567680287,15060567680284,N,
SUPPLEMENTS & REMEDIES,TOGETHER HEALTH,VM358,Organic Chaga 900mg,Dual Extract Fruiting Bodies,5 X 60 CAPS,78.46,1,25.99,,,G,O,,V,5060170531068,5060170531112,,
DESSERTS,WIBBLE,VF203,Orange Jelly Crystals,,12 X 57G,12.52,,1.39,,,,,,V,5060666570175,5060666570380,,
VERAGES,,,,,,,,,,,,,,,,,,
INTIMATE CARE,NATRACARE,NF823,Applicator Tampons - Regular,organic,12 X 16,32.29,,3.59,,,,O,,V,0782126008008,05019493080029,,
CHOCOLATE,CHOCOCO,ZX306,Milk Chocolate Penguin,47% Colombian Chocolate,6 X 120G,51.86,1,13.99,,,,,S,,5060246848151,5060246846188,,
HOUSEHOLD CLEANING PRODUCTS,ECOVER,HJ002,Bathroom Cleaner,Mint & Cucumber,6 X 500ML,10.91,1,2.89,,,,,,V,5412533421736,05412533421743,,
CHOCOLATE,H!P - HAPPINESS IN PLANTS,KB621,Salty Pretzels,Oat Milk Chocolate,12 X 70G,26.23,1,3.49,,,,,S,V,5060561603138,5060561604142,N,
CHOCOLATE,MOO FREE,KB073,Festive Caramel Filled Shapes,eight caramel filled treats,10 X 65G,21.87,1,3.50,,,G,,S,V,5060235832062,15060235832069,,
CHOCOLATE,OMBAR CHOCOLATE,KB355,Hazelnut Truffle Chocolate Bar,,15 X 42G,22.21,1,2.40,,F,G,O,S,V,5060102662655,15060102662652,N,
HERB & FRUIT TEA INFUSIONS,PUKKA,TE238,Three Mint,Pepper; Spear and Field Mint,4 X 20BAGS,11.45,,3.85,,,,O,,V,5065000523138,05065000523435,,
CRISPS & SNACKS,SHORE,ZX984,Peking Duck Seaweed Chips,,12 X 80G,20.57,,2.29,,,,,S,V,5060567680218,15060567680215,N,
SUPPLEMENTS & REMEDIES,TOGETHER HEALTH,VM014,Immune Support,Vit C; D3; Zinc& Live Cultures,6 X 30 CAPS,42.54,1,12.49,,,G,,,V,5060170530566,5060170530603,,
DESSERTS,WIBBLE,VF272,Raspberry Jelly Crystals,,12 X 57G,12.52,,1.39,,,,,,V,5060666570151,5060666570472,,
SOFT DRINKS,BELVOIR,JU739,Mulled Winter Punch,Alcohol free.Fruit juice&spice,6 X 750ML,15.63,1,4.19,,,,,S,V,5022019210121,05022019212125,,
INTIMATE CARE,NATRACARE,NF826,Applicator Tampon - Super,organic,12 X 16,33.99,,3.79,,,,O,,V,0782126009005,05019493090028,,
CHOCOLATE,CHOCOCO,ZX328,Dark Chocolate Penguin,72% ecuadorian chocolate,6 X 120G,51.86,1,13.99,,,,,S,V,5060246848168,5060246846225,,
HOUSEHOLD PRODUCTS,LOOFCO,HJ051,Washing-Up Brush with Handle,,6 X 1,11.95,1,3.19,,,,,,V,5060175850720,15060175850727,,
SUPPLEMENTS & REMEDIES,HIGHER NATURE,VM179,Serotone 5-HTP,For Serotonin Production,1 X 30 CAPS,7.33,1,12.95,,,G,,,V,5031013100116,,,
MEAT ALTERNATIVES(FROZEN),LIKE,XL082,Hot Dog Style,,8 X 360G,26.52,,4.40,,,,,,V,6009712300679,56009712300674,,
CHOCOLATE,MOO FREE,WS143,Fondant filled mini eggs,,8 X 84G,22.26,1,4.45,,,G,,S,V,5060235832161,15060235832168,N,
CHOCOLATE,OMBAR CHOCOLATE,ZX403,Hazelnut Truffle Chocolate Bar,,10 X 70G,22.87,1,3.69,,F,G,O,S,V,5060102662259,15060102662256,N,
HERB & FRUIT TEA INFUSIONS,PUKKA,TE170,Relax,chamomile; fennel; marshmallow,4 X 20BAGS,11.45,,3.85,,,,O,,V,850835000030,05065000523534,,
CRISPS & SNACKS,SHORE,ZX969,Sriracha Seaweed Chips,,12 X 80G,20.57,,2.29,,,,,S,V,5060567680201,15060567680208,N,
SUPPLEMENTS & REMEDIES,TOGETHER HEALTH,VM102,Organic Seaweed Iodine,With Harvested Ascophyllum,6 X 30 CAPS,25.51,1,7.49,,,G,O,,V,5060170530931,5060170530993,,
DESSERTS,WIBBLE,VF273,Strawberry Jelly Crystals,,12 X 57G,12.52,,1.39,,,,,,V,5060666570144,5060666570403,,
JUICE CONCENTRATES & CORDIALS,BELVOIR,JU415,NAS Apple&Blackcurrant Cordial,,6 X 500ML,16.46,1,4.39,B,,,,,V,5022019510207,05022019621200,,
INTIMATE CARE,NATRACARE,NF889,Maxi Pads - Night Time,,12 X 10,24.29,,2.89,,,,,,V,782126003041,05019493030413,,
CHOCOLATE,CHOCOLATE AND LOVE,WS136,Passion Fruit Dark Chocolate,,12 X 85G,49.80,1,5.40,,F,G,O,S,V,5060270125136,5060270125143,N,02 OCT 25
HOUSEHOLD PRODUCTS,LOOFCO,HJ125,Cleaning Pad,Non Stratch,6 X 1,9.39,1,2.50,,,,,,V,5060175850553,15060175850550,,
SUPPLEMENTS & REMEDIES,HIGHER NATURE,VM028,Ashwagandha & Rhodiola Complex,With Vitamin C & Holy Basil,1 X 30 CAPS,12.00,1,19.95,,,G,,,V,5031013108563,,,
MEAT ALTERNATIVES(FROZEN),LIKE,XL081,Popcorn Chicken Style,,10 X 300G,25.04,,4.15,,,,,S,V,6009712300723,16009712300720,,
CHOCOLATE,MOO FREE,WS037,Jingle Chums Bar,,20 X 15G,10.00,1,0.80,,,G,,S,V,5060235831843,15060235831840,,
CHOCOLATE,OMBAR CHOCOLATE,KB960,Oat m'lk Brownie Filled Bar,Hazelnut Brownie Filled,15 X 42G,18.21,1,1.99,,F,G,O,S,V,5060102662518,15060102662515,N,
HERB & FRUIT TEA INFUSIONS,PUKKA,TE292,Winter Warmer,Ginger; Rooibos & Star Anise,4 X 20 BAGS,11.30,,3.85,,F,,O,,V,5060519148315,45060519148313,,
CRISPS & SNACKS,SHORE,ZX940,Salted Seaweed Chips,,12 X 80G,20.57,,2.29,,,,,,V,5060567680195,15060567680192,N,
SUPPLEMENTS & REMEDIES,TOGETHER HEALTH,VM033,Gentle Iron,With B Vitamins & Folic Acid,6 X 30 CAPS,28.91,1,8.49,,,G,,,V,5060170530412,5060170530535,,
ALCOHOLIC DRINKS,WILDJAC,RT072,Cherry Spice Rum-Bag in Sleeve,,6 X 700ML,112.50,1,29.99,,,,,S,V,5060775940555,15060775940552,,
JUICE CONCENTRATES & CORDIALS,BELVOIR,JU417,NAS Lemon & Lime Cordial,,6 X 500ML,16.46,1,4.39,B,,,,,V,5022019310203,5022019471201,,
INTIMATE CARE,NATRACARE,NF048,Organic Cotton Panty Liners,ultra thin liners,16 X 22,29.29,,2.49,,,,O,,V,0782126003096,05019493030901,,
CHOCOLATE,CHOCOLATE AND LOVE,WS078,Pomegranate 70% Chocolate,,14 X 80G,49.80,1,5.95,,F,,O,S,V,5060270122050,5060270122067,N,02 OCT 25
HOUSEHOLD PRODUCTS,ECOLEAF BY SUMA,NF245,Bamboo Wash Up Heads x 3,Washing up replacement heads,EACH,6.85,1,10.99,,,,,,V,5017601052050,05017601052043,,
SUPPLEMENTS & REMEDIES,HIGHER NATURE,VM303,Citricidal,Grapefruit Seed Extract,1 X 45ML,10.80,1,17.95,,,,,,V,5031013103742,,,
DESSERTS,LILLYPUDS,BT087,Traditional Christmas Pudding,,6 X 454G,60.17,,14.50,,,,,S,,0700461282891,0700461849414,,
CHOCOLATE,MOO FREE,KB560,Rocky Jumble,choc biscuit/raisins/honeycomb,10 X 100G,21.56,1,3.45,,,,,S,V,5060235831829,15060235831826,N,
CHOCOLATE,OMBAR CHOCOLATE,KB406,Coco Mylk Chocolate Bar,,10 X 35G,14.23,1,2.30,,F,G,O,S,V,5060102661870,15060102661877,N,
HERB & FRUIT TEA INFUSIONS,PUKKA,TE043,Peppermint & Liquorice,Sweet & Deliciously Refreshing,4 X 20 BAGS,11.45,,3.85,,,,O,,V,5060229011107,05060229011114,,
VEGAN & OAT MILK,OATLY,SY045,Oatly Chocolate Drink,,6 X 1L,9.89,,2.19,,,,,S,V,7394376614552,27394376615805,,
SUPPLEMENTS & REMEDIES,TOGETHER HEALTH,VM078,Joint Aid w/ Herbal Extracts,Curcumin & Boswellia Extracts,6 X 30 CAPS,29.52,1,8.79,,,G,,,V,5060170530573,5060170530610,,
CHOCOLATE,WILLIE'S CACAO,KB108,Dark Choc Champagne Truffles,,6 X 110G,47.99,1,12.99,,,,,S,V,5060165583256,05060165583263,,
MIDDLE EASTERN & AFRICAN FOOD,AL'FEZ,KJ190,Moroccan Style Tagine Sauce,,6 X 450G,13.60,,3.04,,,G,,,V,5010338102104,05015612101545,,
JUICE CONCENTRATES & CORDIALS,BELVOIR,JU416,NAS Mango&Passion Frt Cordial,,6 X 500ML,16.46,1,4.39,B,,,,,V,5022019280209,502209501205,,
CHOCOLATE,CHOCOCO,WS167,Pistachio & Raspberry,72% Dark Chocolate,6 X 175G,57.44,1,15.99,,,G,,S,V,5060246841862,5060246841992,,
HOUSEHOLD CLEANING PRODUCTS,ECOVER,HJ262,Laundry Liquid - Delicate,16 Washes - Wool & Silk,6 X 750ML,20.39,1,5.45,,,,,,V,5412533419566,05412533419573,,
SUPPLEMENTS & REMEDIES,HIGHER NATURE,VM152,Vitamin D3,2000iu Per Capsule,1 X 120 CAPS,8.98,1,14.95,,,,,,,5031013108624,,,
DESSERTS,LILLYPUDS,BT306,Vegan Christmas Pudding,,6 X 454G,61.46,,14.95,,,G,,S,V,0604565172426,0604565122568,,
CHOCOLATE,MOO FREE,WS229,Caramel Centre Mini Eggs,,10 X 84G,27.82,1,4.45,,,G,,S,V,5060235831683,15060235831680,N,
CHOCOLATE,OMBAR CHOCOLATE,ZX187,Hazelnut,Oat Milk Chocolate,10 X 70G,20.00,1,3.20,,F,,O,S,V,5060102662358,15060102662355,N,
HERB & FRUIT TEA INFUSIONS,PUKKA,TE719,Chamomile Vanilla Manuka Hon,Chamomile; Fennel; Licorice,4 X 20BAGS,11.45,,3.85,,,,O,,,5060229012241,5060229012258,,
VEGAN & OAT MILK,OATLY,JU377,Oatly Oat Drink Organic,,6 X 1L,7.91,,1.75,,,,O,,V,7394376123337,27394376615782,,
SUPPLEMENTS & REMEDIES,TOGETHER HEALTH,VM319,Vitamin K2 - MF7 Form,From Fermented Chickpeas,6 X 30 CAPS,35.75,1,10.49,,,G,,,V,5060170530740,5060170530771,,
CHOCOLATE,WILLIE'S CACAO,KB101,Dark Choc Praline Truffles,,6 X 110G,47.99,1,12.99,,,,,S,V,5060165582525,05060165582532,,
MIDDLE EASTERN & AFRICAN FOOD,AL'FEZ,KJ276,Pearl Couscous,,12 X 200G,16.77,,1.87,,,,,,V,5010338301255,05015612104560,,
SOFT DRINKS,BELVOIR,JU792,Sparkling Elderflower,Organic,6 X 750ML,14.90,1,3.95,,,G,O,S,V,5022019150113,05022019152117,,
CHOCOLATE,CHOCOCO,ZX386,Oatm!lk Chocolate Snowmen,43% colombian chocolate,12 X 100G,71.83,1,9.99,,,,,S,V,5060246848120,5060246845860,,
HOUSEHOLD CLEANING PRODUCTS,ECOVER,HJ071,Laundry Liquid - Delicate,Waterlily & Honeydew,5L,15.73,1,25.19,,,,,,V,5412533002133,05412533042139,,
CONVENIENCE FOODS,FREE & EASY,VF132,Middle Eastern Casserole,,6 X 400G,12.58,,2.80,,,G,O,,V,5015285000039,15015285000036,,
SUPPLEMENTS & REMEDIES,HIGHER NATURE,VM191,Energy & Focus Effervescent,Vitamin B Complex With Taurine,1 X 13 TABS,4.18,1,6.95,,,,,,V,5031013109508,,,
FRUIT & VEGETABLE JUICES,SUMA ORGANIC,JU251,Lemon Juice - organic,,6 X 1L,34.59,,7.65,,,,O,,V,5017601046639,05017601046622,,
CHOCOLATE,MOO FREE,WS269,Moofreesas Egg,contains moofreesas bag,4 X 135G,19.87,1,7.95,,,G,,S,V,5060235831942,15060235831949,N,
CHOCOLATE,OMBAR CHOCOLATE,ZX508,Coco Mylk Advent Calendar,,10 X 125G,118.57,1,18.99,,F,G,O,S,V,5060102662464,15060102662461,,
HERB & FRUIT TEA INFUSIONS,PUKKA,TE542,Supreme Green Matcha,Matcha powder &greentea leaves,4 X 20 BAGS,11.45,,3.85,,F,,O,,V,5060229012005,05060229012012,,
CANDLES; INCENSE & HOLDERS,SIESTA,NF154,Cedarwood Incense Set,Tibetan Buddha,SINGLE,4.80,1,8.99,,F,,,,V,,,,
SUPPLEMENTS & REMEDIES,TOGETHER HEALTH,VM356,Organic Lion's Mane 1000mg,Dual Extract Fruiting Bodies,5 X 60 CAPS,62.77,1,22.39,,,G,O,,V,5060170531075,5060170531129,,
COCOA,WILLIE'S CACAO,TE086,Medellin Hot Chocolate,,8 X 250G,43.03,,8.69,,,,,S,V,5060165583515,05060165583720,,
MIDDLE EASTERN & AFRICAN FOOD,AL'FEZ,VF046,Stuffed Vine Leaves,,12 X 280G,22.23,,2.48,,,,,,V,5010338103491,05015612103716,,
SOFT DRINKS,BELVOIR,JU813,Ginger Beer,Organic,6 X 750ML,14.90,1,3.95,,,G,O,S,V,5522019160112,05022019162116,,
CHOCOLATE,CHOCOCO,ZX363,Milk Chocolate Snowmen,47% colombian chocolate,12 X 100G,71.83,1,9.99,,,,,S,,5060246846201,5060246845891,,
HOUSEHOLD CLEANING PRODUCTS,ECOVER,HJ348,Laundry Liquid Zero - Delicate,Wool&Silk; Sensitive; 22Washes,6 X 1L,19.45,1,5.19,,,,,,V,5412533421026,05412533421033,,
CONVENIENCE FOODS,FREE & EASY,VF141,Sweet Pot/Kale/Coconut Curry,,6 X 400G,12.58,,2.80,,,G,O,,V,5015285000022,15015285000029,,
SUPPLEMENTS & REMEDIES,HIGHER NATURE,VM188,Multivitamin Effervescent,22 Essential Nutrients,1 X 20 TABS,4.18,1,6.95,,,,,,,5031013105777,,,
FRUIT & VEGETABLE JUICES,SUMA ORGANIC,JU245,Lemon Juice - organic,,12 X 250ML,21.35,,2.39,,,,O,,V,5017601046615,05017601046608,,
CHOCOLATE,MOO FREE,KB010,Moofreesas,Choccy Rock Malty Balls,16 X 35G,16.00,1,1.60,,,G,,S,V,5060235831454,15060235831451,N,
CHOCOLATE,OMBAR,ZX353,Oat M'lk Peanut Butter Bar,,10 X 70G,20.00,1,3.20,,F,G,O,S,V,5060102662778,15060102662775,N,
HERB & FRUIT TEA INFUSIONS,PUKKA,TE811,Three Chamomile,African;Egyptian;Europe Flower,4 X 20 BAGS,11.45,,3.85,,,,O,,V,5060229012562,05060229012579,,
CANDLES; INCENSE & HOLDERS,SIESTA,NF160,Jasmine Incense Set,Tibetan Buddha,SINGLE,4.80,1,8.99,,F,,,,V,5056383862938,,,
SUPPLEMENTS & REMEDIES,TOGETHER HEALTH,VM355,Organic Mushroom 5 Complex,Full-Spectrum Extract 800mg,5 X 60 CAPS,78.46,1,25.99,,,G,O,,V,5060170531099,5060170531143,,
CHOCOLATE,WILLIE'S CACAO,KB098,Hazelnut Praline Pearls,Milk Chocolate,6 X 150G,35.37,1,9.99,,,,,S,,5060165585298,05060165585304,N,
MIDDLE EASTERN & AFRICAN FOOD,AL'FEZ,KJ157,Za'atar Flatbreads,,8 X 180G,14.97,,2.51,,,,,,V,5010338301767,05015612105338,,
SOFT DRINKS,BELVOIR,JU120,Raspberry Lemonade Cans,Delicious & Light,12 X 330ML,8.00,1,1.09,,,,,,V,5022019251919,5022019255917,,
CHOCOLATE,CHOCOCO,ZX371,Dark Chocolate Snowmen,72% ecuadorian chocolate,12 X 100G,71.83,1,9.99,,,,,S,V,5060246845884,5060246846195,,
HOUSEHOLD CLEANING PRODUCTS,ECOLEAF BY SUMA,HJ500,Dishwasher Tablets - Classic,Citrus Scented,1 X 500 TABS,58.75,1,,,,,,,V,5017601048497,05017601048480,,
CONVENIENCE FOODS,FREE & EASY,VF014,Three Bean Chilli - og,,6 X 400G,14.80,,3.29,,,G,O,,V,5015285810898,05015285811062,,
SUPPLEMENTS & REMEDIES,HIGHER NATURE,MD003,Vitamin C Effervescent,1000mg Per Tablet,1 X 20 TABS,4.18,1,6.95,,,,,,V,5031013104107,,,
NUTS & SEEDS,SUMA PREPACKS,NU211,Linseed / Flax,,6 X 250G,5.81,,1.29,,,,,,V,5017601019800,05017601019794,,
CHOCOLATE,MOO FREE,KB390,Moofreesa Bar,milk choc bubble bar,20 X 35G,18.76,1,1.50,,,G,,S,V,5060235831751,15060235831758,,
CHOCOLATE,OMBAR CHOCOLATE,KB373,Pistachio Cream Chocolate Bar,,15 X 42G,22.21,1,2.40,,F,G,O,S,V,5060102662686,15060102662683,N,
HERB & FRUIT TEA INFUSIONS,PUKKA,TE731,Feel New / After Dinner,Aniseed; Fennel; Cardamom,4 X 20BAGS,11.45,,3.85,,,,O,,V,5060519144102,45060519144100,,
CANDLES; INCENSE & HOLDERS,SIESTA,NF165,Juniper Incense Set,Tibetan Buddha,SINGLE,4.80,1,8.99,,F,,,,V,5056383862945,,,
SUPPLEMENTS & REMEDIES,TOGETHER HEALTH,VM119,Marine Magnesium,All 5 Forms w/ Trace Minerals,6 X 30 CAPS,25.51,1,7.49,,,G,,,V,5060170530238,5060170530252,,
CHOCOLATE,WILLIE'S CACAO,KB107,Milk Choc Praline Truffles,,6 X 110G,47.99,1,12.99,,,,,S,,5060165582501,05060165582518,,
SUPPLEMENTS & REMEDIES,ALLICINMAX,VM324,Allicin Max Powder Capsules,Stabilised Allicin,6 X 30 CAPS,29.34,1,8.75,,,G,,,V,5060082340338,5060082340345,,
JUICE CONCENTRATES & CORDIALS,BELVOIR,JU043,Raspberry & Lemon Cordial,,6 X 500ML,19.04,1,5.09,,,G,,,V,5022019480203,05022019481200,,
CHOCOLATE,CHOCOCO,ZX281,Festive 9 Piece Selection Box,assorted fine chocolates,12 X 90G,113.14,1,15.99,,,,,S,,5060246845471,5060246846119,,
HOUSEHOLD CLEANING PRODUCTS,ECOLEAF BY SUMA,HJ160,Dishwasher Tablets - Classic,Citrus Scented,6 X 25 TABS,21.35,1,5.69,,,,,,V,5017601041511,05017601041504,,
CONVENIENCE FOODS,FREE & EASY,VF127,Vegetable Balti - og,,6 X 400G,14.80,,3.29,,,G,O,,V,5015285811550,05015285911793,,
SUPPLEMENTS & REMEDIES,HIGHER NATURE,VM190,Immune Effervescent,Vitamins C & D With Zinc,1 X 20 TABS,4.18,1,6.95,,,,,,V,5031013109119,,,
SUPERFOODS & SPORTS NUTRITION,LINWOODS,MD104,Flaxseed; Sunflower; Pumpkin,Milled; With Chia & Goji,5 X 425G,25.50,,6.79,,,G,O,,V,5016887004999,05016887024997,,
CHOCOLATE,MOO FREE,KB345,White Chocolate Bars,,20 X 20G,11.26,1,0.90,,,G,,S,V,5060235830945,15060235830942,N,
CHOCOLATE,OMBAR CHOCOLATE,ZX641,Pistachio Chocolate Bar,,10 X 70G,22.87,1,3.69,,F,G,O,S,V,5060102662181,15060102662188,N,
SNACK BARS & FLAPJACKS,PULSIN',KB120,Almond & Caramel Keto Multi,,12 X 3 X 30G,26.16,1,3.49,,,G,,,V,5060142013639,05060142013646,,
CANDLES; INCENSE & HOLDERS,SIESTA,NF173,Sandalwood Incense Set,Tibetan Buddha,SINGLE,4.80,1,8.99,,F,,,,V,5056383862952,,,
SUPPLEMENTS & REMEDIES,TOGETHER HEALTH,VM052,Night Time Complex,Magnesium; Griffonia 5HTP;Hops,5 X 60 CAPS,42.55,1,14.99,,,G,,,V,5060170530467,5060170530498,,
FLOURS & BREAD MIXES,WILDFARMED,FG034,Patisserie Flour T55,,5 X 1.5KG,13.40,,3.59,,,,,,V,5065009224135,,N,
SUPPLEMENTS & REMEDIES,ALLICINMAX,VM325,Allicin Max Powder Capsules,Stabilised Allicin,6 X 90 CAPS,72.12,1,21.55,,,G,,,V,5060082340390,5060082340406,,
SOFT DRINKS,BELVOIR,JU254,Spiced Ginger Punch,Root Ginger;fruit juice;spices,6 X 750ML,15.63,1,4.19,,,,,S,V,5022019220120,05022019222124,,
CHOCOLATE,CHOCOCO,ZX045,Dorset Sea Salt Caramels,Milk & Dark Chocolate,12 X 90G,113.14,1,15.99,,,G,,S,,5060246846058,5060246846874,,
OILS & FATS,CLEARSPRING,GT230,Sunflower Frying Oil organic,Deodorised,6 X 1L,35.06,,7.79,,,,O,,V,5021554981510,05021554981978,,
HOUSEHOLD CLEANING PRODUCTS,ECOLEAF BY SUMA,HJ161,Dishwasher Tablets - Classic,Citrus Scented,5 X 70 TABS,44.05,1,14.15,,,,,,V,5017601041535,05017601041528,,
CONVENIENCE FOODS,FREE & EASY,VF128,Vegetable Hotpot - og,,6 X 400G,12.58,,2.80,,,G,O,,V,5015285811567,05015285911809,,
SUPPLEMENTS & REMEDIES,HIGHER NATURE,VM431,Icelandic Seaweed Calcium,Maintenance Of Normal Bones,1 X 60 CAPS,6.67,1,11.95,,,,,,V,5031013109683,5031013109683,,
NUTS & SEEDS,SUMA PREPACKS,NU291,Linseed / Flax,,6 X 500G,4.26,,1.89,,,,,,V,5017601021407,05017601021391,,03 OCT 25
CHOCOLATE,MOO FREE,KB310,Advent Calendar Milk Chocolate,,10 X 70G,34.37,1,5.50,,,G,,S,V,5060235830891,15060235830898,,
CHOCOLATE,OMBAR CHOCOLATE,ZX644,Raspberry & Coconut Choc Bar,,10 X 70G,22.87,1,3.69,,F,G,O,S,V,5060102662198,15060102662195,N,
SNACK BARS & FLAPJACKS,PULSIN',KB119,Choc Fudge & Peanut Keto Multi,,12 X 3 X 30G,26.16,1,3.49,,,G,,,V,5060142013608,05060142013615,,
CANDLES; INCENSE & HOLDERS,SIESTA,NF333,Curled Cat Tealight Holder,,SINGLE,4.50,1,8.50,,F,,,,V,5056383801708,,,
SUPPLEMENTS & REMEDIES,TOGETHER HEALTH,VM134,Organic Vitamin B12,From Shiitake Mushroom 3 Forms,6 X 30 CAPS,26.84,1,7.99,,,G,O,,V,5060170530924,5060170530986,,
FLOURS & BREAD MIXES,WILDFARMED,FG030,Pizza and Flatbread Flour,,5 X 1.5KG,13.40,,3.59,,,,,,V,5065009224104,,N,
NUTS & SEEDS,SUMA PREPACKS,NU085,Almonds,,6 X 125G,9.68,,2.15,,,,,,V,5017601020264,05017601020257,,
CHOCOLATE,BENNETTO,KB872,70% Dark Chocolate Bar,,12 X 80G,26.09,1,3.59,,F,G,O,,V,9421903370723,9421903370860,N,
CHOCOLATE,CHOCOCO,WS166,47% Triple Chocolate Egg,,6 X 175G,57.44,1,15.99,,,G,,S,,5060246841848,5060246841954,,
OILS & FATS,CLEARSPRING,GT203,Italian Olive Oil Organic,Extra virgin,6 X 500ML,58.46,,12.99,,,,O,,V,5021554981473,05021554981916,,
HOUSEHOLD CLEANING PRODUCTS,ECOLEAF BY SUMA,HJ306,Dishwasher Rinse Aid Lemongras,Lemongrass,12 X 750ML,27.34,1,3.65,,,,,,V,5017601051794,05017601051787,,
BREADS & BREAD MIXES,FREE & EASY,FG057,Yorkshire Pudding Mix,Made With Chickpea Flour,4 X 155G,8.86,,2.95,,,G,,,V,5015285000077,1501528500074,,
SUPPLEMENTS & REMEDIES,HIGHER NATURE,VM430,Lion's Mane & Ginkgo,For High Performance Days,1 X 30 CAPS,7.23,1,12.95,,,,,,V,5031013109652,5031013109652,,
SUPERFOODS & SPORTS NUTRITION,LINWOODS,MD102,Flaxseed,Milled & Organic,12 X 425G,51.09,,5.99,,,G,O,,V,5016887003503,05016887073506,,
CHOCOLATE,MOO FREE,KB337,Original Bars,,20 X 20G,11.26,1,0.90,,,G,,S,V,5060235830938,15060235830935,N,
CHOCOLATE,OMBAR CHOCOLATE,ZX951,72% Cacao Chocolate Bar,,10 X 70G,22.87,1,3.69,,F,G,O,S,V,5060102662112,15060102662119,N,
SNACK BARS & FLAPJACKS,PULSIN',KB727,Caramel Choc & Peanut Bar,13g Protein Per Bar,18 X 50G,22.39,1,1.99,,,G,,,V,886054002210,886054002227,N,
CANDLES; INCENSE & HOLDERS,SIESTA,NF337,Frangipani Flower Tealights,,SINGLE,5.80,1,10.00,,F,,,,V,5056383801753,,,
SUPPLEMENTS & REMEDIES,TOGETHER HEALTH,VM149,Menopause Multivitamin,With Sage & Ashwaghanda,5 X 60 CAPS,55.32,1,19.49,,,,,,V,5060170531006,5060170531020,,
CHOCOLATE,WILLIE'S CACAO,KB151,Praline Truffle Duo,milk & dark choc with sea salt,6 X 110G,63.71,1,16.99,,,,,S,,5060165584017,05060165584024,,
NUTS & SEEDS,SUMA PREPACKS,NU086,Almonds - flaked,,6 X 125G,10.76,,2.39,,,,,,V,5017601019541,05017601019534,,
CHOCOLATE,BENNETTO,KB874,82% Super Dark Bar,,12 X 80G,29.60,1,3.99,,F,G,O,,V,9421903370709,9421903370846,N,
CHOCOLATE,CHOCOLARDER,KB232,Sea Salt Caramel Truffles,,3 X 175G,28.80,1,18.00,,F,,,S,,7334309969564,733430996826,N,
OILS & FATS,CLEARSPRING,GT204,Italian Olive Oil Organic,Extra virgin,6 X 1L,103.46,,22.99,,,,O,,V,5021554981497,05021554981923,,
HOUSEHOLD CLEANING PRODUCTS,ECOVER,HJ136,Dishwasher Tablets All In One,Plastic free; compact box,12 X 24 TABS,63.99,1,8.49,,,,,,V,5412533423464,5412533423471,,
BODY CARE,FRIENDLY SOAP,DY377,Cooks Soap,antibacterial formulation,6 X 95G,15.00,1,4.45,,,,,,V,5060892900722,5060892909183,,
SUPPLEMENTS & REMEDIES,HIGHER NATURE,MD010,Magnesium Effervescent,200mg Per Tablet,1 X 20 TABS,4.18,1,6.95,,,,,,V,5031013108525,,,
SUPERFOODS & SPORTS NUTRITION,LINWOODS,MD101,Flaxseed;Pumpkin & Sunflower,Milled & Organic,12 X 425G,61.20,,6.79,,,G,O,,V,5016887003053,05016887073056,,
CHOCOLATE,MOO FREE,WS116,Rocky Road Easter Egg,,6 X 85G,20.45,1,5.45,,,G,,S,V,5060235831799,15060235831796,N,
CHOCOLATE,OMBAR CHOCOLATE,ZX952,Coco Almond Chocolate Bar,,10 X 70G,22.87,1,3.69,,F,G,O,S,V,5060102662129,15060102662126,N,
SUPERFOODS & SPORTS NUTRITION,PULSIN',VM332,Hazelnut Protein Powder Blend,20g Protein Per Serving,6 X 280G,45.47,1,12.49,,,G,,,V,5060142013097,05060142013202,,
BAGS; BOXES AND BASKETS,SIESTA CRAFTS,NF137,Sari Folding Bag - Recycled,Assorted colours and designs,20 X BAGS,59.99,1,4.79,,F,,,,V,5056383836175,,,
SUPPLEMENTS & REMEDIES,TOGETHER HEALTH,VM077,Men's Wholefood Multivitamin,1-A-Day 22 Essential Nutrients,6 X 30 CAPS,42.54,1,12.49,,,G,,,V,5060170530436,5060170530504,,
CHOCOLATE,WILLIE'S CACAO,KB123,Raspberry Praline Truffles,white chocolate,6 X 110G,47.96,1,12.99,,,,,S,,5060165583164,05060165583133,,
NUTS & SEEDS,SUMA BAGGED DOWN,NU005,Almonds,,1 KG,10.95,,,,,,,,V,5017601770053,,,
PET FOODS & PET CARE,BENEVO,PF019,Complete Adult Vegan Cat Food,,1 X 2KG,11.37,1,18.29,,,,,,V,5060130540024,,,
CHOCOLATE,CHOCOCO,ZX043,Vegan Truffle Collection,9 Piece chocolate truffles,12 X 90G,113.14,1,15.99,,,G,,S,V,5060246845839,5060246846997,,
OILS & FATS,CLEARSPRING,GT207,Sesame Oil organic,,6 X 500ML,37.76,,8.39,,,,O,,V,5021554981534,05021554981954,,
HOUSEHOLD CLEANING PRODUCTS,ECOVER,HJ211,Dishwasher Tablets All In One,Plastic free; compact box,4 X 72 TABS,56.99,1,22.79,,,,,,V,5412533423686,5412533423693,,
BODY CARE,FRIENDLY SOAP,DY410,Dog Shampoo,pest repelling and calming,6 X 95G,15.00,1,4.45,,,,,,V,5060892900760,5060892909145,,
SUPPLEMENTS & REMEDIES,HIGHER NATURE,VM041,Atlantic Marine Magnesium,From Pure Filtered Sea Water,1 X 90 CAPS,12.81,1,22.95,,,G,,,V,5031013109706,,,
SUPERFOODS & SPORTS NUTRITION,LINWOODS,MD110,Shelled Hemp,High In Protein,12 X 200G,72.00,,7.45,,,G,,,V,5016887003152,05016887073155,,
CHOCOLATE,MOO FREE,KB066,Choccy Santa Bar,"milk" chocolate,15 X 30G,11.26,1,1.20,,,G,,S,V,5060235832086,15060235832083,,
CHOCOLATE,OMBAR CHOCOLATE,KB374,Coco Raspberry Chocolate Bar,,15 X 42G,22.21,1,2.40,,F,G,O,S,V,5060102662693,15060102662690,N,
SUPERFOODS & SPORTS NUTRITION,PULSIN',VM027,Pea Protein Powder,Unflavoured; 80% Protein,1 KG,20.99,,28.15,,,G,,,V,5060142010164,,,
CANDLES; INCENSE & HOLDERS,SIESTA,NF082,Noor Oud Crystal Incense,,12 X 15G,11.30,1,1.99,,F,,,,V,8901684617237,8901684617244,,
SUPPLEMENTS & REMEDIES,TOGETHER HEALTH,VM019,Multibiotic - 16 Strains,13 Billion CFU;Fermented Foods,6 X 30 CAPS,57.87,1,16.99,,,G,,,V,5060170530450,5060170530597,,
FLOURS & BREAD MIXES,WILDFARMED,FG044,Self Raising Flour,,5 X 1.5KG,13.40,,3.59,,,,,,V,,,N,
PET FOODS & PET CARE,BENEVO,PF007,Adult Dog Original,Complete Vegan Dog Food,15 KG,45.00,1,71.99,,,,,,V,5060130540017,,,
INTIMATE CARE,NATRACARE,NF104,Wrapped Panty Liner,organic cotton wrapped,10 X 18,15.29,,2.09,,,,,,V,0782126003126,05019493031236,,
CHOCOLATE,CHOCOLARDER,WS073,Stroopwafel 50% Milk Choc Egg,,9 X 90G,75.86,1,14.00,,,,,S,,719710458215,,N,
OILS & FATS,CLEARSPRING,GT208,Sesame Oil Toasted organic,,8 X 250ML,35.94,,5.99,,,,O,,V,5021554982449,05021554981848,,
HOUSEHOLD CLEANING PRODUCTS,ECOVER,HJ349,Dishwasher Tablets Zero,Plastic free; compact box,12 X 24 TABS,63.99,1,8.49,,,,,,V,5412533423501,5412533423518,,
BODY CARE,FRIENDLY SOAP,DY510,Shampoo Bar Fragrance Free,,6 X 95G,10.90,1,3.25,,,,,,V,5060892900166,5060892909831,,
SUPPLEMENTS & REMEDIES,HIGHER NATURE,VM034,Atlantic Marine Magnesium,From Pure Filtered Sea Water,1 X 30 CAPS,5.56,1,9.95,,,G,,,V,5031013109690,,,
SUPERFOODS & SPORTS NUTRITION,LINWOODS,MD109,Flax; Almond; Brazil; Walnut,Milled; with Co-Enzyme Q10,12 X 360G,63.09,,6.99,,,G,,,V,5016887003367,05016887073360,,
CHOCOLATE,MOO FREE,WS076,White Chocolate Snowballs,,16 X 35G,17.00,1,1.70,,,G,,S,V,5060235831744,15060235831741,,
CHOCOLATE,OMBAR CHOCOLATE,ZX192,Smooth & Creamy,Oat Milk Chocolate,10 X 70G,20.00,1,3.20,,F,,O,S,V,5060102662331,5060102662338,N,
SNACK BARS & FLAPJACKS,PULSIN',KB130,Raspberry Choc Chip Keto Multi,,12 X 3 X 30G,26.16,1,3.49,,,G,,,V,5060142013660,05060142013677,,
CANDLES; INCENSE & HOLDERS,SIESTA CRAFTS,NF175,Incense Ashcatcher - Elephant,Elephant design,EACH,1.25,1,2.30,,F,,,,V,5056383848277,,,
NUTS & SEEDS,SUMA PREPACKS,NU143,Almonds - ground,,6 X 125G,10.13,,2.25,,,,,,V,5017601022121,05017601022114,,
SUPPLEMENTS & REMEDIES,TOGETHER HEALTH,VM112,General Wholefood Multivitamin,1-A-Day 24 Essential Nutrients,6 X 30 CAPS,40.84,1,11.99,,,G,,,V,5060170530146,5060170530184,,
CHOCOLATE,WILLIE'S CACAO,KB095,Sea Salt Caramel Pearls,Dark Chocolate,6 X 150G,35.37,1,9.99,,,,,S,,5060165583478,05060165583485,N,
PET FOODS & PET CARE,BENEVO,PF006,Adult Dog Original,Complete Vegan Dog Food,1 X 1.8KG,8.12,1,13.00,,,,,,V,5060130540048,,,
INTIMATE CARE,NATRACARE,NF085,Tampons Regular - Organic,organic,12 X 20,28.69,,3.19,,,,O,,V,0782126001009,05019493010002,,
CHOCOLATE,CHOCOLATE AND LOVE,WS079,Mint 67% Chocolate,,14 X 80G,43.20,1,4.95,,F,,O,S,V,5060270121862,5060270121930,N,02 OCT 25
OILS & FATS,CLEARSPRING,GT209,Toasted Pumpkin Seed Oil Org,demeter,8 X 250ML,86.94,,14.49,B,,,O,,V,5021554981596,05021554982029,,
HOUSEHOLD CLEANING PRODUCTS,ECOVER,HJ410,Dishwasher Tabs All In One Pwr,Powerful cleaning; Compact Box,12 X 24 TABS,72.99,1,9.79,,,,,,V,5412533423389,5412533423396,,
BODY CARE,FRIENDLY SOAP,DY407,Foot Soap,antifungal formulation,6 X 95G,15.00,1,4.45,,,,,,V,5060892900753,5060892909152,,
SUPPLEMENTS & REMEDIES,HIGHER NATURE,VM255,MSM Glucosamine Joint Complex,With Vitamin C; Copper & Zinc,1 X 90 TABS,9.58,1,15.95,,,,,,V,5031013101007,,,
SUPERFOODS & SPORTS NUTRITION,LINWOODS,MD113,Chia Seeds,Milled & Organic,12 X 200G,63.09,,6.99,,,G,O,,V,5016887003794,05016887073797,,
CHOCOLATE,MOO FREE,KB068,Selection Box,santa;snow;bunny;fizzy moo bar,10 X 90G,31.19,1,4.99,,,G,,S,V,5060235832055,15060235832052,,
CHOCOLATE,OMBAR CHOCOLATE,ZX975,Salt & Nibs Chocolate Bar,,10 X 70G,22.87,1,3.69,,F,G,O,S,V,5060102662242,15060102662249,N,
SUPERFOODS & SPORTS NUTRITION,PULSIN',VM155,Vanilla Protein Powder Blend,20g Protein Per Serving,6 X 270G,45.48,1,12.99,,,G,,,V,5060142012847,05060142012878,,
BAGS; BOXES AND BASKETS,SIESTA,NF101,Recycled Sari Gift Bag Set,,SINGLE,5.80,1,10.99,,F,,,,V,5056383862600,,,
NUTS & SEEDS,SUMA PREPACKS,NU144,Almonds - ground,,6 X 250G,17.96,,3.99,,,,,,V,5017601022688,05017601022671,,
SUPPLEMENTS & REMEDIES,TOGETHER HEALTH,VM359,Natural Folate,From Spinach Extract,6 X 30 CAPS,26.83,1,7.99,,,G,,,V,5060170531051,5060170531105,,
CHOCOLATE,WILLIE'S CACAO,KB156,Sea Salt & Caramel Truffle Duo,milk & White chocolate,6 X 110G,63.71,1,16.99,,,,,S,,5060165584055,05060165584062,,
NUTS & SEEDS,SUMA PREPACKS,NU145,Almonds,,6 X 250G,17.06,,3.79,,,,,,V,5017601021049,05017601021032,,
CHOCOLATE,BENNETTO,KB875,Coconut Flake Bar,Dark Choc with coconut flakes,12 X 80G,26.09,1,3.59,,F,G,O,,V,9421903370716,9421903370853,N,
INTIMATE CARE,NATRACARE,NF086,Tampons Super - Organic,organic,12 X 20,29.49,,3.29,,,,O,,V,782126002006,05019493020001,,
CHOCOLATE,CHOCOLATE AND LOVE,WS077,Panama 80% Chocolate Bar,,14 X 80G,49.80,1,5.95,,F,,O,S,V,5060270121855,5060270121916,N,02 OCT 25
OILS & FATS,CLEARSPRING,GT211,Walnut Oil Toasted; Organic,Cold pressed,8 X 250ML,65.94,,10.99,,,,O,,V,5021554982463,05021554981268,,
HOUSEHOLD CLEANING PRODUCTS,ECOVER,HJ087,Dishwasher Tablets Classic,Lemon & Lime,6 X 25 TABS,29.45,1,7.89,,,,,,V,5412533001549,5412533061543,,
BODY CARE,FRIENDLY SOAP,DY366,Gardener Soap,rejuvenating and soothing,6 X 95G,15.00,1,4.45,,,,,,V,5060892900739,5060892909176,,
SUPPLEMENTS & REMEDIES,HIGHER NATURE,VM377,Mushroom Vitality,8 Mushroom Complex,1 X 60 CAPS,14.50,1,24.95,,,,,,V,5031013109591,5031013109591,,
SUPERFOODS & SPORTS NUTRITION,LINWOODS,MD112,Flaxseed & Bio Cultures,Milled; With Vitamin D,12 X 360G,63.09,,6.99,,,G,,,V,5016887003800,05016887073803,,
INTIMATE CARE,MOONCUP,DY518,Menstrual Beginner Cup Size A,Super soft and flexible,EACH,16.85,,22.49,,,,,,V,5060546081555,15060546081552,,
CHOCOLATE,OMBAR CHOCOLATE,ZX639,Coconut & Vanilla Chocolate,,10 X 70G,22.87,1,3.69,,F,G,O,S,V,5060102662174,15060102662171,N,
SNACK BARS & FLAPJACKS,PULSIN',KB706,Vanilla Choc & Almond Bar,13g Protein Per Bar,18 X 50G,22.39,1,1.99,,,G,,,V,886054000407,886054000414,N,
BAGS; BOXES AND BASKETS,SIESTA,NF331,Rice Bag Tote - Recycled,,SINGLE,7.50,1,13.75,,F,,,,V,5056383860583,,,
FLOURS & BREAD MIXES,WILDFARMED,FG024,Wholemeal Flour T150,,5 X 1.5KG,13.40,,3.59,,,,,,V,5065009224111,,N,
NUTS & SEEDS,SUMA BAGGED DOWN,NU135,Almonds - blanched,,1 KG,12.89,,,,,,,,V,5017601771357,,,
CHOCOLATE,BENNETTO,KB880,Dark Coffee Bar,,12 X 80G,29.60,1,3.99,,F,G,O,,V,9421903370686,9421903370822,N,
INTIMATE CARE,NATRACARE,NF087,Tampons Super Plus - OG,organic,12 X 20,32.29,,3.59,,,,O,,V,782126002020,05019493020025,,
CHOCOLATE,CHOCOLATE AND LOVE,WS080,Sea Salt 55% Chocolate,,14 X 80G,43.20,1,4.95,,F,,O,S,,5060270121893,5060270121961,N,02 OCT 25
OILS & FATS,CLEARSPRING,GT049,Italian Olive Oil Organic,Extra virgin,8 X 250ML,44.94,,7.49,,,,O,,V,5021554985297,05021554985303,,
HOUSEHOLD CLEANING PRODUCTS,ECOVER,HJ411,Dishwasher Tabs All In One Pwr,Powerful cleaning; compact box,4 X 72 TABS,62.49,1,25.00,,,,,,V,5412533423624,5412533423631,,
BODY CARE,FRIENDLY SOAP,DY396,Mechanic Soap,antibacterial formulation,6 X 95G,15.00,1,4.45,,,,,,V,5060892900746,5060892909169,,
SUPPLEMENTS & REMEDIES,HIGHER NATURE,VM298,Red Sterol Complex,For Normal Cholesterol Balance,1 X 90 TABS,15.60,1,25.95,,,G,,,V,5031013104275,,,
SUPERFOODS & SPORTS NUTRITION,LINWOODS,MD114,Flaxseed,Milled & Organic,12 X 200G,34.11,,3.79,,,G,O,,V,5016887003893,05016887073896,,
INTIMATE CARE,MOONCUP,DY530,Menstrual Beginner Cup Size B,Super soft and flexible,EACH,16.85,,22.49,,,,,,V,5060546081500,15060546081507,,
CHOCOLATE,OMBAR CHOCOLATE,KB359,Coconut Vanilla Chocolate Bar,,15 X 42G,22.21,1,2.40,,F,G,O,S,V,5060102662662,15060102662669,N,
SUPERFOODS & SPORTS NUTRITION,PULSIN',VM258,Chocolate Protein Powder Blend,20g Protein Per Serving,6 X 280G,52.44,1,14.99,,,G,,,V,5060142011215,05060142011291,,
BAGS; BOXES AND BASKETS,SIESTA,NF332,Rice Bag Large Shopper,Recycled,SINGLE,8.30,1,15.75,,F,,,,V,5056383860590,,,
FLOURS & BREAD MIXES,WILDFARMED,FG029,White Bread Flour,,5 X 1.5KG,13.40,,3.59,,,,,,V,5065009224067,,N,
NUTS & SEEDS,SUMA PREPACKS,NU013,Almonds - blanched,,6 X 125G,11.03,,2.45,,,,,,V,5017601030294,05017601030287,,
PET FOODS & PET CARE,BENEVO,PF012,Duo - Cat & Dog Food - Tinned,Nutritionally complete - Vegan,12 X 354G,24.03,1,3.19,,,,,,V,5060130540000,5060130540529,,
INTIMATE CARE,NATRACARE,NF300,Ultra Extra Pads Long - Wings,,12 X 8,21.41,,2.45,,,,,,V,0782126003201,05019493032042,,
FRUIT - DRIED,BULK COMMODITIES,DR014,Cherries Glace - Bright Red,Natural Colouring SO2,10 KG,64.40,,,,,,,S,V,,,,
OILS & FATS,CLEARSPRING,GT065,Tunisian Olive Oil,Organic; Extra Virgin,6 X 500ML,44.96,,9.99,,,,O,,V,5021554986904,05021554986911,,
HOUSEHOLD CLEANING PRODUCTS,ECOZONE,HJ146,Dishwasher Tablets Classic 72,All In One. 72 Tablets,6 X 72 TABS,59.49,1,16.95,,,,,,V,5060101530672,15060101530679,,
BODY CARE,FRIENDLY SOAP,DY165,Cleansing Bar - Shea Butter,,6 X 95G,10.90,1,3.25,,,,,,V,5060892900098,5060892909879,,
SUPPLEMENTS & REMEDIES,HIGHER NATURE,MD017,Serotone 5-HTP,For Serotonin Production,1 X 90 CAPS,18.80,1,32.70,,,,,,V,5031013100659,5031013100659,,
SUPERFOODS & SPORTS NUTRITION,LINWOODS,VM263,Sprouted Flaxseed,Milled & Organic,6 X 200G,21.54,,4.79,,,G,O,,V,5016887004845,05016887084847,,
BOOKS & OTHER MEDIA,MOONWISE,BK006,Moonwise Calendar 2026,13 lunar months,EACH,9.95,1,14.50,,,,,,V,9781911521310,,,
SWEET SNACKS,OH MY GUM!,ZX368,Plant Based Cherry Chewing Gum,Sugar Free; Plastic Free,12 X 19G,22.80,1,3.25,,,,,,V,5070000124353,35070000124354,,
SNACK BARS & FLAPJACKS,PULSIN',KB414,Almond Salted Caramel Keto Bar,4g Net Carbs Per Bar,18 X 50G,22.39,1,1.99,,,G,,,V,5060142013530,5060142013523,N,
CANDLES; INCENSE & HOLDERS,SIESTA CRAFTS,NF285,Satya Sai Nag Champa Incense,,12 X 15G,7.89,1,1.25,,F,,,,V,8904245400477,8904245400484,N,
FLOURS & BREAD MIXES,WILDFARMED,FG027,Rustic White flour,,5 X 1.5KG,13.40,,3.59,,,,,,V,5065009224081,,N,
NUTS & SEEDS,BULK COMMODITIES,NU126,Almonds - blanched,,10 KG,106.14,,,,,,,,V,,,,01 SEP 25
CHOCOLATE,BENNETTO,KB900,Dark with Toasted Hazelnuts,,12 X 80G,26.09,1,3.59,,F,G,O,,V,9421903370648,9421903370785,N,
INTIMATE CARE,NATRACARE,NF304,Ultra Extra Pad Normal - Wings,,12 X 12,21.41,,2.45,,,,,,V,0782126003256,05019493032011,,
FRUIT - DRIED,BULK COMMODITIES,DR013,Cherries Glace - Dark Red,Natural Colour Anthocyanin SO2,10 KG,68.08,,,,,,,S,V,,,,
OILS & FATS,CLEARSPRING,GT066,Tunisian Olive Oil,Organic; Extra Virgin,6 X 1L,76.46,,16.99,,,,O,,V,5021554986928,05021554986935,,
HOUSEHOLD CLEANING PRODUCTS,ECOVER,HJ132,Dishwasher Tablets Classic,Lemon & Lime,5 X 70 TABS,57.25,1,18.49,,,,,,V,5412533005905,05412533055900,,
BODY CARE,FRIENDLY SOAP,DY095,Shampoo Bar Lavender/Geranium,,6 X 95G,10.90,1,3.25,,,,,,V,5060892900142,5060892909824,,
SUPPLEMENTS & REMEDIES,HIGHER NATURE,VM035,Colloidal Silver,Pure Medicinal Grade Silver,1 X 100ML,12.82,1,22.95,,,,,,V,5031013102479,,,
SUPERFOODS & SPORTS NUTRITION,LINWOODS,VM376,Sprouted Sunflower Seeds,Organic; Whole Seeds,8 X 125G,16.80,,2.79,,,G,O,,V,5016887005071,05016887065075,,
INTIMATE CARE,MOONCUP,DY538,Menstrual Cup Cleaning Pot,Shake&Go; Microwave; Sterilise,EACH,6.29,1,10.50,,,,,,V,5060053020009,15060053020006,,
SWEET SNACKS,OH MY GUM!,ZX362,Plant Based Cinnamon Gum,Sugar Free; Plastic Free,12 X 19G,22.80,1,3.25,,,,,,V,5070000124315,35070000124316,,
SNACK BARS & FLAPJACKS,PULSIN',KB404,Raspberry Choc Chip Keto Bar,4g Net Carbs Per Bar,18 X 50G,22.39,1,1.99,,,G,,,V,5060142013516,5060142013547,N,
BAGS; BOXES AND BASKETS,SIESTA,NF146,Sari Shopper Bag,Recycled,SINGLE,2.90,1,5.50,,F,,,,V,5056383830012,,,
CHOCOLATE,WILLIE'S CACAO,KB087,World Tasting Collection,5 Single Estate Bar Pack,6 X 250G,61.70,1,16.99,,,,,S,V,5060165580491,05060165580897,,
NUTS & SEEDS,SUMA BAGGED DOWN,NU008,Almonds - flaked,,1 KG,12.49,,,,,,,,V,5017601770084,,,
CHOCOLATE,BENNETTO,KB885,Dark Mint Bar,,12 X 80G,26.09,1,3.59,,F,G,O,,V,9421903370693,9421903370839,N,
INTIMATE CARE,NATRACARE,NF755,Ultra Pad - Long with Wings,organic cotton cover,12 X 10,21.41,,2.45,,,,,,V,782126003102,05019493031007,,
FRUIT - DRIED,SUMA PREPACKS,DR202,Cherries Glace - Bright Red,Natural Colouring SO2,6 X 200G,14.18,,3.15,,,,,S,V,5017601024101,05017601024095,,
OILS & FATS,CLEARSPRING,GT009,Rapeseed Oil Organic,Contains vit E & omega,6 X 500ML,22.01,,4.99,,,,O,,V,5021554986560,05021554986577,,
HOUSEHOLD CLEANING PRODUCTS,ECOEGG,HJ142,Laundry Egg,70 Washes; Fresh Linen,5 X 1 EGG,35.94,1,11.49,,,,,,V,5060558050075,15060558050072,,
BODY CARE,FRIENDLY SOAP,DY103,Shampoo Bar Lavender Tea Tree,,6 X 95G,10.90,1,3.25,,,,,,V,506892900135,5060892909817,,
SUPPLEMENTS & REMEDIES,HIGHER NATURE,VM419,Clarity For Women,Help Maintain Mental Clarity,1 X 60 CAPS,9.76,1,34.95,,,,,,V,5031013109584,,,03 OCT 25
SUPERFOODS & SPORTS NUTRITION,LINWOODS,MD048,Whole Seed Hemp,Milled & Organic,6 X 200G,21.86,,4.89,,,G,O,,V,5016887005132,5016887765135,,
INTIMATE CARE,MOONCUP,DY606,Menstrual Cup Size 'A',Women aged 30+ & post kids,EACH,16.85,,23.50,,,,,,V,5060053021112,,,
CHOCOLATE,OMBAR CHOCOLATE,ZX953,Coco Mylk Chocolate Bar,,10 X 70G,22.87,1,3.69,,F,G,O,S,V,5060102662105,15060102662102,N,
CANDLES; INCENSE & HOLDERS,SIESTA CRAFTS,NF577,Satya Sai Patchouli Incense,,12 X 15G,7.89,1,1.25,,F,,,,V,8904245400187,8904245400194,N,
HOUSEHOLD PRODUCTS,SEEDBALL,NF073,Save the Bees - Mini Tins,Wildlife Friendly Seeds,6 X 1 PACKS,12.00,1,3.50,,,,,,V,,5060336971691,,
NUTS & SEEDS,BULK COMMODITIES,NU006,Almonds - flaked,,10 KG,99.29,,,,,,,,V,,,,
CHOCOLATE,BENNETTO,KB895,Dark Orange with Chilli bar,,12 X 80G,26.09,1,3.59,,F,G,O,,V,9421903370679,9421903370815,N,
INTIMATE CARE,NATRACARE,NF827,Ultra Regular Pad with Wings,organic cotton cover,12 X 14,21.41,,2.45,,,,,,V,0782126003058,05019493030017,,
PASTA,CIEMME,WT060,Gnocchi - Gluten Free,,12 X 250G,17.15,,1.90,,,G,,,V,8033087771862,80330877724874,,
OILS & FATS,CLEARSPRING,GT027,Rapeseed Oil Organic,Contains vit E & omega,6 X 1L,40.46,,8.99,,,,O,,V,5021554988557,05021554988564,,
HOUSEHOLD CLEANING PRODUCTS,ECOEGG,HJ389,Laundry Egg White Refill 50s,,10 X 1 EGG,35.94,1,5.79,,,,,,V,5060558050990,15060558050997,,
BODY CARE,FRIENDLY SOAP,DY093,Shaving Bar Orange & Lavender,,6 X 95G,10.90,1,3.25,,,,,,V,5060892900173,5060892909862,,
SUPPLEMENTS & REMEDIES,HIGHER NATURE,VM420,Rekindle For Women,Libido-Loving Botanical Blend,1 X 60 CAPS,9.76,1,34.95,,,,,,V,5031013109669,,,03 OCT 25
SUPERFOODS & SPORTS NUTRITION,LINWOODS,VM425,Overnight Oats - Chocolate,Oats; Chia & Plant Protein,5 X 300G,15.64,,4.19,,,G,,,V,5016887007266,05016887057261,,
INTIMATE CARE,MOONCUP,DY680,Menstrual Cup Size 'B',Women under 30,EACH,16.85,,23.50,,,,,,V,5060053022225,,,
SWEET SNACKS,OH MY GUM!,ZX347,Plant Based Mint Chewing Gum,Sugar Free; Plastic Free,12 X 19G,22.80,1,3.25,,,,,,V,5070000124308,35070000124309,,
CANDLES; INCENSE & HOLDERS,SIESTA,NF075,Noor Oud Ruby Incense,,12 X 15G,11.30,1,1.99,,F,,,,V,8901684617190,8901684617206,,
OILS & FATS,Biona,GT006,Black Seed Oil,,6 X 250ML,61.57,1,13.69,,,,O,,V,5032722320246,5032722657717,,
NUTS & SEEDS,SUMA BAGGED DOWN,NU007,Almonds - Flaked,,5 KG,60.95,,,,,,,,V,5017601770077,,,
PET FOODS & PET CARE,PAWTATO,PF011,Pawtato Small Knots,Sweet Potato & Rice Vegan Chew,6 X 150G,12.01,1,3.25,,,G,,,V,5060130540222,5060130540987,,
INTIMATE CARE,NATRACARE,NF862,Ultra Pads Super Plus,organic cotton cover,12 X 12,21.41,,2.45,,,,,,V,0782126003119,05019493031106,,
SWEET SNACKS,CANDY KITTENS,ZX317,Advent Calendar,,4 X 264G,42.80,1,17.15,,,,,S,V,5060384263670,15060384263677,,
OILS & FATS,CLEARSPRING,GT051,Sunflower Oil,,6 X 2L,62.97,,12.49,,,,O,,V,5021554988816,05021554988823,,
HOUSEHOLD CLEANING PRODUCTS,ECOEGG,HJ388,Laundry Egg Whites 50s,50 Washes,5 X 1EGG,20.07,1,7.50,,,,,,V,5060558051003,15060558050980,,
BODY CARE,FRIENDLY SOAP,DY507,Shampoo Bar P/Mint Eucalyptus,,6 X 95G,10.90,1,3.25,,,,,,V,5060892900159,5060892909848,,
SUPPLEMENTS & REMEDIES,HIGHER NATURE,VM421,Vitality For Women,Whole Food Multivitamin,1 X 60 CAPS,19.51,1,34.95,,,,,,V,5031013109676,,,
SUPERFOODS & SPORTS NUTRITION,LINWOODS,VM424,Overnight Oats - Strawberry,Oats; Chia & B Vitamins,5 X 300G,15.64,,4.19,,,G,,,V,5016887007273,05016887057278,,
BOOKS & OTHER MEDIA,MOONWISE,BK003,Moonwise Diary 2026,198 x 129 mm paperback book,EACH,8.13,1,12.50,,,,,,V,9781911521327,,,
SWEET SNACKS,OH MY GUM!,ZX311,Mints by Oh My Gum,,12 X 18G,22.80,1,3.50,,,G,,,V,5065019921079,15065019921076,N,
CANDLES; INCENSE & HOLDERS,SIESTA CRAFTS,NF578,Satya Sai White Sage Incense,,12 X 15G,7.89,1,1.25,,F,,,,V,8904245400415,8904245400422,N,
OLIVES,BIONA,KJ122,Biona Organic Kalamata Olives,,6 X 370G,16.84,,3.75,,,,O,,V,5032722320291,5032722657762,,
NUTS & SEEDS,BULK COMMODITIES,NU009,Almonds - ground,,10 KG,94.50,,,,,,,,V,,,,
PET FOODS & PET CARE,BENEVO,PF016,Biodegradable Dog Poo Bags,,6 X 120 BAGS,24.79,1,6.65,,,,,,V,5060130540604,5060130540611,,
INTIMATE CARE,NATRACARE,NF442,Ultra Super Pads with Wings,organic cotton cover,12 X 12,21.41,,2.45,,,,,,V,0782126003089,05019493030802,,
SWEET SNACKS,CANDY KITTENS TREETS,ZX387,Crispy Ch*c Coated Treets,Ch*colate Alternative,30 X 120G,51.43,1,2.75,,,,,S,V,5060384263625,15060384263622,,
OILS & FATS,CLEARSPRING,GT063,Sunflower Frying Oil Organic,,6 X 2L,60.71,,13.49,,,,O,,V,5021554988830,05021554988847,,
HOUSEHOLD CLEANING PRODUCTS,ECOLEAF BY SUMA,HJ374,Fabric Conditioner - Bamboo,Bamboo & Lotus 500 washes,20L,30.99,1,,,,,,,V,5017601050193,05017601050186,,
BODY CARE,FRIENDLY SOAP,DY514,Shaving Bar Fragrance Free,,6 X 95G,10.90,1,3.25,,,,,,V,5060892900180,5060892909855,,
SUPPLEMENTS & REMEDIES,HIGHER NATURE,VM296,Thyroid Support Formula,With Iodine & Selenium,1 X 60 CAPS,12.60,1,20.95,,,,,,V,5031013103735,,,
SUPERFOODS & SPORTS NUTRITION,LINWOODS,VM423,Overnight Oats - Original,Oats; Chia & B Vitamins,5 X 300G,15.64,,4.19,,,G,,,V,5016887007280,05016887057285,,
INTIMATE CARE,MOONCUP,NF287,Panty Liners,Organic. Plastic & Bleach Free,10 X 25 PADS,16.07,,2.25,,,,O,,V,5060053020207,15060053020204,,
SWEET SNACKS,OH MY GUM!,ZX993,Peach Bonbons,Sugar free vegan sweets,10 X 32G,17.15,1,3.00,,,G,,,V,5065019921031,15065019921038,N,
CANDLES; INCENSE & HOLDERS,SIESTA CRAFTS,NF576,Satya Sai Sandalwood Incense,,12 X 15G,7.89,1,1.25,,F,,,,V,8904245400163,8904245400170,N,
OLIVES,BIONA,KJ125,Stuffed Olives Red Pepper,,6 X 370G,16.84,,3.75,,,,O,,V,5032722320277,5032722657748,,
NUTS & SEEDS,SUMA BAGGED DOWN,NU011,Almonds - ground,,1 KG,11.65,,,,,,,,V,5017601770114,,,
CHOCOLATE,BENNETTO,KB896,Dark Chocolate with Raspberry,,12 X 80G,29.60,1,3.99,,F,G,O,,V,9421903370631,9421903370778,N,
INTIMATE CARE,NATRACARE,NF204,Organic Cotton Intimate Wipes,organic,24 X 12,36.20,1,2.59,,,,O,,V,782126200150,05019493201400,,
SWEET SNACKS,CANDY KITTENS,ZX200,Disco Dreams,5 Flavours in one pack,10 X 140G,19.57,1,3.15,,,G,,S,V,5060384263663,15060384263660,,
TEAS,CLEARSPRING,JP302,Sencha Green Tea,100% sustainable packaging,4 X 20 BAGS,10.47,,3.49,,,,O,,V,5021554001744,05021554001737,,
HOUSEHOLD CLEANING PRODUCTS,ECOLEAF BY SUMA,HJ366,Fabric Conditioner - Bamboo,37 washes,6 X 1.5L,16.57,1,4.40,,,,,,V,5017601050117,05017601050100,,
BODY CARE,FRIENDLY SOAP,DY106,Natural Travel Soap,Lemongrass/Lav/Pmint/Tea Tree,6 X 95G,10.90,1,3.25,,,,,,V,5060892900111,5060892909893,,
SUPPLEMENTS & REMEDIES,HIGHER NATURE,MD070,VisualEyes,Ideal For Long Screen Time Use,1 X 90 CAPS,24.02,1,39.95,,,,,,V,5031013103025,,,
NUTS & SEEDS,SUMA PREPACKS - ORGANIC,NU322,Linseed; golden - organic,,6 X 250G,7.88,,1.75,,,,O,,V,5017601022367,05017601022350,,
SWEET SNACKS,OH MY GUM!,ZX995,Raspberry Bonbons,Sugar free vegan sweets,10 X 32G,17.15,1,3.00,,,G,,,V,50650199210481,15065019921045,N,
CLOTHING,SIESTA CRAFTS,NF135,Recycled Sari Scrunchie,Assorted designs,EACH,1.25,1,2.30,,F,,,,V,5056383826671,,,
OLIVES,BIONA,KJ127,Stuffed Olives Garlic,,6 X 370G,16.84,,3.75,,,,O,,V,5032722320260,5032722657731,,
NUTS & SEEDS,SUMA BAGGED DOWN,NU010,Almonds - ground,,5 KG,55.79,,,,,,,,V,5017601770107,,,
PET FOODS & PET CARE,BENEVO,PF010,Rumble Dog Strips-soft & chewy,ideal as training aid/reward,14 X 180G,23.34,1,2.69,,,,,,V,5060130540093,5060130540109,,
BABY CARE,NATRACARE,NF099,Baby Wipes 50 Pack,Chamomile; Apricot; Almond Oil,16 X 50,40.22,1,4.13,,,,O,,V,0782126200112,05019493201103,,
SWEET SNACKS,CANDY KITTENS,ZX594,Eton Mess,,10 X 140G,19.57,1,3.15,,,,,S,V,5060384262895,45060384262893,,
FAR EASTERN FOOD,CLEARSPRING,JP066,Shiitake Mushrooms - Organic,,6 X 40G,35.96,,7.99,,,,O,,V,5021554987918,05021554987925,,
HOUSEHOLD CLEANING PRODUCTS,ECOLEAF BY SUMA,HJ371,Fabric Conditioner- Bamboo,Bamboo & Lotus 125 washes,5L,8.55,1,13.69,,,,,,V,5017601050155,05017601050148,,
FRUIT & VEGETABLE JUICES,FROBISHERS,JU211,Apple Juice,,24 X 250ML,30.58,1,2.05,,,,,,V,5032952200141,5032952000062,,
BEANS & PULSES - CANNED,HODMEDOD'S,VF098,Organic Whole Fava Beans,,12 X 400G,17.05,,1.89,,,,O,,V,5060324810216,15060324810213,,
NUTS & SEEDS,SUMA BAGGED DOWN - ORGANIC,NU039,Linseed; golden - organic,,2.5 KG,8.65,,,,,,O,,V,5017601032342,,,
SWEET SNACKS,OH MY GUM!,ZX997,Strawberry Bonbons,Sugar free vegan sweets,10 X 32G,17.15,1,3.00,,,G,,,V,5065019921055,15065019921052,N,
CLOTHING,SIESTA CRAFTS,NF136,Sari Patch Scarf,Assorted Unique Designs,EACH,5.99,1,11.00,,F,,,,V,5056383829627,,,
SUPPLEMENTS & REMEDIES,TOGETHER HEALTH,VM121,Omega 3 - Vegan,From Algae with DHA & EPA,6 X 30 CAPS,51.06,1,14.99,,,G,,,V,5060170530221,5060170530245,,
OLIVES,BIONA,KJ138,Stuffed Olives Jalapeno,,6 X 370G,16.84,,3.75,,,,O,,V,5032722320284,5032722657755,,
NUTS & SEEDS,SUMA BAGGED DOWN - ORGANIC,NU201,Almonds - organic,,1 KG,13.79,,,,,,O,,V,5017601009221,,,
PET FOODS & PET CARE,PAWTATO,PF027,Pawtato Spinach & Kale Chews,Vegan Dog Chews,6 X 120G,10.00,1,2.69,,,G,,,V,5060130540352,5060130541052,,
VEGAN DESSERTS,BOOJA-BOOJA,XL033,Deeply Chocolate Ice Cream,,6 X 465ML,22.08,1,5.90,,,G,O,S,V,5060002043967,5060002044032,,
SWEET SNACKS,CANDY KITTENS,ZX577,Eton Mess,,12 X 54G,10.80,1,1.45,,,,,S,V,5060384261171,15060384261178,,
FAR EASTERN FOOD,CLEARSPRING,JP044,Shoyu Soya Sauce,,6 X 250ML,18.86,,4.19,,,,O,,V,5021554004646,05021554004653,,
HOUSEHOLD CLEANING PRODUCTS,ECOLEAF BY SUMA,HJ367,Fabric Conditioner - Jasmine,37 washes,6 X 1.5L,16.57,1,4.40,,,,,,V,5017601050094,05017601050087,,
FRUIT & VEGETABLE JUICES,FROBISHERS,JU213,Bumbleberry Juice,Mixed berry juice,24 X 250ML,30.58,1,2.05,,,,,,V,5032952000451,5032952000000,,
FLOURS & BREAD MIXES,HODMEDOD'S,FG013,Hope Farm YQ Flour,,6 X 1.5KG,19.54,,3.79,,,,,,V,50603248161140,15060324816147,N,15 SEP 25
NUTS & SEEDS,SUMA BAGGED DOWN - ORGANIC,NU244,Linseed; golden - organic,,1 KG,4.05,,,,,,O,,V,5017601016267,,,
SWEET SNACKS,OH MY GUM!,ZX538,Plant Based Tropical Chew Gum,plastic free,12 X 19G,22.80,1,3.25,,,,,,V,5070000124360,35070000124361,,
CANDLES; INCENSE & HOLDERS,SIESTA,NF097,Noor Oud Topaz Incense,,12 X 15G,11.30,1,1.99,,F,,,,V,8901684617213,8901684617220,,
SUPPLEMENTS & REMEDIES,TOGETHER HEALTH,VM025,Pregnancy Wholefood Multivit,400mcg Of Folic Acid,5 X 60 CAPS,48.22,1,16.99,,,G,,,V,5060170530313,5060170530368,,
CHOCOLATE & SWEET SPREADS,BIONA,GH840,Dark Chocolate Spread - org,Dairy Free,6 X 350G,24.15,,5.39,,,,O,S,V,5032722306523,05032722642966,,
NUTS & SEEDS,BULK COMMODITIES - ORGANIC,NU800,Almonds; Ground - organic,,10 KG,135.84,,,,,,O,,V,,,,03 SEP 25
VEGAN DESSERTS,BOOJA-BOOJA,XL263,Caramel Pecan Ice Cream,,6 X 465ML,22.08,1,5.90,,,G,O,S,V,5060002043974,5060002044049,,
SWEET SNACKS,CANDY KITTENS,ZX598,Love Candy,,10 X 140G,19.57,1,3.15,,,,,S,V,5060384262925,45060384262923,,
FAR EASTERN FOOD,CLEARSPRING,JP036,Skinny Soba Somen Noodles,,12 X 200G,26.70,,2.97,,,,O,,V,5021554004974,05021554004981,,
HOUSEHOLD CLEANING PRODUCTS,ECOLEAF BY SUMA,HJ372,Fabric Conditioner- Jasmine,Jasmine 125 washes,5L,8.55,1,13.69,,,,,,V,5017601050131,05017601050124,,
FRUIT & VEGETABLE JUICES,FROBISHERS,JU215,Mango Juice,,24 X 250ML,30.58,1,2.05,,,,,,V,5032952200110,5032952000048,,
GRAINS,HODMEDOD'S,QS021,Smoked Quinoa,British Grown,8 X 300G,22.85,,3.79,,,,,,V,5060324811145,15060324811142,,
NUTS & SEEDS,BULK COMMODITIES - ORGANIC,NU791,Linseed; golden - organic,,25 KG,68.46,,,,,,O,,V,,,,
WATERS,ONE WATER,WA005,Still Natural Spring Water,Carbon Neutral Cans,24 X 330ML,12.87,1,0.89,,,,,,V,5060576750209,15060576750206,,
CLOTHING,SIESTA CRAFTS,NF139,Sari Recycled Gift Wrap/Scarf,Assorted Designs,30 X ITEMS,73.89,1,4.35,,F,,,,V,5056383836182,,,
SUPPLEMENTS & REMEDIES,TOGETHER HEALTH,VM013,Coenzyme Q10,With Piperline & MCT,6 X 30 CAPS,40.30,1,11.99,,,G,,,V,5060170530580,5060170530627,,
READY TO EAT FOODS (CHILLED),BIONA,CV063,Lucky Stars,with pumpkin; tofu & ginger,4 X 250G,14.25,,4.75,,,,O,,V,5032722307360,05032722643963,,
NUTS & SEEDS,SUMA BAGGED DOWN - ORGANIC,NU430,Almonds; ground - organic,,1 KG,15.55,,,,,,O,,V,5017601014867,,,
VEGAN DESSERTS,BOOJA-BOOJA,XL038,Vanilla Ice Cream,,6 X 465ML,22.08,1,5.90,,,G,O,S,V,5060002043950,5060002044025,,
SWEET SNACKS,CANDY KITTENS TREETS,ZX381,Salted Peanut Ch*c Coated,Ch*colate Alternative,30 X 120G,51.43,1,2.75,,,,,S,V,5060384263632,15060384263639,,
FAR EASTERN FOOD,CLEARSPRING,JP038,Soba Noodles,,12 X 200G,26.69,,2.97,,,,O,,V,5021554004950,05021554004967,,
HOUSEHOLD CLEANING PRODUCTS,ECOLEAF BY SUMA,HJ268,Hard Floor Cleaner- Rose & Oud,Concentrated formula,12 X 750ML,28.34,1,3.79,,,,,,V,5017601051770,05017601051763,,
FRUIT & VEGETABLE JUICES,FROBISHERS,JU210,Orange Juice,,24 X 250ML,30.58,1,2.05,,,,,,V,5032952200196,5032952000109,,
NUTS & SEEDS,SUMA BAGGED DOWN,NU204,Linseed / Flax,,1 KG,3.55,,,,,,,,V,5017601702047,,,
WATERS,ONE WATER,WA006,Sparkling Natural Spring Water,Carbon Neutral Cans,24 X 330ML,12.87,1,0.89,,,,,,V,5060576750216,15060576750213,,
PASTA,LA BIO IDEA,WT232,Lasagne green,,12 X 250G,18.29,,1.99,,,,O,,V,8015602000398,8015602010397,,
SUPPLEMENTS & REMEDIES,TOGETHER HEALTH,VM357,Organic Reishi 800mg,Dual Extract Fruiting Bodies,5 X 60 CAPS,62.77,1,22.39,,,G,O,,V,5060170531082,5060170531136,,
FRUIT & VEGETABLE JUICES,BIONA,JU702,Lemon Juice,Tart and Refreshing,6 X 250ML,9.27,,2.09,,,,O,,V,5032722312012,05032722657427,,
NUTS & SEEDS,SUMA PREPACKS - ORGANIC,NU387,Almonds; ground - organic,,6 X 125G,12.38,,2.75,,,,O,,V,5017601023784,05017601023777,,
COFFEE,SUMA ORGANIC,TE656,Espresso Beans,Strength 5; Cocoa / Aromatic,1 KG,25.24,,33.65,,F,,O,,V,5017601039075,05017601039068,,
SWEET SNACKS,CANDY KITTENS,ZX897,Sour Shox Blackcurrent Lime,,10 X 140G,9.79,1,3.15,,,G,,,V,5060384263410,15060384263417,,
FAR EASTERN FOOD,CLEARSPRING,JP149,Shichimi Togarashi,,8 X 50G,30.59,,5.09,,,,O,,V,5021554005230,05021554005254,,
HOUSEHOLD CLEANING PRODUCTS,ECOLEAF BY SUMA,HJ292,Hard Floor Cleaner- Rose & Oud,Concentrated formula,5L,13.15,1,20.99,,,,,,V,5017601051855,05017601051848,,
JAMS & FRUIT SPREADS,FRUTTETO ITALIA,KJ197,Apricot Fruit Spread,No Added Sugar 100% Fruit,6 X 250G,15.81,,3.51,,,,O,,V,5060466500457,15060466500454,,
NUTS & SEEDS,BULK COMMODITIES,NU205,Linseed / Flax,,25 KG,35.60,,,,,,,,V,,,,
FLOURS & BREAD MIXES,SUMA BAGGED DOWN - ORGANIC,FG022,Polenta - Organic,Precooked,3 KG,10.55,,,,,,O,,V,5017601048855,,,
SNACK BARS & FLAPJACKS,PULSIN',KB784,Choc Fudge & Peanut Keto Bar,4g Net Carbs Per Bar,18 X 50G,26.87,,1.99,,,G,,,V,886054002241,886054002258,N,
PASTA,LA BIO IDEA,WT023,Lasagne,,12 X 250G,18.29,,1.99,,,,O,,V,8015602000466,8015602010465,,
SUPPLEMENTS & REMEDIES,TOGETHER HEALTH,VM050,Stress Aid Complex,Adaptogen Herbal Complex,6 X 30 CAPS,42.54,1,12.49,,,G,,,V,5060170530481,5060170530528,,
FRUIT & VEGETABLE JUICES,BIONA,JU184,Beetroot Juice,pressed,12 X 500ML,20.17,1,2.69,,,,O,,V,5032722312357,05032722648692,,
NUTS & SEEDS,SUMA PREPACKS - ORGANIC,NU043,Almonds; ground - organic,,6 X 250G,22.28,,4.95,,,,O,,V,5017601032397,05017601032380,,
COFFEE,SUMA ORGANIC,TE372,Colombia Ground Coffee,Strength 4; Apple / Caramel,6 X 227G,30.07,,6.69,,F,,O,,V,5017601033158,05017601033141,,
SWEET SNACKS,CANDY KITTENS,ZX178,Sour Shox,,10 X 140G,19.57,1,3.15,B,,,,,V,5060384263076,15060384263073,,
FAR EASTERN FOOD,CLEARSPRING,JP007,Japanese Sea Vegetable Salad,Wakame; Agar; Aka Tsunomata,6 X 25G,22.46,,4.99,,,,,,V,5021554984641,05021554986027,,
HOUSEHOLD CLEANING PRODUCTS,ECOLEAF BY SUMA,HJ346,Fabric Conditioner-Vanilla-Con,Concentrated Formula 24 Washes,8 X 740ML,12.46,1,2.50,,,,,,V,5017601050070,05017601050063,,
JAMS & FRUIT SPREADS,FRUTTETO ITALIA,KJ201,Blueberry Fruit Spread,No Added Sugar 100% Fruit,6 X 250G,17.97,,3.99,,,,O,,V,5060466500464,15060466500461,,
NUTS & SEEDS,SUMA BAGGED DOWN,NU206,Linseed / Flax,,5 KG,9.99,,,,,,,,V,5017601702061,,,
READY MEALS (FROZEN),ONE PLANET PIZZA,XL093,Cheezy Garlic Flatbread,,8 X 190G,21.14,,3.50,,,,,,V,5060536650594,15060536650591,,
SNACK BARS & FLAPJACKS,PULSIN',KB483,Choc Mint & Peanut Keto Bar,4g Net Carbs Per Bar,18 X 50G,26.88,,1.99,,,G,,,V,5060142012700,5060142012724,N,
PASTA,LA BIO IDEA,WT040,Macaroni Elbows - wholewheat,Organic,12 X 500G,24.36,,2.69,,,,O,,V,8015602000022,8015602010021,,
SUPPLEMENTS & REMEDIES,TOGETHER HEALTH,VM026,Curcumin & Whole Root Turmeric,With Piperline Black Pepper,6 X 30 CAPS,26.84,1,7.99,,,G,,,V,5060170530344,5060170530399,,
MEAT ALTERNATIVES (CHILLED),BIONA,CV321,Mini Quinoa Burgers,Soya Free,6 X 195G,21.40,,4.75,,,,O,,V,5032722315051,05032722652439,,
NUTS & SEEDS,SUMA BAGGED DOWN - ORGANIC,NU064,Almonds; Flaked - Organic,,1 KG,17.25,,,,,,O,,V,5017601046110,,,
COFFEE,SUMA ORGANIC,TE101,Ethiopia Yirgacheffe Beans,Strength 3; Citrus / Apricot,1 KG,27.74,,36.99,,F,,O,,V,5017601030034,,,
SWEET SNACKS,CANDY KITTENS,ZX599,Sour Watermelon,,10 X 140G,19.57,1,3.15,,,,,S,V,5060384262901,45060384262909,,
NUT & SEED BUTTERS,CLEARSPRING,GH131,Tahini - Black Sesame,,6 X 170G,15.71,,3.49,,,,O,,V,5021554004509,05021554004516,,
HOUSEHOLD CLEANING PRODUCTS,ECOVER,HJ024,Floor Cleaner,Cleans; Nourishes; Protects,6 X 1L,14.39,1,3.85,,,,,,V,5412533426984,05412533426991,,
JAMS & FRUIT SPREADS,FRUTTETO ITALIA,KJ227,Cherry Fruit Spread,No Added Sugar 100% Fruit,6 X 250G,21.56,,4.79,,,,O,,V,5060466500471,15060466500478,,
HERBS & SPICES - BULK,LAHDE,ZX100,Liquorice Root,One Bundle,1 KG,24.00,,,,,,,,V,5017601025689,,,
READY MEALS (FROZEN),ONE PLANET PIZZA,XL303,Margherita Vegan Pizza,,6 X 301G,20.76,,4.65,,,,,,V,5060536650471,15060536650478,,
SNACK BARS & FLAPJACKS,PULSIN',KB490,Choc Orange & Peanut Keto Bar,4g Net Carbs Per Bar,18 X 50G,26.87,,1.99,,,G,,,V,5060142012717,5060142012731,N,
PASTA,LA BIO IDEA,WT046,Tagliatelle - organic,Fettuce,12 X 500G,24.36,,2.69,,,,O,,V,8015602000374,8015602010373,,
SUPPLEMENTS & REMEDIES,TOGETHER HEALTH,VM113,Vitamin C - From Citrus,With Bioflavonoids 140mg,6 X 30 CAPS,32.32,1,9.49,,,G,,,V,5060170530160,5060170530207,,
READY TO EAT FOODS (CHILLED),PROFUSION,CV006,Fresh Organic Sauerkraut,,20 X 520G,40.97,,2.75,,,,O,,V,5032722315280,05032722641396,,
NUTS & SEEDS,BULK COMMODITIES - ORGANIC,NU022,Almonds Flaked - organic,,10 KG,142.31,,,,,,O,,V,,,,
COFFEE,SUMA ORGANIC,TE374,Ethiopia Yirgacheffe Ground,Strength 3; Citrus / Apricot,6 X 227G,33.80,,7.55,,F,,O,,V,5017601033196,05017601033189,,
SWEET SNACKS,CANDY KITTENS,ZX645,Sour Watermelon,Fruit Gum Sweets,12 X 54G,10.80,1,1.45,,,G,,S,V,5060384261119,15060384261116,,
FAR EASTERN FOOD,CLEARSPRING,JP088,Organic Japanese Tofu - Silken,,12 X 200G,14.46,,1.61,,,G,O,,V,5021554005810,05021554005827,,
JAMS & FRUIT SPREADS,FRUTTETO ITALIA,KJ384,Sicilian Orange Spread,No Added Sugar 100% Fruit,6 X 250G,15.81,,3.51,,,,O,,V,5060466500570,15060466500577,,
SWEET SNACKS,PANDA,ZX674,Liquorice Cuts Bag,,12 X 240G,22.78,1,3.05,,,,,S,V,075172078966,0075172088965,,
READY MEALS (FROZEN),ONE PLANET PIZZA,XL092,Margherita Pizzetta,,8 X 185G,21.14,,3.50,,,,,,V,5060536650570,15060536650577,,
SNACK BARS & FLAPJACKS,PULSIN',KB109,Cookie Dough Protein Bar,15g Protein Per Bar,12 X 57G,18.69,1,2.49,,,,,,V,5060142012892,05060142012915,N,
PASTA,LA BIO IDEA,WT048,Macaroni Elbows,Organic,12 X 500G,24.36,,2.69,,,,O,,V,8015602000060,8015602010069,,
SUPPLEMENTS & REMEDIES,TOGETHER HEALTH,VM021,Vitamin D3 - Vegan,Plant-Based 1000iu,6 X 30 CAPS,25.51,1,7.49,,,G,,,V,5060170530474,5060170530634,,
MEAT ALTERNATIVES (CHILLED),BIONA,CV377,Black Bean & Cashew Nut Burger,,8 X 160G,28.52,,4.75,,,,O,,V,5032722315679,05032722653078,,
NUTS & SEEDS,SUMA BAGGED DOWN,NU004,Almonds,,5 KG,52.55,,,,,,,,V,5017601770046,,,
COFFEE,SUMA ORGANIC,TE641,Suma Dark Roast Ground,Strength 5; Cocoa / Aromatic,6 X 227G,26.40,,5.85,,F,,O,,V,5017601038993,05017601038986,,
SWEET SNACKS,CANDY KITTENS TREETS,ZX380,Crunchy Corn Treets,Ch*colate Alternative,30 X 120G,51.43,1,2.75,,,,,S,V,5060384263618,15060384263615,,
FAR EASTERN FOOD,CLEARSPRING,JP026,Tofu Silken,,12 X 300G,17.52,,1.95,,,G,O,,V,5021554987710,05021554987727,,
FLOURS & BREAD MIXES,FRUMENTA,FG105,'00' Pasta Flour,,10 X 1KG,12.87,,1.75,,,,,,V,,8007232003696,N,
SWEET SNACKS,PANDA,ZX071,All Natural Liquorice Bar,,36 X 32G,15.31,1,0.70,,,,,S,V,075172079246,00075172089245,,
INTIMATE CARE,MOONCUP,NF283,Heavy / Night Pads,Organic. Plastic & Bleach Free,8 X 10 PADS,14.71,,2.59,,,,O,,V,5060053020184,15060053020181,,
READY MEALS (FROZEN),ONE PLANET PIZZA,XL186,Peppernomi Vegan Pizza,,6 X 311G,20.76,,4.65,,,,,,V,5060536650488,15060536650485,,
SNACK BARS & FLAPJACKS,PULSIN',KB110,Choc Fudge Protein Bar,15g Protein Per Bar,12 X 57G,18.69,1,2.49,,,,,,V,5060142012908,05060142012922,N,
PASTA,LA BIO IDEA,WT050,Penne White,Organic,6 X 500G,12.64,,2.79,,,,O,,V,8015602000435,8718976020534,,
SUPPLEMENTS & REMEDIES,TOGETHER HEALTH,VM054,Women's Wholefood Multivitamin,1-A-Day 22 Essential Nutrients,6 X 30 CAPS,40.84,1,11.99,,,G,,,V,5060170530443,5060170530511,,
MEAT ALTERNATIVES (CHILLED),BIONA,CV372,Red Lentil Sun Seed Burger,,8 X 160G,27.93,,4.70,,,,O,,V,5032722315686,05032722653085,,
NUTS & SEEDS,BULK COMMODITIES,NU003,Almonds 50lbs,Whole Natural,22.68 KG,201.31,,,,,,,,V,,,,04 SEP 25
COFFEE,SUMA ORGANIC,TE109,Honduras Coffee Beans,Strength 4; Hazelnut/ Choc,1 KG,21.73,,28.99,,F,,O,,V,5017601030119,,,
SWEET SNACKS,CANDY KITTENS,ZX113,Very Cherry,,10 X 140G,19.57,1,3.15,,,,,S,V,5060384262932,45060384262930,,
FAR EASTERN FOOD,CLEARSPRING,JP679,Soya Sauce,,6 X 150ML,14.81,,3.29,,,,O,,V,5021554984061,05021554984078,,
FLOURS & BREAD MIXES,FRUMENTA,FG089,'0' Pizza Flour,,10 X 1KG,12.87,,1.75,,,,,,V,,8007232003702,N,
SWEET SNACKS,PANDA,ZX676,All Natural Raspberry Bar,,36 X 32G,15.31,1,0.70,,,,,S,V,075172078102,10075172079335,,
INTIMATE CARE,MOONCUP,NF280,Medium / Day Pads,Organic. Plastic & Bleach Free,8 X 10 PADS,14.71,,2.59,,,,O,,V,5060053020177,15060053020174,,
READY MEALS (FROZEN),ONE PLANET PIZZA,XL280,Tex Mex Vegan Pizza,,6 X 361G,20.76,,4.65,,,,,,V,5060536650518,15060536650515,,
SNACK BARS & FLAPJACKS,PULSIN',KB090,Maple & Peanut Protein Bar,13g Protein Per Bar,18 X 50G,22.39,1,1.99,,,G,,,V,886054000056,886054000155,N,
PASTA,LA BIO IDEA,WT049,Spaghetti - White,Organic,12 X 500G,24.36,,2.69,,,,O,,V,8015602000077,8015602010076,,
SUPPLEMENTS & REMEDIES,TOGETHER HEALTH,VM150,Organic Bio-Zinc,From Guava Leaf,6 X 30 CAPS,39.13,1,11.49,,,,O,,V,5060170531013,5060170531037,,
SOFT DRINKS,BIONA,JU523,Kombucha Original,,6 X 330ML,12.51,1,3.35,,,,O,S,V,5032722316607,5032722654006,,
TOOTH CARE,ALOE DENT,DY819,Aloe Probiotic Whitening strip,,1 X PACK,4.89,1,8.49,,,,,,V,5029354015893,5029354015909,,
COFFEE,SUMA ORGANIC,TE384,Honduras Ground Coffee,Strength 4. Hazelnut / Choc,6 X 227G,27.17,,6.05,,F,,O,,V,5017601033233,05017601033226,,
SWEET SNACKS,CANDY KITTENS,ZX633,Wanderlust,,10 X 140G,19.57,1,3.15,,,,,S,V,5060384263335,15060384263332,,
FAR EASTERN FOOD,CLEARSPRING,JP680,Teriyaki Sauce,,6 X 150ML,20.21,,4.49,,,,O,,V,5021554984375,05021554984382,,
JAMS & FRUIT SPREADS,FRUTTETO ITALIA,KJ199,Raspberry Fruit Spread,No Added Sugar 100% Fruit,6 X 250G,17.97,,3.99,,,,O,,V,5060466500501,15060466500508,,
SWEET SNACKS,PANDA,ZX435,Liquorice Torpedos,Lemon;Aniseed;Peppermint,18 X 100G,21.13,1,1.89,,,,,S,V,075172039462,10075172039469,,
INTIMATE CARE,MOONCUP,NF284,Maxi / Night+ Pads with Wings,Organic. Plastic & Bleach Free,8 X 10 PADS,14.71,,2.59,,,,O,,V,5060053020191,15060053020198,,
TOOTH CARE,ALOE DENT,DY852,Aloe Vera Childrens Toothpaste,Strawberry Flavour,6 X 50ML,14.45,1,4.25,,,,,,V,5029354005078,5029354010997,,
SNACK BARS & FLAPJACKS,PULSIN',WS056,Peanut Choc Chip Brownie,Raw Chocolate Brownie,18 X 35G,14.99,1,1.19,,,G,,S,V,886054001244,886054002142,N,
PASTA,LA BIO IDEA,WT974,Lasagne white,no pre-cook,12 X 250 G,18.29,,1.99,,,,O,,V,8015602000367,8015602010366,,
PAPER PRODUCTS & STATIONERY,ECOLEAF BY SUMA,NF209,Toilet Tissue - 4 Pack,100% Recycled; 2 Ply,12 X 4 ROLLS,19.43,1,2.55,,,,,,V,5017601030416,5028635002492,N,
SOFT DRINKS,BIONA,JU556,Kombucha Ginger Lime,,6 X 330ML,12.51,1,3.35,,,,O,S,V,5032722316614,5032722654013,,
VEGAN YOGHURT,ALPRO,CV589,Soya Strwb/Bana/Peach Yoghurt,,6 X 4 X 125G,10.69,,2.39,,,G,,S,V,5411188082583,,,
CHOCOLATE,BENNETTO,KB894,Dark Crunchy Caramel,,12 X 80G,26.09,1,3.59,,F,G,O,,V,9421903370655,9421903370792,N,
COFFEE,SUMA ORGANIC,TE643,Medium Roast Ground Coffee,Strength 4. Caramel / Choc,6 X 227G,26.40,,5.85,,F,,O,,V,5017601039013,05017601039006,,
OILS & FATS,CLEARSPRING,GT062,Toasted Sesame Oil,,6 X 150ML,20.64,,4.59,,,,O,,V,5021554005032,05021554005049,,
JAMS & FRUIT SPREADS,FRUTTETO ITALIA,KJ196,Strawberry Fruit Spread,No Added Sugar 100% Fruit,6 X 250G,16.15,,3.59,,,,O,,V,5060466500518,15060466500515,,
HONEY,LITTLEOVER APIARIES,HY067,Cut Honeycomb,,12 X 225G,69.94,,7.79,,,G,,,,5060118170663,05060118170670,,
INTIMATE CARE,MOONCUP,DY531,Menstrual Beginner Cup Teen,Super soft and flexible,EACH,16.85,,22.49,,,,,,V,5060546081050,15060546081057,,
SUPPLEMENTS & REMEDIES,ALOE PURA,MD095,Aloe Vera Juice,Max Strength,6 X 500ML,32.00,1,9.49,,,,,,V,5029354000196,5029354000356,,
SUPERFOODS & SPORTS NUTRITION,PULSIN',VM092,Pea Protein Powder,Unflavoured; 80% Protein,6 X 250G,37.68,,8.39,,,G,,,V,5060142010195,05060142010416,,
BISCUITS CRACKERS & CRISPBREAD,NAIRN'S,BT127,Toffee Flavour Oaties,,8 X 160G,9.49,,1.59,,,G,,S,V,612322030346,10612322030343,,
PAPER PRODUCTS & STATIONERY,ECOLEAF BY SUMA,NF210,Toilet Tissue - Bulk Pack,100% Recycled; 2 Ply,6 X 12 ROLLS,32.40,1,,,,,,,V,5028635002850,,N,
SOFT DRINKS,BIONA,JU551,Kombucha Sour Cherry Mint,,6 X 330ML,12.51,1,3.35,,,,O,S,V,5032722316621,5032722654020,,
VEGAN YOGHURT,ALPRO,CV576,Soya Blueberry Cherry Yoghurt,,6 X 4 X 125G,10.69,,2.39,,,G,,S,V,5411188106852,05411188106869,,
PET FOODS & PET CARE,BENEVO,PF041,Benevo- Grain Free Vegan Feast,grain free for dogs,12 X 395G,28.43,1,3.79,,,G,,,V,5060130541144,5060130541182,,
COFFEE,SUMA ORGANIC,TE758,Medium Roast Blend Ground,Strength 4; Caramel / Choc,1 KG,22.18,,29.59,,F,,O,,V,5017601039952,05017601039945,,
FAR EASTERN FOOD,CLEARSPRING,JP112,Umami Instant Stock Paste,,8 X 112G,23.94,,3.99,,,,O,,V,5021554987260,05021554987277,,
JAMS & FRUIT SPREADS,FRUTTETO ITALIA,KJ380,Superberries Spread,No Added Sugar 100% Fruit,6 X 250G,17.25,,3.83,,,,O,,V,5060466500563,15060466500560,,
BEANS & PULSES - DRIED,HODMEDOD'S,PU007,Olive Green Lentils,UK Grown,12 X 500G,29.65,,3.29,,,,,,V,5060324811268,25060324811262,,
HONEY,LITTLEOVER APIARIES,HY070,English Clear Honey,,6 X 340G,27.34,,6.09,,,,,,,5060118170014,05060118170571,,
BEANS & PULSES - DRIED,SUMA PREPACKS,PU177,Moong Dahl,,6 X 500G,12.57,,2.79,,,,,,V,5017601020523,05017601020516,,
SUPPLEMENTS & REMEDIES,ALOE PURA,MD094,Aloe Vera Juice,Max Strength,6 X 1L,55.30,1,16.49,,,,,,V,5029354000189,5029354000363,,
SNACK BARS & FLAPJACKS,PULSIN',KB148,Peanut Choc Protein Bar,12g Protein Per Bar,18 X 50G,22.39,1,1.99,,,G,,,V,886054001978,886054001985,N,
BISCUITS CRACKERS & CRISPBREAD,NAIRN'S,BT194,Chocolate Chip Oaties,,8 X 160G,9.49,,1.59,,,G,,S,,612322030209,10612322030206,,
PAPER PRODUCTS & STATIONERY,ECOLEAF BY SUMA,NF214,Toilet Tissue - 9 Pack,100% Recycled; 2 Ply,5 X 9 ROLLS,21.49,1,7.35,,,,,,V,5017601030430,5028635002508,N,
FRUIT & VEGETABLE JUICES,BIONA,JU802,Lime Juice,Zingy and Refreshing,6 X 200ML,13.66,,3.05,,,,O,,V,5032722317024,05032722654426,,
VEGAN & OAT MILK,ALPRO,SY086,Oat Growing Up Drink,,8 X 1L,14.72,,2.49,,,,,,V,5411188135289,05411188135296,,
DAIRY YOGHURTS,BERGERIE,CV083,Sheep Milk Skyr Yoghurt,High Protein,6 X 250G,7.85,,1.75,,,,O,,,3273221119845,13273221119842,,
COFFEE,SUMA ORGANIC,TE106,Peru Cafe Femenino Beans,Strength 3; Chocolate / Citrus,1 KG,21.73,,28.99,,F,,O,,V,5017601030072,,,
FAR EASTERN FOOD,CLEARSPRING,JP101,Ume Su Seasoning,,6 X 150ML,13.46,,2.99,,,,O,,V,5021554004097,05021554004103,,
SWEET SNACKS,FRUTINA,KB325,Fruit Snack - Variety Pack,,60 X 15G,26.67,1,0.75,,,,,,V,9312331002129,9312331005076,N,
BEANS & PULSES - CANNED,HODMEDOD'S,VF232,Organic Carlin Peas,,12 X 400G,17.05,,1.89,,,,O,,V,5060324810568,15060324810565,,
HONEY,LITTLEOVER APIARIES,HY065,English Set Honey,,6 X 340G,27.50,,6.60,,,G,,,,5060118170045,5060118170656,,
BEANS & PULSES - DRIED,BULK COMMODITIES,PU175,Moong Dahl,,25 KG,65.71,,,,,,,,V,,,,
BODY CARE,ALOE PURA,DY196,Aloe Vera Gel + Tea Tree,cleansing & antiseptic,6 X 200ML,28.50,1,8.49,,,,,,V,5029354002640,5029354002749,,
SUPERFOODS & SPORTS NUTRITION,PULSIN',VM024,Rice Protein Powder,Unflavoured; 81% Protein,6 X 250G,41.96,,9.99,,,G,,,V,5060142010706,05060142010652,,
BISCUITS CRACKERS & CRISPBREAD,NAIRN'S,BT195,Syrup Oaties,,8 X 160G,9.49,,1.59,,,G,,S,V,612322001131,10612322001138,,
TOMATOES & TOMATO PRODUCTS,SUMA PREPACKS - ORGANIC,LJ602,Sundried Tomatoes - organic,,6 X 125G,9.23,,2.05,,,,O,,V,5017601020684,05017601020677,,
FRUIT & VEGETABLE JUICES,BIONA,JU403,Beetroot Juice,pressed,6 X 750ML,14.41,1,3.85,,,,O,,V,5032722319912,05032722657328,,
VEGAN & OAT MILK,ALPRO,SY050,Organic Soya Drink,,8 X 1L,12.34,,2.09,,,G,O,,V,5411188511137,05411188115236,,
MAYONNAISE & SALAD DRESSINGS,BESAUCY,KJ114,Dill & Gerkin Mayo,,6 X 180G,16.80,,3.85,,,,,S,V,5060250592095,5060250592118,,
COFFEE,SUMA ORGANIC,TE397,Peru Ground Coffee,Strength 3; Chocolate / Citrus,6 X 227G,28.68,,6.39,,F,,O,,V,5017601033271,05017601033264,,
FAR EASTERN FOOD,CLEARSPRING,JP092,Wakame Organic,,8 X 25G,25.14,,4.19,,,,O,,V,5021554001843,05021554001836,,
MEAT ALTERNATIVES(FROZEN),FRYS,XL003,Traditional Sausages,,10 X 380G,32.38,,4.35,,,,,,V,6005207000062,16005207000069,,
BEANS & PULSES - DRIED,HODMEDOD'S,PU008,Carlin Peas Organic,AKA Black Badger Peas,12 X 500G,19.75,,2.19,,,,O,,V,5060324810865,25060324810869,,
HONEY,LITTLEOVER APIARIES,HY057,English Heather Honey,,6 X 340G,38.57,,8.57,,,G,,,,5060118170076,5060118170984,,
READY TO EAT FOODS (CHILLED),MORGIEL,CV936,Apple & Parsley Sauerkraut,,6 X 300G,20.14,,4.49,,,,O,,V,5060570150142,15060570150149,,
BODY CARE,ALOE PURA,DY199,Aloe Vera Gel + Vitamin A C E,antioxidant,6 X 200ML,28.50,1,8.49,,,,,,V,5029354002633,5029354002732,,
SUPERFOODS & SPORTS NUTRITION,PULSIN',VM095,Soya Protein Powder,Unflavoured; 90% Protein,6 X 250G,37.76,,8.45,,,G,,,V,5060142010188,05060142010409,,
BISCUITS CRACKERS & CRISPBREAD,NAIRN'S,BT090,Oatcakes - Fine,,12 X 218G,10.60,,1.19,,,,,,V,061232202952,00061232202976,,
TOMATOES & TOMATO PRODUCTS,BULK COMMODITIES - ORGANIC,LJ600,Sundried Tomatoes - organic,,10 KG,82.40,,,,,,O,,V,05017601037729,,,
FRUIT & VEGETABLE JUICES,BIONA,JU703,Ginger Juice,,6  X 250ML,20.50,1,4.65,,,,O,,V,5032722320024,05032722657458,,
VEGAN & OAT MILK,ALPRO,TE642,Soya Barista,,12 X 1L,21.15,,2.35,,,,,,V,5411188115434,05411188115441,,
MAYONNAISE & SALAD DRESSINGS,BESAUCY,KJ110,Basil Mayo,,6 X 180G,16.80,,3.85,,,,,S,V,5060250591937,5060250592071,,
COFFEE,SUMA ORGANIC,TE113,Swiss Water Decaf Beans,Strength 3; Sourdough,1 KG,27.27,,36.35,,F,,O,,V,5017601030133,05017601030126,,
FAR EASTERN FOOD,CLEARSPRING,JP040,Wide Udon Noodles,,12 X 200G,26.70,,2.97,,,,O,,V,5021554004936,05021554004943,,
MEAT ALTERNATIVES(FROZEN),FRYS,XL010,Chicken Style Strips,,10 X 380G,30.00,,4.00,,,,,,V,6005207000314,16005207000311,,
CRISPS & SNACKS,HODMEDOD'S,ZX562,Roasted Fava Beans Sea Salted,,10 X 300G,22.45,,2.99,,,,,,V,5060324810353,15060324810350,N,
HONEY,LITTLEOVER APIARIES,HY039,Lavender Honey,,6 X 340G,26.49,,5.99,,,,,,,5060118170526,5060118170533,,
READY TO EAT FOODS (CHILLED),MORGIEL,CV938,Carrot Sauerkraut,,6 X 300G,14.31,,3.19,,,,O,,V,5901641004424,5901641005063,,
BODY CARE,ALOE PURA,DY200,Aloe Vera Skin Lotion,with shea butter & vitamin E,6 X 200ML,28.50,1,8.49,,,,,,,5029354002657,5029354002756,,
NUTS & SEEDS,SUMA BAGGED DOWN,NU063,Pumpkin seeds,,1 KG,6.85,,,,,,,,V,5017601770633,,,
BISCUITS CRACKERS & CRISPBREAD,NAIRN'S,BT281,Oatcakes - Cheese,,12 X 200G,15.94,,1.80,,,,,,,061232201948,00061232201962,,
TOMATOES & TOMATO PRODUCTS,SUMA BAGGED DOWN - ORGANIC,LJ601,Sundried Tomatoes-organic,,1 KG,10.35,,,,,,O,,V,5017601014621,,,
READY TO EAT FOODS (CHILLED),BIONA,CV089,Tex-Mex Burrito Rolls,,6 X 190G,21.41,,4.75,,,,O,,V,5032722320253,05032722657724,,
VEGAN YOGHURT,ALPRO,CV575,Coconut Soya Yoghurt,,6 X 500G,9.54,,2.10,,,G,,,V,5411188119098,05411188119104,,
MAYONNAISE & SALAD DRESSINGS,BESAUCY,KJ113,Black Truffle Mayo,,6 X 180G,18.43,,4.15,,,,,S,V,5060250591951,5060250592064,,
COFFEE,SUMA ORGANIC,TE400,Swiss Water Decaf Ground,Strength 3. Sourdough,6 X 227G,34.44,,7.65,,F,,O,,V,5017601033318,05017601033301,,
CHOCOLATE,CHOCOLATE TREE,KB233,Belize Black 100% Dark Choc,,12 X 70G,52.13,1,6.95,,,,O,,V,5060315922300,5060315922300,N,
HOUSEHOLD CLEANING PRODUCTS,ECOVER,HJ070,Floor Soap - Porous Surfaces,Orange & Lemon,5L,11.57,1,18.49,,,,,,V,5412533000092,05412533040098,,
MEAT ALTERNATIVES(FROZEN),FRYS,XL004,Traditional Burgers,,10 X 320G,29.49,,3.95,,,,,,V,6005207000321,16005207000328,,
CRISPS & SNACKS,HODMEDOD'S,ZX549,Roast Fava Bean Salt & Vinegar,,10 X 300G,22.45,,2.99,,,,,,V,5060324810360,15060324810367,N,
HONEY,LITTLEOVER APIARIES,HY043,Manuka Wildflower Honey,,6 X 340G,34.20,,7.65,,,,,,,5060118170779,05060118170595,,
READY TO EAT FOODS (CHILLED),MORGIEL,CV932,Raw Gherkins in Brine,,6 X 500G,16.54,,3.69,,,,O,,V,5901641004400,5901641005087,,
BODY CARE,ALOE PURA,DY303,Aloe Vera After Sun Lotion,,6 X 200ML,23.77,1,8.09,,,,,,V,5029354002695,5029354002794,,
NUTS & SEEDS,SUMA PREPACKS,NU176,Pumpkin seeds,,6 X 250G,11.66,,2.59,,,,,,V,5017601019466,05017601019459,,
BISCUITS CRACKERS & CRISPBREAD,NAIRN'S,BT414,Mixed Berry,Nut Free,10 X 200G,15.24,,2.05,,,,,S,V,061232200989,00061232201221,,
SOFT DRINKS,FIREFLY NATURAL DRINKS,JU296,Peach & Green Tea,Glass bottles,12 X 330ML,15.45,1,2.05,,,,,,V,5060066440405,05060066449040,,
READY TO EAT FOODS (CHILLED),BIONA,CV422,Thai Spring Rolls,,5 X 220G,18.98,,5.10,,,,O,,V,5032722307865,05032722644564,,
VEGAN YOGHURT,ALPRO,CV572,Soya Blueberry Yoghurt,,6 X 500G,9.54,,2.10,,,G,,S,V,5411188102809,05411188102816,,
MAYONNAISE & SALAD DRESSINGS,BESAUCY,KJ108,Garlic Mayo,,6 X 180G,16.80,,3.85,,,,,S,V,5060250591944,5060250592088,,
COFFEE,SUMA ORGANIC,TE107,Sumatra Gayo Highlands Beans,Strength 4; Spice / Cinnamon,1 KG,26.81,,35.75,,F,,O,,V,5017601030096,,,
CHOCOLATE,CHOCOLATE TREE,KB219,Bramble & Cardamom Dark Choc,,10 X 100G,37.17,1,5.95,,,,O,S,V,5060315920191,5060315921129,N,
HOUSEHOLD CLEANING PRODUCTS,ECOVER,HJ214,Oven & Hob Cleaner,Jasmine & Mandarin,6 X 500ML,16.15,1,4.29,,,,,,V,5412533421897,05412533421903,,
MEAT ALTERNATIVES(FROZEN),FRYS,XL006,Golden Crumbed Schnitzels,,6 X 320G,15.89,,3.55,,,,,,V,6005207000857,46005207001098,,
CRISPS & SNACKS,HODMEDOD'S,ZX568,Roasted Peas Lightly Salted,,10 X 300G,22.45,,2.99,,,,,,V,5060324810384,15060324810381,N,
HONEY,LITTLEOVER APIARIES,HY037,Organic Acacia Honey,,6 X 340G,25.97,,5.79,,,,O,,,5060118170458,5060118170427,,
READY TO EAT FOODS (CHILLED),MORGIEL,CV934,Raw Kale Kimchi,,6 X 300G,26.91,,5.99,,,,O,,V,5060570150135,15060570150132,,
TOOTH CARE,ALOE DENT,DY528,Triple Action Toothpaste,,6 X 100ML,15.68,1,4.69,,,,,,V,5029354010355,5029354010492,,
NUTS & SEEDS,BULK COMMODITIES,NU061,Pumpkin seeds,,25 KG,121.74,,,,,,,,V,,,,
BISCUITS CRACKERS & CRISPBREAD,NAIRN'S,BT273,Oatcakes - Organic,,12 X 250G,14.07,,1.59,,,,O,,V,061232200293,00061232200729,,
CHOCOLATE,TONY'S CHOCOLONELY,ZX612,Milk 32% Almond Honey Nougat,,35 X 47G,34.35,1,1.60,,F,,,S,,8720701141513,8720701141506,N,
READY TO EAT FOODS (CHILLED),BIONA,CV678,Horseradish Sauce,,6 X 125G,17.30,,3.85,B,,,O,,V,5032722305991,05032722642423,,
VEGAN YOGHURT,ALPRO,CV579,Soya Greek Style,,6 X 400G,9.54,,2.10,,,G,,,V,5411188121213,05411188121220,,
MAYONNAISE & SALAD DRESSINGS,BESAUCY,KJ119,Mayo,,6 X 180G,14.84,,3.35,,,,,S,V,5060250593153,15060250593150,,
COFFEE,SUMA ORGANIC,TE399,Sumatra Ground Coffee,Strength 4; Spice / Cinnamon,6 X 227G,31.09,,6.95,,F,,O,,V,5017601033295,05017601033288,,
CHOCOLATE,CHOCOLATE TREE,KB227,Cacao Fruit - 100% Dark Choc,,12 X 70G,52.13,1,6.95,,,,O,,V,5060315922386,5060315922447,N,
HOUSEHOLD CLEANING PRODUCTS,ECOVER,HJ054,Liquid Hand Soap Refill,Lavender & Aloe Vera,8 X 950ML,48.49,1,9.70,,,,,,V,5412533427073,05412533427080,,
MEAT ALTERNATIVES(FROZEN),FRYS,XL360,Rice Protein & Quinoa Burgers,,6 X 320G,20.25,,4.50,,,G,,,V,6005207001298,46005207001296,,
CONVENIENCE FOODS,HODMEDOD'S,VF129,Organic Vaal Dhal - British,,12 X 400G,18.85,,2.09,,,,O,S,V,5060324810223,15060324810220,,
HONEY,LITTLEOVER APIARIES,HY052,Organic Forest Honey,,6 X 340G,34.20,,7.65,,,,O,,,5060118170847,05060118170939,,
READY TO EAT FOODS (CHILLED),MORGIEL,CV937,Raw Kale Sauerkraut,,6 X 300G,20.14,,4.45,,,,O,,V,5060570150128,15060570150125,,
TOOTH CARE,ALOE DENT,DY836,Aloe Vera Whitening Toothpaste,with Silica,6 X 100ML,15.68,1,4.69,,,,,,V,5029354010393,5029354010539,,
NUTS & SEEDS,SUMA BAGGED DOWN,NU062,Pumpkin seeds,,5 KG,31.25,,,,,,,,V,5017601770626,,,
BISCUITS CRACKERS & CRISPBREAD,NAIRN'S,BT415,Stem Ginger,Nut Free,10 X 200G,15.24,,2.05,,,,,S,V,061232201047,00061232201214,,
CHOCOLATE,TONY'S CHOCOLONELY,ZX337,Dark Choc 51% Almonds&Sea Salt,,15 X 180G,40.50,1,4.30,,F,,,S,V,8717677339877,8717677339860,N,
TOFU & TEMPEH (CHILLED),TAIFUN,CV684,Firm Tofu - Natural,,8 X 200G,16.71,,2.80,,,,O,,V,4012359110107,04012359110121,,
VEGAN & OAT MILK,ALPRO,TE624,Coconut Barista,,12 X 1L,26.05,,2.95,,,,,,V,5411188119753,05411188126331,,
MAYONNAISE & SALAD DRESSINGS,BESAUCY,KJ116,Smoked Chipotle Mayo,,6 X 180G,16.80,,3.85,,,,,S,V,5060250592101,5060250592125,,
CRISPS & SNACKS,SUMA BAGGED DOWN,ZX332,Bombay Mix,,1 KG,4.35,,,,,,,,V,5017601008422,,,
CHOCOLATE,CHOCOLATE TREE,KB207,Ginger Dark Chocolate Bar,,10 X 100G,37.17,1,5.95,,,,O,S,V,5060315920153,5060315921228,N,
HOUSEHOLD CLEANING PRODUCTS,ECOLEAF BY SUMA,BK005,Point of Sale Kit - 20L Kit,CLIPS;TALKERS;WOBBLERS;POSTER,1 KIT,0.00,,,,,,,,V,5017601047490,05017601047483,,
MEAT ALTERNATIVES(FROZEN),FRYS,XL008,Chicken Style Nuggets,,12 X 320G,36.48,,4.05,,,,,,V,6009712300389,66009712300381,,
CHOCOLATE,HOLDSWORTH CHOCOLATES,KB303,Bee Friendly Xmas Gift Box,plant based chocolates,8 X 110G,66.40,1,13.95,,,,,S,V,5034279061654,15034279001651,,
HONEY,LITTLEOVER APIARIES,HY062,Organic Mexican Honey,,6 X 340G,23.60,,5.24,,,G,O,,,5060118170083,05060118170090,,
READY TO EAT FOODS (CHILLED),MORGIEL,CV935,Raw Sauerkraut,,6 X 300G,14.31,,3.19,,,,O,,V,5901641004417,5901641005056,,
TOOTH CARE,ALOE DENT,DY849,Aloe Vera Sensitive Toothpaste,with Echinacea,6 X 100ML,15.68,1,4.69,,,,,,V,5029354010379,5029354010515,,
NUTS & SEEDS,SUMA BAGGED DOWN - ORGANIC,NU209,Pumpkin seeds - organic,,1 KG,7.89,,,,,,O,,V,5017601009412,,,
SOFT DRINKS,SUMA ORGANIC,JU025,Cola Kombucha,Sparkling; Organic,24 X 250ML,23.56,1,1.59,,,,O,S,V,5017601050650,05017601050643,,
CHOCOLATE,TONY'S CHOCOLONELY,KB839,Christmas Countdown Calendar,,12 X 225G,132.86,1,17.99,,F,,,S,,8719956495069,8719956495052,,
READY TO EAT FOODS (CHILLED),BIONA,CV613,Spring Rolls,,5 X 220G,18.98,,5.10,,,,O,,V,5032722306691,05032722643130,,
BISCUITS CRACKERS & CRISPBREAD,PETER'S YARD,BT234,Swedish Crispbread - Bag,,12 X 175G,34.97,,3.99,,,,,,,5060198821363,05060198821370,,
FAR EASTERN FOOD,BOMBOM,JP155,Gochujang Korean Chilli Sauce,,12 X 220G,84.29,,9.50,,,,,S,V,5070002194514,15070002194511,,
SWEET SNACKS,CANDY KITTENS,ZX116,Wild Strawberry,,12 X 54G,10.80,1,1.45,,,,,S,V,5060384262727,15060384262724,,
CHOCOLATE,CHOCOLATE TREE,KB222,Lemon & Poppyseed White Choc,,10 X 100G,37.17,1,5.95,,,,O,S,,5060315921761,5060315921778,,
HOUSEHOLD CLEANING PRODUCTS,ECOVER,HJ509,Washing Up Liquid,Lemon & Aloe Vera,8 X 450ML,12.44,1,2.49,,,,,,V,5412533416886,05412533416893,,
MEAT ALTERNATIVES(FROZEN),FRYS,XL216,Rice Protein & Chia Nuggets,,6 X 240G,17.83,,4.00,,,,,,V,6005207001175,46005207001173,,
CHOCOLATE,HOLDSWORTH CHOCOLATES,KB114,Christmas Chocolate Ballotin,Festive Chocolate Collection,8 X 110G,52.11,1,10.95,,,,,S,,5034279002149,15034279002146,,
HONEY,LITTLEOVER APIARIES,HY040,Organic Clear Wildflower Honey,,6 X 340G,18.34,,4.09,,,,O,,,5060118170021,5060118170830,,
FLAKES; BRANS & WHEATGERM,MORNFLAKE,FG037,Fine Oatmeal,,6 X 750G,14.62,,3.25,,,,,,V,5010026518101,05010026518132,,
TOOTH CARE,ALOE DENT,DY864,Aloe Vera Mouthwash,,6 X 250ML,15.75,1,4.69,,,,,,V,5029354001254,5029354010577,,
NUTS & SEEDS,SUMA PREPACKS - ORGANIC,NU323,Pumpkin seeds - organic,,6 X 250G,12.85,,2.85,,,,O,,V,5017601023944,05017601023937,,
SOFT DRINKS,SUMA ORGANIC,JU034,Elderflower & Lemon Kombucha,Sparkling; Organic,24 X 250ML,23.56,1,1.59,,,,O,S,V,5017601050698,05017601050681,,
CHOCOLATE,TONY'S CHOCOLONELY,WS105,Caramel & Sea Salt Large Egg,,6 X 242G,58.93,1,15.79,,F,,,S,,8720701144187,8720701144170,,
VEGAN & OAT MILK,ALPRO,TE004,Almond Barista,,12 X 1L,26.05,,2.95,,,G,,S,V,5411188125341,05411188128106,,
TOFU & TEMPEH (CHILLED),TAIFUN,CV832,Tofu Rosso - Taste of the Med,Marinated in Olive Oil,6 X 200G,22.29,,4.99,B,,,O,,V,4012359114303,04012359114327,,
COFFEE,GRUMPY MULE,TE416,High & Mighty Espresso Beans,Strong; Intense & Fortifying,1 KG,21.48,,28.65,,F,,,,V,5060003732167,5060003732174,,
FAR EASTERN FOOD,BOMBOM,JP157,Kimchi Mayonnaise,,12 X 185G,58.11,,6.50,,,G,,S,V,5070002194538,15070002194535,,
SWEET SNACKS,CANDY KITTENS,ZX622,Wild Strawberry,,10 X 140G,19.57,1,3.15,,,,,S,V,5060384262918,45060384262916,,
CHOCOLATE,CHOCOLATE TREE,KB220,Orange & Almond Milk Choc,,10 X 100G,37.17,1,5.95,,,,O,S,,5060315921136,5060315921211,N,
HOUSEHOLD CLEANING PRODUCTS,ECOVER,HJ888,Washing Up Liquid,Lemon & Aloe Vera,8 X 950ML,22.11,1,4.45,,,,,,V,5412533417050,05412533417067,,
READY MEALS (FROZEN),FRYS,XL234,Sausage Rolls,,10 X 400G,28.93,,3.90,,,,,,V,6005207001618,16005207001615,,
CHOCOLATE,HOLDSWORTH CHOCOLATES,KB113,Christmas Tree Caramels,gift box,8 X 150G,47.43,1,9.95,,,,,S,,5034279001708,15034279001705,,
HONEY,LITTLEOVER APIARIES,HY041,Organic Wildflower Set Honey,,6 X 340G,18.34,,4.09,,,,O,,,5060118170052,5060118170786,,
FLAKES; BRANS & WHEATGERM,MORNFLAKE,FG035,Medium Oatmeal,,6 X 750G,14.62,,3.25,,,,,,V,5010026517999,05010026518125,,
SUPPLEMENTS & REMEDIES,ALOE PURA,MD030,Colon Cleanse Tablets,Gentle action aloe vera,6 X 60,40.50,1,11.99,,,,,,,5029354011475,5029354011482,,
INDIAN FOOD,Punjaban,KJ142,Balti Curry Sauce,,6 X 350G,17.80,,3.99,,,G,,,V,5060262311394,15060262311391,,
SOFT DRINKS,SUMA ORGANIC,JU032,Lychee & Lemongrass Kombucha,Organic; Sparkling,24 X 250ML,23.56,1,1.59,,,,O,S,V,5017601050674,05017601050667,,
CHOCOLATE,TONY'S CHOCOLONELY,KB886,Milk Choc Caramel/Sea Salt,,15 X 180G,40.50,1,4.30,,F,,,S,,8717677339938,8717677339921,N,
DRINKS (CHILLED),ALPRO,CV687,Fresh Almond Milk,Unsweetened,6 X 1L,8.85,,2.00,,,,,,V,5411188112778,05411188112785,,
TOFU & TEMPEH (CHILLED),TAIFUN,CV835,Basil Tofu with Fresh Herbs,Serve Hot or Cold,6 X 200G,22.29,,4.99,B,,,O,,V,4012359114204,04012359114228,,
DRINKS (CHILLED),ALPRO,CV242,Oat Unsweetened Fresh,,6 X 1L,8.99,,2.00,,,,,,V,5411188124702,05411188124719,,
COFFEE,GRUMPY MULE,TE417,Landscape Espresso Beans,Complex; Sweet & Complete,1 KG,23.19,,30.95,,F,,O,,V,5060003732181,5060003732198,,
PATE,BONSAN,GH162,Cashew Chive 'Cheese' Spread,,6 X 135G,17.30,,3.85,,,,O,S,V,5032722319509,5032722656901,,
TEAS,CLIPPER,TE189,FT Organic Everyday Tea,,4 X 80 BAGS,12.16,,4.09,,F,G,O,,V,5021991942037,5021991971983,,
CHOCOLATE,CHOCOLATE TREE,KB218,Peppermint Dark Chocolate,,10 X 100G,37.17,1,5.95,,,,O,S,V,5060315920078,5060315921198,N,
HOUSEHOLD CLEANING PRODUCTS,ECOEGG,HJ155,Laundry Egg,70 Washes; Spring Blossom,5 X 1 EGG,35.94,1,11.49,,,,,,V,5060558050105,15060558050102,,
BODY CARE,FRIENDLY SOAP,DY421,Conditioner Bar,Lavender & Geranium,6 X 90G,30.50,1,8.99,,,,,,V,5060892900203,5060892909800,,
CHOCOLATE,HOLDSWORTH CHOCOLATES,ZX393,Easter Ballotin of Mini Eggs,with salted caramel centres,8 X 125G,47.66,1,9.99,,,,,S,,5034279001357,15034279001354,N,
HONEY,LITTLEOVER APIARIES,HY066,Wildflower Honey & Royal Jelly,,6 X 340G,23.60,,5.24,,,G,O,,,5060118170908,05060118170588,,
FLAKES; BRANS & WHEATGERM,MORNFLAKE,FX008,Oat Bran,,6 X 800G,17.18,,3.79,,,,,,V,5010026512840,05010026513861,,
TOOTH CARE,ALOE DENT,DY511,Aloe Vera Charcoal Toothpaste,,6 X 100ML,15.68,1,4.69,,,,,,V,5029354012588,5029354012595,,
INDIAN FOOD,PUNJABAN,KJ379,Butter 'Chicken' Base,,6 X 350G,17.80,,3.99,,,G,,,V,5060262310267,5060262310274,,
SOFT DRINKS,SUMA ORGANIC,JU004,Winter Berries Kombucha,Sparkling; Organic,24 X 250ML,23.56,1,1.59,,,,O,S,V,5017601050636,05017601050629,,
CHOCOLATE,TONY'S CHOCOLONELY,ZX642,Milk Chocolate Chip Cookie,,15 X 180G,40.50,1,4.30,,F,,,S,,8720701140035,8720701140028,N,
VEGAN & OAT MILK,ALPRO,TE083,Oat Barista,,12 X 1L,21.70,,2.45,,,,,,V,5411188127697,05411188137559,,
MEAT ALTERNATIVES(FROZEN),BEYOND MEAT,XL091,Meatballs,,8 X 200G,31.20,,5.20,,,G,,,V,1230000068529,11230000068526,,
PATE,BONSAN,GH100,Cashew & Bell Pepper Pate,,6 X 130G,13.65,,3.05,,,,O,,V,5032722316591,05032722653993,,
TEAS,CLIPPER,TE190,FT Organic Green Tea,,4 X 80 BAGS,13.17,,4.45,,F,G,O,,V,5021991940989,5021991972027,,
CHOCOLATE,CHOCOLATE TREE,KB215,Raspberry Dark Chocolate,,10 X 100G,37.17,1,5.95,,,,O,S,V,5060315920092,5060315921181,N,
HOUSEHOLD CLEANING PRODUCTS,ECOVER,HJ254,Liquid Hand Soap,Lavender & Aloe Vera,6 X 250ML,11.87,1,3.15,,,,,,V,5412533030051,05412533030655,,
BODY CARE,FRIENDLY SOAP,DY424,Conditioner Bar,Lavender & Tea Tree,6 X 90G,30.50,1,8.99,,,,,,V,5060892900197,5060892909794,,
CHOCOLATE,HOLDSWORTH CHOCOLATES,KB301,Espresso Martini Xmas Cocktail,truffles with coffee & vodka,8 X 110G,61.71,1,12.95,,,,,S,,5034279002255,15034279002252,,
CEREALS & MUESLIS,LIZI'S,MX181,Gluten Free Nut & Seed Granola,,5 X 350G,18.97,,5.05,,,G,,S,V,5060043224608,5060043225469,,
VEGAN CHEESE,MOZZARISELLA,CV027,MascaRice Vegan Mascarpone,,6 X 150G,16.50,,3.65,,,G,O,,V,8032754342176,18032754342173,,
TOOTH CARE,ALOE DENT,DY516,Aloe Vera Coconut Toothpaste,,6 X 100ML,15.68,1,4.69,,,,,,V,5029354012687,5029354012694,,
INDIAN FOOD,PUNJABAN,KJ280,Chilli Naan Bread,2 x Naans,12 X 380G,29.40,,3.29,,,,,,V,5060262311318,5060262311271,,
SOFT DRINKS,SUMA ORGANIC,JU001,Spiced Apple & Plum Kombucha,Organic; Sparkling,24 X 250ML,23.56,1,1.59,,,,O,S,V,5017601052517,05017601052500,,
CHOCOLATE,TONY'S CHOCOLONELY,ZX996,Milk Creamy Hazelnut Crunch,,15 X 180G,40.50,1,4.30,,F,,,S,,8719956496646,8719956496639,N,
VEGAN & OAT MILK,ALPRO,SY213,Soya Milk Unsweetened,no sugars or sweeteners,8 X 1L,10.53,,1.79,,,,,,V,5411188079996,05411188115229,,
READY MEALS (FROZEN),BEYOND MEAT,XL369,Spaghetti Bolognese,,6 X 350G,17.49,,3.89,,,,,S,V,5015274004321,15015274004328,,
MEAT ALTERNATIVES (CHILLED),BONSAN,CV573,Vegan Breakfast Scramble,,5 X 200G,15.54,,4.15,,,,O,S,V,5032722316331,05032722653733,,
TEAS,CLIPPER,TE177,FT Organic Earl Grey,,6 X 40 BAGS,13.51,,3.05,,F,G,O,,V,5021991942624,5021991972713,,
CHOCOLATE,CHOCOLATE TREE,KB208,Sea Salt & Caramel Dark Choc,,10 X 100G,37.17,1,5.95,,,,O,S,V,5060315920221,5060315921150,N,
HOUSEHOLD CLEANING PRODUCTS,ECOVER,HJ527,Hand Soap,Lavender & Aloe Vera,5L,18.14,1,29.00,,,,,,V,5412533000313,05412533040319,,
PASTA,LA BUONA VITA,WT028,Gluten Free Spaghetti,,12 X 400G,24.77,,2.75,,,G,,,V,8028833005698,8028833005704,,16 SEP 25
CHOCOLATE,HOLDSWORTH CHOCOLATES,ZX384,Happy Hoppy Easter Bunnies,with salted caramel centres,8 X 150G,42.86,1,9.00,,,,,S,,5034279001340,15034279001347,,
CEREALS & MUESLIS,LIZI'S,MX264,High Protein Nuts and Seeds,,5 X 350G,15.71,,4.50,,,,,S,V,5060092030977,05060043223687,,
VEGAN CHEESE,MOZZARISELLA,CV858,Classic Vegan Cheese,,10 X 125G,24.29,,3.25,,,,O,,V,8032754341735,18032754341732,,
SUPPLEMENTS & REMEDIES,OPTIMA,MD118,Sour Cherry Juice,Super Concentrated Sour Cherry,6 X 500ML,67.93,1,19.99,,,,,,V,5029354012175,5029354012236,,
INDIAN FOOD,PUNJABAN,KJ281,Garlic and Coriander Naan,2 x Naans,12 X 380G,29.40,,3.29,,,,,S,V,5060262311301,5060262311288,,
SOFT DRINKS,SUMA ORGANIC,JU169,Ginger Kombucha,Organic; Sparkling,24 X 250ML,23.56,1,1.59,,,,O,S,V,5017601049739,05017601049722,,
CHOCOLATE,TONY'S CHOCOLONELY,WS102,Milk Choc Large Hollow egg,,6 X 242G,58.93,1,15.79,,F,,,S,,8720701144163,8720701144156,,
HOUSEHOLD CLEANING PRODUCTS,ECOLEAF BY SUMA,DY058,Drum Tap - Fits 20 Litres,Suitable for bulk containers,EACH,4.25,1,6.99,,,,,,V,,,,
MEAT ALTERNATIVES(FROZEN),BEYOND MEAT,XL053,Burgers,,8 X 226G,31.20,,5.20,,,G,,,V,850004207413,10850004207410,,
PATE,BONSAN,GH095,Beetroot & Horseradish Pate,,6 X 130G,13.65,,3.05,,,,O,,V,5032722316577,05032722653979,,
TEAS,CLIPPER,TE168,FT Organic Everyday Tea,,6 X 40 BAGS,13.52,,3.05,,F,G,O,,V,5021991942587,5021991972676,,
CHOCOLATE,CHOCOLATE TREE,KB226,Whisky Nibs Dark Chocolate,,12 X 70G,52.13,1,6.95,,,,O,S,V,5060315922331,5060315921532,N,
HOUSEHOLD CLEANING PRODUCTS,ECOVER,HJ123,Liquid Hand Soap,Citrus and Orange Blossom,6 X 250ML,11.87,1,3.15,,,,,,V,5412533001075,05412533061079,,
PASTA,LA BUONA VITA,WT027,Gluten Free Fusilli,,10 X 400G,20.63,,2.75,,,G,,,V,8028833005711,8028833005728,,
CHOCOLATE,HOLDSWORTH CHOCOLATES,ZX822,Happy Easter Gift Box,truffles; pralines & creams,8 X 110G,61.71,1,12.75,,,,,S,,5034279001364,5034279001361,N,
CEREALS & MUESLIS,LIZI'S,MX126,High Protein Choc & Peanut,,5 X 350G,18.00,,4.80,,,,,S,V,5060043225261,05060043225278,,
PASTA SAUCES & PESTOS,MR ORGANIC,VF282,Basilico Pasta Sauce - Smooth,,6 X 350G,13.92,,3.09,,,,O,,V,5060178074994,5060178075069,,
TOOTH CARE,ALOE DENT,DY570,Aloe Vera Mouthwash Probiotic,Fluoride Free,6 X 250ML,20.04,1,5.99,,,,,,V,5029354015701,5029354015718,,
SUPPLEMENTS & REMEDIES,PUNCHY DRINKS,VM181,Punchy - Daily Hydration Reset,,6 X 30 PACK,151.71,1,33.75,,,G,,,V,5060602581173,15060602581170,N,22 SEP 25
SOFT DRINKS,SUMA ORGANIC,JU172,Peach & Turmeric Kombucha,Organic; Sparkling,24 X 250ML,23.56,1,1.59,,,,O,S,V,5017601049753,05017601049746,,
CHOCOLATE,TONY'S CHOCOLONELY,ZX345,Dark Chocolate 70%,,15 X 180G,40.50,1,4.30,,F,,,S,V,8717677339990,8717677339983,N,
BODY CARE,ALTER/NATIVE BY SUMA,DY433,Boxed Soap Aloe Vera,Gentle - soothing & hydrating,6 X 95G,11.82,1,3.15,,,,,,V,5017601039136,05017601039129,,
CHOCOLATE,BEECH'S FINE CHOCOLATES,KB338,Strawberry Creams,fondant centres,12 X 90G,25.17,1,3.49,,,G,,S,V,5011701000065,5011701000256,,
SOFT DRINKS,BONSOY,JU434,Sparkling Coconut w/Passionfrt,,12 X 250ML,13.50,1,1.79,,,,,,V,9312336048535,19312336048532,,
TEAS,CLIPPER,TE172,English Breakfast Tea Organic,,6 X 40 BAGS,13.69,,3.05,,F,G,O,,V,5021991942617,5021991972706,,
FRUIT - DRIED,SUMA PREPACKS - ORGANIC,DR073,Currants - organic,Vostizza,6 X 250G,12.11,,2.69,,,,O,,V,5017601022589,05017601022572,,
HOUSEHOLD CLEANING PRODUCTS,ECOVER,HJ102,Laundry Liquid Bio Concentrate,Honeysuckle & Jasmin -420 Wash,15L,66.04,1,,,,,,,V,5412533420999,,,
PASTA,LA BUONA VITA,WT056,Gluten Free Lasagne Sheets,No Precook Required,12 X 250G,24.77,,2.75,,,G,,,V,8028833003670,8028833003687,,
CHOCOLATE,HOLDSWORTH CHOCOLATES,KB297,Gingerbread House wth Caramels,creamy caramel centres,8 X 150G,47.43,1,9.95,,,,,S,,5034279001937,15034279001934,,
CEREALS & MUESLIS,LIZI'S,MX207,Low Sugar Granola Nut & Seed,,5 X 400G,15.71,,4.50,,,,,,V,5060043225353,05060043225360,,
SOUPS,MR ORGANIC,VF284,Black Bean & Vegetable Soup,,6 X 400G,10.32,,2.29,,,G,O,,V,5060178074963,5060178075205,,
TOOTH CARE,ALOE DENT,DY569,Aloe Vera Probiotic Toothpaste,Fluoride Free,6 X 75ML,24.24,1,5.99,,,,,,V,5029354015688,5029354015695,,
SUPPLEMENTS & REMEDIES,PUNCHY DRINKS,VM187,Punchy - Daily Hydration Reset,,6 X 30 PACK,151.71,1,33.75,,,G,,,V,5060602581166,15060602581163,N,22 SEP 25
CHOCOLATE,TONY'S CHOCOLONELY,WS156,Easter Egg Assortment,,24 X 150G,86.60,1,5.79,,F,,,S,,8719956496769,8719956496752,,
BAKING SUNDRIES,OGGS,LJ110,Aquafaba,Liquid Egg Alternative,6 X 1LTR,38.64,,8.59,,,,,,V,5060655450037,65060655450039,,
SUGARS & SYRUPS,SUMA,HY019,Barley Malt Extract,,3.18 KG,15.50,,,,,,,,V,5019998199257,5019998199257,,
MEAT ALTERNATIVES (CHILLED),BONSAN,CV586,Kofu Sausages,,5 X 170G,17.05,,4.55,,,,O,,V,5032722316355,05032722653757,,
TEAS,CLIPPER,TE183,FT Organic White Tea,,6 X 40 BAGS,17.16,,3.85,,F,G,O,,V,5021991942570,5021991972669,,
FRUIT - DRIED,SUMA PREPACKS,DR097,Currants - medium,,6 X 250G,10.76,,2.39,,,,,,V,5017601022749,05017601022732,,
HOUSEHOLD CLEANING PRODUCTS,ECOLEAF BY SUMA,HJ373,Laundry Liquid-Bamboo & Lotus,Non Bio - 500 washes,20L,51.90,1,,,,,,,V,5017601050056,05017601050049,,
CRISPS & SNACKS,TRAFO,VF226,Tortilla Chips - Natural,,15 X 75G,17.45,,1.55,,,,O,,V,8718754501002,8718754506793,N,
CHOCOLATE,HOLDSWORTH CHOCOLATES,KB302,Merry Christmas Gift Box,chocs;truffles;creams;caramels,8 X 110G,61.71,1,12.95,,,,,S,,5034279002231,15034279002238,,
CEREALS & MUESLIS,LIZI'S,MX014,Low Sugar Maple & Pecan,,5 X 400G,15.71,,4.50,,,,,,V,5060043225384,05060043225391,,
PASTA SAUCES & PESTOS,MR ORGANIC,KJ060,Basil & Chilli Pesto,No Added Sugar,6 X 190G,17.52,,3.89,,,G,O,,V,5060178075465,5060178075427,,
FRUIT - DRIED,SUMA PREPACKS - ORGANIC,DR063,Apricots - organic,,6 X 250G,27.68,,6.15,,,,O,,V,5017601018193,05017601018612,,
INDIAN FOOD,PUNJABAN,KJ316,Jalfrezi Curry Sauce,,6 X 350G,17.80,,3.99,,,G,,,V,5060262311349,5060262311363,,
CHOCOLATE,TONY'S CHOCOLONELY,WS157,Easter Eggs Mix Pouch,,8 X 230G,39.29,1,7.89,,F,,,S,,8720701148246,8720701148253,,
BODY CARE,ALTER/NATIVE BY SUMA,DY497,Boxed Soap Bergamot& Green Tea,Uplifting-with green tea leaf,6 X 95G,11.82,1,3.15,,,,,,V,5017601039310,05017601039303,,
SWEET SNACKS,BIONA,ZX441,Jelly Dino Sweets - Organic,,10 X 75G,15.78,1,2.09,,,G,O,S,V,5032722312944,05032722650206,,
SOFT DRINKS,BONSOY,JU423,Sparkling Coconut Water,,12 X 250ML,13.50,1,1.79,,,,,,V,9312336048504,19312336048501,,
TEAS,CLIPPER,TE182,FT Organic Green Tea,,6 X 40 BAGS,14.28,,3.19,,F,G,O,,V,5021991942631,5021991972720,,
FRUIT - DRIED,SUMA PREPACKS - ORGANIC,DR251,Currants - organic,Vostizza,6 X 500G,21.12,,4.69,,,,O,,V,5017601022602,05017601022596,,
HOUSEHOLD CLEANING PRODUCTS,ECOLEAF BY SUMA,HJ347,Laundry Liquid-Bamboo & Lotus,Non Bio - 37 washes,6 X 1.5L,25.26,1,6.75,,,,,,V,5017601049975,05017601049968,,
CRISPS & SNACKS,TRAFO,ZX136,Tortilla Chips - Natural,Big Bag,10 X 200G,23.04,,3.09,,,,O,,V,8718754500951,8718754506762,N,
DRINKS (CHILLED),HOLOS,CV222,Citra Hops Kombucha,,12 X 330ML,22.44,1,2.99,,,,O,,V,0721782693791,0721782693838,,
CEREALS & MUESLIS,LIZI'S,MX178,Mango & Macadamia,,10 X 400G,31.31,,4.19,,,,,S,V,5060092030618,05060043223717,,
BEANS & PULSES - CANNED,MR ORGANIC,VF292,Butter Beans - Glass Jar,,6 X 350G,10.38,,2.30,,,,O,,V,5060178075274,5060178075281,,
FRUIT - DRIED,SUMA PREPACKS - ORGANIC,DR064,Figs - organic,,6 X 250G,21.11,,4.69,,,,O,,V,5017601019602,05017601019596,,
INDIAN FOOD,PUNJABAN,KJ317,Korma Curry Sauce,,6 X 350G,17.80,,3.99,,,G,,,V,5060262311356,5060262311332,,
CHOCOLATE,TONY'S CHOCOLONELY,ZX868,Milk Choc Gingerbread Bar,,15 X 180G,44.79,1,4.79,,F,,,S,,8719956491597,8719956491580,N,
BODY CARE,ALTER/NATIVE BY SUMA,DY070,Body Wash - Coconut & Argan,Moisturising with ylang ylang,6 X 400ML,17.96,1,5.19,,,,,,V,5017601044079,05017601044062,,
SWEET SNACKS,BIONA,ZX443,Pomegranate Heart Sweets - Org,,10 X 75G,15.78,1,2.09,,,G,O,S,V,5032722312951,05032722650213,,
MEAT ALTERNATIVES (CHILLED),BONSAN,CV641,Kofu Steak,,5 X 120G,12.87,,3.45,,,,O,S,V,5032722316348,05032722653740,,
OILS & FATS,CLEARSPRING,GT070,Avocado Oil - Organic,,8 X 250ML,45.54,,7.59,,,,O,,V,5021554986881,05021554986898,,
FRUIT - DRIED,BULK COMMODITIES,DR015,Currants,,12.5 KG,65.09,,,,,,,,V,,,,
HOUSEHOLD CLEANING PRODUCTS,ECOLEAF BY SUMA,HJ368,Laundry Liquid-Bamboo & Lotus,Non Bio - 125 washes,5L,14.99,1,23.99,,,,,,V,5017601050018,05017601050001,,
FAR EASTERN FOOD,YAKSO,VF010,Seitan in Tamari,,6 X 330ML,19.12,,4.25,,,,O,,V,5400313000974,8712423018365,,
DRINKS (CHILLED),HOLOS,CV216,Ginger & Hibiscus Kombucha,,12 X 330ML,22.44,1,2.99,,,,O,,V,0721782693753,0721782693807,,
CEREALS & MUESLIS,LIZI'S,MX125,Original Nuts and Seeds,,5 X 400G,14.64,,4.50,,,,,S,V,5060043225414,05060043225421,,
BEANS & PULSES - CANNED,MR ORGANIC,VF050,Butter Beans - Canned,,12 X 400G,13.70,,1.59,,,G,O,,V,5060178070187,5060178070590,,
FRUIT - DRIED,SUMA PREPACKS - ORGANIC,DR065,Raisins - organic,,6 X 250G,11.93,,2.65,,,,O,,V,5017601019688,05017601019671,,
INDIAN FOOD,Punjaban,KJ141,Madras Curry Sauce,,6 X 350G,17.80,,3.99,,,G,,,V,5060262311387,15060262311384,,
CHOCOLATE,TONY'S CHOCOLONELY,KB741,Dark Creamy Hazelnut Crunch,,15 X 180G,40.50,1,4.30,,F,,,S,V,8720701143586,8720701143579,N,
BODY CARE,ALTER/NATIVE BY SUMA,DY394,Body Wash - Coconut & Argan,Moisturising with ylang ylang,20L,99.00,1,0.00,,,,,,V,5017601045199,05017601045182,,
BISCUITS CRACKERS & CRISPBREAD,BIONA,BT167,Caramel Syrup Waffles,,12 X 175G,32.77,,3.65,,,,O,S,,5032722313552,05032722650831,,
SOFT DRINKS,BONSOY,JU430,Sparkling Coconut w/Watermelon,,12 X 250ML,13.50,1,1.79,,,,,,V,9312336048511,19312336048518,,
FAR EASTERN FOOD,CLEARSPRING,JP020,Brown Rice Miso Jar (Mini),,6 X 150G,17.51,,3.89,,,,O,,V,5021554003816,05021554003809,,
FRUIT - DRIED,SUMA BAGGED DOWN,DR173,Currants - medium,,1 KG,7.25,,,,,,,,V,5017601061731,,,
HOUSEHOLD CLEANING PRODUCTS,ECOVER,HJ106,Laundry Liquid Bio Conc Colour,42 Wash; Concentrated; Apple,6 X 1.43L,46.69,1,12.45,,,,,,V,5412533424829,5412533424836,,
FAR EASTERN FOOD,YAKSO,WT164,Egg Noodles - organic,,6 X 250G,12.00,,2.69,,,,O,,,8718754500470,8718754500487,,
DRINKS (CHILLED),HOLOS,CV217,Basil & Mint Kombucha,,12 X 330ML,22.44,1,2.99,,,,O,,V,0721782693760,0721782693814,,
CEREALS & MUESLIS,LIZI'S,MX011,Organic Granola,,5 X 350G,16.29,,4.50,,,,O,S,V,506004324684,05060043224707,,
BEANS & PULSES - CANNED,MR ORGANIC,VF294,Cannellini Beans - Glass,,6 X 350G,10.38,,2.30,,,,O,,V,5060178075298,5060178075304,,
INDIAN FOOD,PUNJABAN,KJ373,Authentic Curry Base - Mild,,6 X 350G,17.80,,3.99,,,G,,,V,5060262310045,5060262310076,,
CHOCOLATE,TONY'S CHOCOLONELY,ZX369,Milk Chocolate Hazelnut,,15 X 180G,40.50,1,4.30,,F,,,S,,8717677339952,8717677339945,N,
BODY CARE,ALTER/NATIVE BY SUMA,DY087,Body Wash - Coconut & Argan,Moisturising with ylang ylang,5L,28.50,1,45.99,,,,,,V,5017601044475,05017601044468,,
BISCUITS CRACKERS & CRISPBREAD,BIONA,BT166,Hazelnut Syrup Waffles,,12 X 175G,33.68,,3.75,,,,O,S,V,5032722313569,05032722650848,,
CHOCOLATE & SWEET SPREADS,BONSAN,GH129,Mylk Hazelnut Cocoa Spread,,6 X 350G,27.34,,6.09,,,,O,,V,5032722316560,05032722653962,,
CHOCOLATE,COCOA LOCO,KB251,Dark Chocolate Cinnamon Chilli,,6 X 100G,26.23,1,6.99,,F,,O,,,5060148383309,05060148389769,N,
FRUIT - DRIED,BULK COMMODITIES - ORGANIC,DR111,Currants - Organic,,12.5 KG,90.29,,,,,,O,,V,,,,
HOUSEHOLD CLEANING PRODUCTS,ECOVER,HJ257,Laundry Liquid - Non Bio,42 Washes - Concentrated,6 X 1.43L,46.69,1,12.45,,,,,,V,5412533424768,5412533424775,,
FAR EASTERN FOOD,YAKSO,JP024,Rice Paper,For spring rolls; wraps,15 X 150G,41.82,,3.75,,,,O,,V,8718754504089,8718754504096,,
DRINKS (CHILLED),HOLOS,CV200,Rasp. & Elderflower Kombucha,,12 X 330ML,22.44,1,2.99,,,,O,,V,0742978977983,0742978977976,,
CEREALS & MUESLIS,LIZI'S,MX177,Pistachio & Passionfruit,,5 X 400G,15.69,,4.50,,,,,S,V,5060092030601,5060043225452,,
BEANS & PULSES - CANNED,MR ORGANIC,VF291,Chickpeas - Glass Jar,,6 X 350G,10.38,,2.30,,,,O,,V,5060178075250,5060178075267,,
SOFT DRINKS,PUNCHY,JU086,Peach; Ginger & Chai Spice,Lightly sparkling;canned;Vit D,12 X 250ML,11.83,1,1.59,,,G,,S,V,5060602580213,5060602580718,,
CHOCOLATE,TONY'S CHOCOLONELY,KB164,Littl'Bits Biscuit Mix,Milk Chocolate,8 X 100G,16.01,1,3.20,,F,G,,S,,8720701148376,8720701148406,N,
FRUIT & VEGETABLE JUICES,BIONA,JU181,Pomegranate Juice,Pure Juice,6 X 1L,28.49,1,7.59,,,,O,,V,5032722308824,05032722645998,,
BODY CARE,ALTER/NATIVE BY SUMA,DY061,Body Wash - Clear & Simple,Gentle for sensitive skin,6 X 400ML,17.96,1,5.19,,,,,,V,5017601043973,05017601043966,,
BISCUITS CRACKERS & CRISPBREAD,BIONA,BT157,Honey Waffles,,12 X 175G,30.03,,3.35,,,,O,S,,5032722313576,05032722650855,,
CHOCOLATE,BOOJA-BOOJA,KB927,Fine De Champagne Truffles,Chill During Summer Months,3 X 185G,56.69,1,30.59,,F,G,O,S,V,5060002041468,5060002042014,N,
OILS & FATS,CLEARSPRING,GT054,Coconut Oil,,6 X 200G,20.67,,4.59,,,G,O,,V,5021554988571,05021554988588,,
FRUIT - DRIED,SUMA BAGGED DOWN - ORGANIC,DR079,Currants - organic,Vostizza,2.5 KG,17.59,,,,,,O,,V,5017601340799,,,
HOUSEHOLD CLEANING PRODUCTS,ECOLEAF BY SUMA,HJ364,Laundry Liquid - Jasmine,Non Bio - 500 washes,20L,51.90,1,,,,,,,V,5017601050032,,,
FAR EASTERN FOOD,YAKSO,JP127,Hoisin Sauce - Organic,,6 X 250G,18.10,,3.99,,,,O,,V,8718754503082,8718754503099,,
CHOCOLATE,MONTY BOJANGLES,KB609,Milk Chocolate Purrs,,6 X 200G,28.03,1,7.50,,,,,S,,5060980960553,05060980960560,,
CEREALS & MUESLIS,LIZI'S,MX061,Belgian Choc,,10 X 400G,31.30,,4.19,,,,,S,V,5060092030410,05060043223656,,
PASTA SAUCES & PESTOS,MR ORGANIC,KJ074,Grilled Pepper Pesto,No Added Sugar,6 X 190G,17.52,,3.89,,,G,O,,V,5060178075380,5060178075458,,
INDIAN FOOD,PUNJABAN,KJ383,Tasty Tamarind Curry Base,,6 X 350G,17.80,,3.99,,,G,,,V,5060232310304,5060262311127,,
CHOCOLATE,TONY'S CHOCOLONELY,ZX994,Milk Caramel Biscuit,,15 X 180G,40.50,1,4.30,,F,,,S,,8719956496684,8719956496677,N,
FRUIT & VEGETABLE JUICES,BIONA,JU182,Pomegranate Juice,,6 X 200ML,10.23,1,2.75,,,,O,,V,5032722308831,05032722646001,,
BODY CARE,ALTER/NATIVE BY SUMA,DY389,Body Wash - Clear & Simple,Gentle for sensitive skin,20L,99.00,1,0.00,,,,,,V,5017601045090,05017601045083,,
OILS & FATS,BIONA,GT060,Mild / Odourless Coconut Oil,,6 X 610ML,31.91,,7.09,,,,O,,V,5032722313590,05032722650879,,
CHOCOLATE,BOOJA-BOOJA,KB583,A Grand Adventure,chocolate truffle selection,3 X 243G,68.43,1,36.49,,,G,O,S,V,5060002044292,5060002044315,,
CHOCOLATE,COCOA LOCO,KB028,Christmas Pudding Truffles,,6 X 100G,31.80,1,8.49,,F,,O,S,,5060148380179,05060148388809,,
DAIRY CHEESE,CYPRESSA,CV760,Organic Halloumi Cheese,Cows; Sheep & Goats Milk,10 X 200G,34.48,,4.60,,,,O,,,500362000095,15000362000092,,
HOUSEHOLD CLEANING PRODUCTS,ECOLEAF BY SUMA,HJ369,Fabric Conditioner - Jasmine,Jasmine 500 washes,20L,30.99,1,,,,,,,V,5017601050179,05017601050162,,
FAR EASTERN FOOD,YAKSO,JP131,Oyster Sauce - Organic,Vegan Alternative,6 X 250G,14.80,,3.29,,,,O,,V,8718754503044,8718754503051,,
CHOCOLATE,MONTY BOJANGLES,KB627,Berry Bubbly,,8 X 150G,26.86,1,5.40,,,,,S,,5060413265026,05060413267563,,
CEREALS & MUESLIS,LIZI'S,MX064,Treacle & Pecan,,10 X 400G,31.31,,4.19,,,,,S,V,5060092030397,05060043223557,,
BEANS & PULSES - CANNED,MR ORGANIC,VF295,Lentils - Glass Jar,,6 X 350G,10.38,,2.30,,,,O,,V,5060178075311,5060178075328,,
INDIAN FOOD,PUNJABAN,KJ282,Tandoori Naan Bread,2 x Naans,12 X 380G,29.40,,3.29,,,,,S,V,5060262311295,5060262311264,,
CHOCOLATE,TONY'S CHOCOLONELY,ZX111,Milk Choc Caramel & Sea Salt,,35 X 47G,34.35,1,1.60,,F,,,S,,8717677339815,8717677339808,N,
FRUIT & VEGETABLE JUICES,BIONA,JU543,Apple Juice,,6 X 750ML,13.66,1,3.65,,,,O,,V,5032722318311,05032722655713,,
BODY CARE,ALTER/NATIVE BY SUMA,DY078,Body Wash - Clear & Simple,Gentle for sensitive skin,5L,28.50,1,45.99,,,,,,V,5017601044376,05017601044369,,
NUT & SEED BUTTERS,BIONA,GH103,Organic Peanut Butter Crunchy,Now 6 X 1KG,6 X 1KG,52.45,,11.65,,,,O,,V,5032722313965,05032722651302,,
CHOCOLATE,BOOJA-BOOJA,KB929,Hazelnut Truffles,Chill During Summer Months,3 X 185G,56.69,1,30.59,,F,G,O,S,V,5060002041475,5060002042007,N,
TEAS,CLEARSPRING,TE504,Matcha Tea Premium (bulk),,1 KG,144.75,,193.00,,,,O,,V,5021554003212,,,
SWEET SNACKS,CYPRESSA,KB645,Chocolate Almond Halva Bar,,24 X 40G,23.18,1,1.55,,,,,S,,5000362106650,05000362217769,N,
HOUSEHOLD CLEANING PRODUCTS,ECOLEAF BY SUMA,HJ365,Laundry Liquid - Jasmine,Non Bio - 37 washes,6 X 1.5L,25.26,1,6.75,,,,,,V,5017601049951,05017601049944,,
CRISPS & SNACKS,TRAFO,ZX401,Corn Peanuts,made from corn & peanut butter,8 X 75G,14.34,,2.39,,,,O,,V,8718754506854,08718754506861,N,
CHOCOLATE,MONTY BOJANGLES,KB017,Cocoberry Blush,,9 X 100G,23.79,1,4.29,,,,,S,V,5060413268492,05060413268508,,
SOUPS,MR ORGANIC,VF287,Pumpkin; Carrot & Chilli Soup,,6 X 400G,10.32,,2.29,,,G,O,,V,5060178075113,5060178075229,,
INDIAN FOOD,PUNJABAN,KJ083,Tikka Masala Curry Base Sauce,,6 X 350G,17.80,,3.99,,,G,,,V,5060262310908,5060262311134,,
CHOCOLATE,TONY'S CHOCOLONELY,ZX102,Milk Chocolate,,35 X 50G,34.35,1,1.60,,F,,,S,,8717677339792,8717677339785,N,
FRUIT & VEGETABLE JUICES,BIONA,JU252,Apple Juice,,6 X 1L,14.04,1,3.75,,,,O,,V,5032722307186,05032722643802,,
BODY CARE,ALTER/NATIVE BY SUMA,DY069,Body Wash - Lavender&Geranium,Relaxing with tea tree,6 X 400ML,17.96,1,5.19,,,,,,V,5017601044055,05017601044048,,
NUT & SEED BUTTERS,BIONA,GH104,Organic Peanut Butter Smooth,Now IN 6 X 1KG,6 X 1KG,52.45,,11.65,,,,O,,V,5032722313972,05032722651319,,
CHOCOLATE,BOOJA-BOOJA,KB589,A Magnificent Adventure,chocolate truffle selection,3 X 348G,97.74,1,52.15,,,G,O,S,V,5060002044308,5060002044322,,
FAR EASTERN FOOD,CLEARSPRING,JP032,Umami Paste with Ginger - Org,,6 X 150G,21.11,,4.69,,,,O,,V,5021554003779,05021554003762,,
CRISPS & SNACKS,CYPRESSA,ZX810,Roasted and Salted Broad Beans,,12 X 150G,17.54,1,2.29,,,,,,V,5000362129956,05000362230065,N,
HOUSEHOLD CLEANING PRODUCTS,ECOLEAF BY SUMA,HJ370,Laundry Liquid - Jasmine,Non Bio - 125 washes,5L,14.99,1,23.99,,,,,,V,5017601049999,05017601049982,,
OILS & FATS,THE GAY FARMER,GT047,Arbequina Olive Oil,extra virgin,6 X 500ML,76.97,,17.19,,,,O,,V,5060309390078,,,
CHOCOLATE,MONTY BOJANGLES,KB023,Caramel Haze,,9 X 100G,23.79,1,4.29,,,,,S,V,5060413268515,05060413268522,,
SOUPS,MR ORGANIC,VF288,Spicy Mixed Beans Soup,,6 X 400G,10.32,,2.29,,,G,O,,V,5060178074048,5060178075175,,
SOFT DRINKS,PUNCHY,JU096,Cucumber; Yuzu and Rosemary,Lightly sparkling;canned;Vit D,12 X 250ML,11.83,1,1.59,,,G,,S,V,5060602580251,5060602580770,,
SOFT DRINKS,SUMA ORGANIC,JU173,Strawberry & Rasp Kombucha,Organic; Sparkling,24 X 250ML,23.56,1,1.59,,,,O,S,V,5017601049777,05017601049760,,
CHOCOLATE,TONY'S CHOCOLONELY,WS032,Milk Crispy Wafer,,15 X 180G,40.50,1,4.30,,F,,,S,,8719956496660,8719956496653,N,
READY TO EAT FOODS (CHILLED),BIONA,CV075,Asian Pumpkin & Almond Falafel,,5 X 220G,17.84,,4.75,,,,O,,V,5032722319318,05032722656710,,
BODY CARE,ALTER/NATIVE BY SUMA,DY321,Body Wash - Lavender & Vetiver,Revitalising with cedarwood,6 X 400ML,17.96,1,5.19,,,,,,V,5017601050896,05017601050889,,
OILS & FATS,BIONA,GT025,Coconut Oil Cuisine Organic,,6 X 875ML,41.04,,9.09,,,,O,,V,5032722314382,05032722651746,,
CHOCOLATE,BOOJA-BOOJA,ZX871,Around Midnight Espresso,Chocolate Truffles,8 X 92G,37.80,1,7.59,,,G,O,S,V,5060002043189,5060002043226,N,
FAR EASTERN FOOD,CLEARSPRING,JP096,Japanese Rice Vinegar,,6 X 250ML,16.61,,3.69,,,,O,,V,5021554002253,05021554002246,,
OLIVES,CYPRESSA,KJ375,Pitted Olives Garlic & Herb,greek olives,12 X 50G,11.49,,1.29,,,,,,V,05000362000347,15000362000344,N,
HOUSEHOLD CLEANING PRODUCTS,ECOVER,HJ549,Laundry Liquid Everyday NonBio,NonBio; Lavender & Eucalyptus,6 X 1.5L,35.00,1,9.29,,,,,,V,5412533426953,05412533426960,,
OILS & FATS,THE GAY FARMER,GT053,Picual Olive Oil,extra virgin,6 X 500ML,100.11,,26.79,,,,O,,V,5060309390054,,,
CHOCOLATE,MONTY BOJANGLES,KB015,Cocoa Nib Nights,,9 X 100G,23.79,1,4.29,,,,,S,V,5060413268478,05060413268485,,
TOMATOES & TOMATO PRODUCTS,MR ORGANIC,LJ240,Tomatoes; Chopped; Organic,,12 X 400G,10.59,,1.15,,,,O,,V,5060178070019,5060178070422,,
SOFT DRINKS,PUNCHY,JU313,Hydration Drink - Blueberry,Sparkling; with vits/minerals,12 X 330ML,13.37,1,1.79,,,G,,S,V,5060602580879,5060602580497,,
SALADS & SPROUTS (CHILLED),SKY SPROUTS,CV721,Broccoli Sprouts,,100G,1.95,,2.60,,,,O,,V,5060031140125,,,
CHOCOLATE,TONY'S CHOCOLONELY,ZX091,Milk Chocolate,,15 X 180G,40.50,1,4.30,,F,,,S,,8717677339914,8717677339907,N,
MEAT ALTERNATIVES (CHILLED),TAIFUN,CV679,BBQ Sausages,,6 X 250G,24.57,,5.49,,,,O,,V,4012359138101,4012359138125,,
CEREALS & MUESLIS,BIONA,MX201,Wild Berry Granola - Organic,,6 X 375G,25.98,,5.79,,,,O,S,,5032722306158,05032722651258,,
CHOCOLATE,BOOJA-BOOJA,ZX869,Almond Salted Caramel,Chocolate Truffles,8 X 92G,37.80,1,7.59,,,G,O,S,V,5060002043158,5060002043196,N,
FRUIT - CANNED & JARRED,CLEARSPRING,VF152,Jackfruit Chunks,,6 X 500G,15.71,,3.49,,,,O,,V,5021554002369,05021554002352,,
VEGETABLES,CYPRESSA,VF047,Marinated Artichoke Hearts,,6 X 280G,13.77,,3.50,,,,,,V,5000362256539,05000362367648,,
HOUSEHOLD CLEANING PRODUCTS,ECOVER,HJ202,Laundry Liquid Zero NonBio Con,Concentrated - 40 Washes,6 X 1.43L,46.69,1,12.45,,,,,,V,5412533424799,5412533424805,,
CHOCOLATE,GREEN & BLACKS,KB034,85% Dark Chocolate,,15 X 90G,30.32,1,3.25,,F,,O,S,V,7622210584724,7622210589071,N,
CHOCOLATE,MONTY BOJANGLES,KB628,Cookie Moon,,8 X 150G,26.86,1,5.40,,,,,S,,5060260388213,05060260388381,,
PASTA SAUCES & PESTOS,MR ORGANIC,LJ015,Tomato & Garlic Puree,,6 X 200G,9.13,,2.05,,,,O,,V,5060178074710,5060178074727,,
SOFT DRINKS,PUNCHY,JU438,Hydration Drink - Mexican Lime,Sparkling;with vits/minerals,12 X 330ML,13.37,1,1.79,,,G,,S,V,5060602580961,5060602581050,,
CRISPS & SNACKS,SLABS THICK AND BIG CRISPS,ZX410,Beef Roast & Mustard Share Box,,9 X 160G,18.86,1,3.49,,,G,,,V,5037412009043,05037412009142,N,
CHOCOLATE,TONY'S CHOCOLONELY,KB697,Milk Chocolate 32% Nougat,,15 X 180G,40.50,1,4.30,,F,,,S,,8717677339976,8717677339969,N,
MEAT ALTERNATIVES (CHILLED),BIONA,CV184,Beetroot Burger,,6 X 150G,20.95,,4.70,,,,O,,V,5032722317871,05032722655270,,
CEREALS & MUESLIS,BIONA,MX198,Choco Coco Granola - Organic,,6 X 375G,21.41,,4.75,,,,O,S,,5032722318380,05032722655782,,
CHOCOLATE,BOOJA-BOOJA,KB815,Award-winning Selection,A selection of sixteen,5 X 184G,48.86,1,15.69,,,G,O,S,V,5060002043073,5060002043080,N,
FAR EASTERN FOOD,CLEARSPRING,JP098,Tamari Soya Sauce,Single strength,6 X 150ML,13.46,,2.99,,,G,O,,V,5021554002321,05021554002314,,
OLIVES,CYPRESSA,KJ062,Mixed Olives with Garlic&Herb,,6 X 315G,9.57,,2.15,,,,,,V,5000362211163,05000362322272,,
HOUSEHOLD CLEANING PRODUCTS,ECOVER,HJ321,Laundry Liquid Non Bio,Lavender & Eucalyptus,5L,14.92,1,24.38,,,,,,V,5412533002096,,,
CHOCOLATE,MONTY BOJANGLES,KB701,Flutter Scotch French Truffles,,8 X 150G,26.86,1,5.40,,,,,S,,5060413265682,05060413267549,,
PASTA SAUCES & PESTOS,MR ORGANIC,KJ075,Tomato & Olive Pesto,No Added Sugar,6 X 190G,17.52,,3.89,,,G,O,,V,5060178075373,5060178075441,,
SOFT DRINKS,PUNCHY,JU307,Hydration Drink - Mango,Sparkling; with vits/minerals,12 X 330ML,13.37,1,1.79,,,G,,S,V,5060602580862,5060602580480,,
CRISPS & SNACKS,SLABS THICK AND BIG CRISPS,ZX374,Cheese & Onion Share Box,,9 X 160G,18.86,1,3.49,,,G,,,,5037412009029,05037412009128,N,
CHOCOLATE,TONY'S CHOCOLONELY,ZX673,Milk Pecan Caramel Crunch,,15 X 180G,40.50,1,4.30,,F,,,S,,8720701140059,8720701140042,N,
VEGAN & OAT MILK,BIONA,VF324,Condensed Coconut Milk,Sweetened,8 X 210ML,12.36,,2.05,,,,O,S,V,5032722317147,05032722654532,,
CEREALS & MUESLIS,BIONA,MX199,Honey Hazel Granola - Organic,,6 X 375G,22.78,,5.05,,,,O,,,5032722300484,05032722651234,,
CHOCOLATE,BOOJA-BOOJA,KB223,Easter Ltd Editition Selection,16 award winning truffles,5 X 184G,48.86,1,15.99,,,G,O,S,V,5060002043639,5060002043646,N,
FAR EASTERN FOOD,CLEARSPRING,JP099,Tamari Soya Sauce,Japanese - Single Strength,6 X 250ML,17.96,,3.99,,,G,O,,V,5021554002307,05021554002284,,
VEGETABLES,CYPRESSA,VF051,Marinated Sun-Dried Tomatoes,,6 X 280G,13.94,,3.09,,,,,,V,5000362256515,05000362367624,,
HOUSEHOLD CLEANING PRODUCTS,ECOLEAF BY SUMA,HJ345,Laundry Liquid- Vanilla - Conc,Non Bio Concentrated 24 Washes,8 X 740ML,25.30,1,5.10,,,,,,V,5017601049937,05017601049920,,
OLIVES,HONEST TOIL,KJ394,Kalamata Olives,,6 X 210G,20.57,,4.59,,,G,,,V,0702811522985,0702811522985,,
CRISPS & SNACKS,MR FILBERTS,ZX803,Mochi Rice Bites Black Pepper,,6 X 150G,14.34,,3.22,,,,,,V,5060145053646,15060145053653,N,
GRAINS,SUMA PREPACKS - ORGANIC,QS068,Buckwheat - unroasted organic,,6 X 500G,10.58,,2.35,,,,O,,V,5017601018469,05017601018889,,
BEANS & PULSES - DRIED,SUMA PREPACKS,PU133,Lentils - Dark Speckled,Previously called Puy type,6 X 500G,10.58,,2.35,,,,,,V,5017601018421,05017601018841,,
CRISPS & SNACKS,SLABS THICK AND BIG CRISPS,ZX408,Chicken Roast Share Box,,9 X 160G,18.86,1,3.49,,,G,,,V,5037412009036,05037412009135,N,
CHOCOLATE,TONY'S CHOCOLONELY,ZX105,Dark/Milk Choc Pretzel&Toffee,42%,15 X 180G,40.50,1,4.30,,F,,,S,,8717677339891,8717677339884,N,
MEAT ALTERNATIVES (CHILLED),TAIFUN,CV719,Cocktail Sausages,,8 X 160G,25.50,,4.25,,,,O,,V,4012359136107,04012359136121,,
SUGARS & SYRUPS,BIONA,HY008,Pure Maple Syrup Amber Grade A,,12 X 330G,61.99,,6.90,,,,O,,V,5032722319707,05032722657113,,
CHOCOLATE,BOOJA-BOOJA,ZX872,Fine De Champagne,Chocolate Truffles,8 X 92G,37.80,1,7.59,,,G,O,S,V,5060002043172,5060002043219,N,
FAR EASTERN FOOD,CLEARSPRING,JP100,Rice Mirin,,6 X 250ML,31.46,,6.99,,,,O,,V,5021554002239,05021554002208,,
OLIVES,CYPRESSA,KJ376,Green Greek Olives,in olive oil,12 X 50G,11.49,,1.29,,,,,,V,05000362000316,15000362000313,N,
HOUSEHOLD CLEANING PRODUCTS,ECOVER,HJ221,Washing Up Liquid,Lily & Lotus,8 X 450ML,12.44,1,2.49,,,,,,V,5412533416985,05412533416992,,
CHOCOLATE,HOLDSWORTH CHOCOLATES,KB115,Marc De Champagne Truffles,champagne ganache truffles,8 X 110G,61.71,1,12.95,,,,,S,,5034279002248,15034279002245,,
CRISPS & SNACKS,MR FILBERTS,BT186,Sweet Chilli Rice Crackers,,12 X 40G,13.50,,1.49,,,,,S,V,5060145052888,15060145052885,N,
GRAINS,SUMA PREPACKS - ORGANIC,QS070,Popcorn - organic,,6 X 500G,10.13,,2.25,,,,O,,V,5017601019268,05017601019251,,
BEANS & PULSES - DRIED,BULK COMMODITIES,PU082,Lentils - Dark Speckled,Previously known as Puy,25 KG,52.49,,,,,,,,V,,,,06 OCT 25
CRISPS & SNACKS,SLABS THICK AND BIG CRISPS,ZX366,Slightly Salted Share Box,,9 X 160G,18.86,1,3.49,,,G,,,V,5037412009005,05037412009104,N,
CHOCOLATE,TONY'S CHOCOLONELY,KB004,Caramel S/Salt Almond Pretzel,Milk Chocolate,15 X 180G,40.50,1,4.30,,F,,,S,,8720701144538,8720701144521,N,
FRUIT & VEGETABLE JUICES,BIONA,JU127,Cranberry Juice,100% Pure,6 X 750ML,41.80,1,11.15,,,,O,,V,5032722307513,05032722644113,,
OILS & FATS,BIONA,GT030,Avocado Oil Cold Pressed,,6 X 250ML,34.88,,7.75,,,,O,,V,5032722318885,05032722656277,,
VEGAN DESSERTS,BOOJA-BOOJA,XL002,Cookie Dough Ice Cream,,6 X 465ML,22.08,1,5.90,,,G,O,S,V,5060002044001,5060002044070,,
PASTA,CLEARSPRING,WT149,Green Pea & Quinoa Fusilli,,8 X 250G,22.74,,3.79,,,G,O,,V,5021554003571,05021554003564,,
DAIRY CHEESE,CYPRESSA,CV761,Organic Feta Cheese,Mixed Goat and Sheeps Milk,12 X 200G,37.69,,4.19,,,,O,,,5000362104090,05000362215208,,
HOUSEHOLD CLEANING PRODUCTS,ECOVER,HJ094,Laundry Liquid Zero,Concentrate - 428 Washes,15L,66.47,1,,,,,,,V,5412533421163,,,
OILS & FATS,HONEST TOIL,GT074,Extra Virgin Olive Oil,Unfiltered,6 X 500ML,50.49,,11.19,,,,,,V,0702811522831,0702811523036,,
CRISPS & SNACKS,MR FILBERTS,BT192,Sweet Chilli Rice Crackers,,6 X 150G,14.34,,3.22,,,,,S,V,5060145052895,15060145052892,N,
NUTS & SEEDS,SUMA PREPACKS,NU094,Pumpkin seeds,,6 X 125G,6.98,,1.55,,,,,,V,5017601019824,05017601019817,,
BEANS & PULSES - DRIED,SUMA BAGGED DOWN,PU054,Lentils - Dark Speckled,Previously called Puy type,3 KG,8.99,,,,,,,,V,5017601009832,,,
CRISPS & SNACKS,SLABS THICK AND BIG CRISPS,ZX376,Mellow Sweet Chilli Share Box,,9 X 160G,18.86,1,3.49,,,G,,,V,5037412009050,05037412009159,N,
CHOCOLATE,TONY'S CHOCOLONELY,KB794,Rainbowpack Classics 6 Pack,180g Bar 6 Pack,6 X 1.08KG,121.46,1,31.40,,F,,,S,,8719956493898,8719956494055,N,
FRUIT & VEGETABLE JUICES,BIONA,JU288,Carrot Juice,,6 X 750ML,14.80,1,3.95,,,,O,,V,5032722318328,05032722655720,,
VEGETABLES,BIONA,KJ172,Artichokes in Olive Oil,,5 X 190G,18.98,,5.06,,,,O,,V,5032722319653,5032722657069,,
VEGAN DESSERTS,BOOJA-BOOJA,XL013,Choc Fudge Brownie Ice Cream,,6 X 465ML,22.08,1,5.90,,,G,O,S,V,5060002044018,5060002044087,,
PASTA,CLEARSPRING,WT052,Gluten Free Buckwheat Pasta,Tortiglioni,8 X 250G,22.74,,3.79,,,G,O,,V,5021554003175,05021554003168,,
HOUSEHOLD PRODUCTS,LOOFCO,HJ048,Washing-Up Pad,,8 X 1,12.53,1,2.50,,,,,,V,5060175850515,15060175850512,,
OILS & FATS,HONEST TOIL,GT040,Extra Virgin Olive Oil,Unfiltered,5L,52.00,,69.35,,,,,,V,0702811522848,,,
CRISPS & SNACKS,MR FILBERTS,ZX798,Mochi Rice Bites Teriyaki,,6 X 150G,14.34,,3.22,,,,,,V,5060145053649,15060145053646,N,
NUTS & SEEDS,SUMA PREPACKS - ORGANIC,NU102,Almonds - organic,,6 X 250G,21.11,,4.69,,,,O,,V,5017601019527,05017601019510,,
BEANS & PULSES - DRIED,SUMA BAGGED DOWN - ORGANIC,PU171,Lentils - Dark Speckled; org,Previously called Puy type,1 KG,5.85,,,,,,O,,V,5017601009825,,,
CRISPS & SNACKS,SLABS THICK AND BIG CRISPS,ZX367,Salt & Malt Vinegar Share Box,,9 X 160G,18.86,1,3.49,,,G,,,,5037412090012,05037412009111,N,
CHOCOLATE,TONY'S CHOCOLONELY,KB982,Caramel Rice Crisp Bar,Milk Chocolate,15 X 180G,40.50,1,4.30,,F,,,S,,8720701145535,8720701145528,N,
VINEGARS,BIONA,KJ311,Cider Vinegar with `Mother',Oak matured; not heat treated,6 X 75CL,18.22,,4.05,,,,O,,V,5032722301665,05032722640108,,
BISCUITS CRACKERS & CRISPBREAD,BIONA,BT247,Buckwheat Cakes,,12 X 100G,20.91,,2.29,,,G,O,,V,5032722320116,05032722657557,,
CHOCOLATE,BOOJA-BOOJA,WS233,Fine de Champagne Truffles,Heart Shaped Box,3 X 115G,28.35,1,30.49,,,G,O,S,V,5060002044391,5060002044414,,
COCOA,COCOA LOCO,ZX320,Festive Spoon Set,Three Hot Chocolate Spoons,6 X 115G,44.92,,9.99,,F,,O,S,,5060148386423,05060148386430,,
HOUSEHOLD CLEANING PRODUCTS,ECOVER,HJ187,Laundry Capsules Bio x 34's,Fights stains at 20deg C,8 X 34 PODS,69.52,1,15.00,,,,,,,5412533425468,05412533425475,,
CHOCOLATE,MONTY BOJANGLES,ZX721,Pistachio Marooned Truffles,,8 X 150G,26.86,1,5.40,,,,,S,,5060413265729,05060413267556,,
BODY CARE,LYONSLEAF,DY810,Natural Beauty Balm,Cleanser; Moisturiser & Primer,1 X 60ML,9.20,1,15.99,,,,,,V,713331312475,619091211990,,
CRISPS & SNACKS,MR FILBERTS,ZX801,Mochi Rice Bites Tom Yum,,6 X 150G,14.34,,3.22,,,,,,V,5060145053663,15060145053660,N,
NUTS & SEEDS,SUMA PREPACKS - ORGANIC,NU103,Hazelnuts - organic,,6 X 125G,13.91,,3.09,,,,O,,V,5017601022343,05017601022336,,
BEANS & PULSES - DRIED,BULK COMMODITIES - ORGANIC,PU084,Lentils Dark Speckled,Previously called Puy type,25 KG,109.74,,,,,,O,,V,,,,
FLOURS & BREAD MIXES,SHIPTON MILL,FG189,Spelt Flour - Wholemeal; Org,,6 X 1KG,13.07,,2.90,,,,O,,V,5016473014296,05016473015101,N,
CHOCOLATE,TONY'S CHOCOLONELY,ZX101,Dark Chocolate 51% Almond,,35 X 47G,34.35,1,1.60,,F,,,S,V,8717677339853,8717677339846,N,
VINEGARS,BIONA,KJ131,Cider Vinegar with 'Mother',Oak matured; not heat treated,5 LTR,12.39,,16.49,,,,O,,V,5032722305854,,,
SWEET SNACKS,BIONA,ZX911,Mini Fruit Bears,,10 X 75G,15.78,1,2.09,,,G,O,S,V,5032722307735,05032722654525,,
CHOCOLATE,BOOJA-BOOJA,KB644,S/Caramel Mocha Truffle Logs,,8 X 115G,57.31,1,11.49,,,G,O,S,V,5060002044186,5060002044223,,
FLOURS & BREAD MIXES,CLEARSPRING,FG180,Breadcrumbs - Brown Rice; GF,,12 X 250G,43.11,,4.79,,,G,O,,V,5021554000181,05021554000228,,
HOUSEHOLD CLEANING PRODUCTS,ECOVER,HJ193,Laundry Capsules NonBio x 34's,Fights stains at 20 deg C,8 X 34 PODS,86.65,1,17.39,,,,,,,5412533425499,05412533425505,,
CHOCOLATE,MONTY BOJANGLES,ZX875,Persian Pink Cat Tin,,6 X 135G,48.77,1,12.99,,,,,S,,5060413268003,05060413268010,,
BODY CARE,LYONSLEAF,DY815,Body Butter,Intensively moisturising,1 X 120ML,12.60,1,21.99,,,,,,,713331312482,619091212003,N,
VEGAN BUTTER; MARGARINES & SPRE,LANDKRONE,MA004,Organic Margarine,Catering Size,10 KG,55.35,,,,,,O,,V,4002824153227,,,
NUTS & SEEDS,SUMA PREPACKS - ORGANIC,NU104,Walnuts - organic,,6 X 125G,11.03,,2.45,,,,O,,V,5017601020943,05017601020936,,
BEANS & PULSES - DRIED,SUMA BAGGED DOWN - ORGANIC,PU172,Lentils - Dark Speckled; org,Previously called Puy type,3 KG,16.15,,,,,,O,,V,5017601009849,,,
FLOURS & BREAD MIXES,SHIPTON MILL,FG190,Spelt Flour - White; Organic,,6 X 1KG,13.91,,3.71,,,,O,,V,5016473014302,05016473014494,N,
CHOCOLATE,TONY'S CHOCOLONELY,KB838,Small Bar Tasting Pack,,12 X 288G,93.17,1,12.50,,F,,,S,,8719956494536,8719956494529,,
VINEGARS,BIONA,KJ130,Cider Vinegar with `Mother',Oak matured; not heat treated,6 X 500ML,14.57,,3.25,,,,O,,V,5032722303072,05032722640818,,
FRUIT - CANNED & JARRED,BIONA,KJ166,Jackfruit In Salted Water,,3 X 2.8KG,24.34,,10.79,,,,O,,V,5032722316447,5032722653849,,
CHOCOLATE,BOOJA-BOOJA,KB749,Chocolate Orange Truffles,,8 X 92G,37.80,1,7.59,,,G,O,S,V,5060002043707,5060002043745,N,
CHOCOLATE,COCOA LOCO,KB063,Dark Chocolate Coated Ginger,,6 X 100G,26.23,1,6.99,,F,,O,S,V,5060148383231,05060148383460,,
HOUSEHOLD CLEANING PRODUCTS,ECOVER,HJ874,Limescale Remover,Berries & Basil,6 X 500ML,15.34,1,4.09,,,,,,V,5412533421989,05412533421996,,
CHOCOLATE,MONTY BOJANGLES,ZX930,Spirit Blue Cat Tin,coconut crush truffles,6 X 135G,48.77,1,12.99,,,,,S,,5060413268188,05060413268195,,
BABY CARE,LYONSLEAF,DY812,Calendula & Marshmallow Balm,with Marshmallow Root,1 X 30ML,7.00,1,11.99,,,,,,,615435618388,619091211976,,
ADS (CHILLED),,,,,,,,,,,,,,,,,,
NUTS & SEEDS,SUMA PREPACKS - ORGANIC,NU105,Sunflower seeds - organic,,6 X 125G,6.08,,1.35,,,,O,,V,5017601020462,05017601020455,,07 OCT 25
BEANS & PULSES - DRIED,SUMA PREPACKS - ORGANIC,PU167,Lentils - Dark Speckled; org,Previously called Puy type,6 X 500G,17.06,,3.79,,,,O,,V,5017601023920,05017601023913,,
SOFT DRINKS,SOMETHING AND NOTHING,JU332,Cucumber Premium Soda,,12 X 330ML,12.02,1,1.65,,,,,,V,5060557310002,25060557310006,,
CHOCOLATE,TONY'S CHOCOLONELY,KB178,Tiny Tony Gift Box,Mix of Chocolate Flavours,6 X 180G,27.52,1,7.39,,F,,,S,,8719956497964,8719956497957,N,
PICKLES; CHUTNEYS & MUSTARDS,BIONA,KJ221,Organic French Dijon Mustard,,6 X 200G,15.02,,3.34,,,,O,,V,5032722319769,05032722657175,,
BODY CARE,ALTER/NATIVE BY SUMA,DY335,Body Wash - Lavender & Vetiver,Revitalising with cedarwood,5L,28.50,1,45.99,,,,,,V,5017601050919,05017601050902,,
BEANS & PULSES - CANNED,BIONA,VF042,Chilli Beans - Organic,,6 X 395G,8.63,,1.89,,,,O,S,V,5032722318373,5032722655775,,
OILS & FATS,CLEARSPRING,GT001,Hemp Oil Organic,,8 X 250ML,41.68,,6.99,,,,O,,V,5021554003878,05021554003861,,
HOUSEHOLD CLEANING PRODUCTS,ECOEGG,HJ164,Laundry Egg Refills,50 Washes; Fresh Linen,10 X 1,36.19,1,5.79,,,,,,V,5060558050082,15060558050089,,
CHOCOLATE,MONTY BOJANGLES,KB700,Choccy Scoffy French Truffles,,8 X 150G,26.86,1,5.40,,,,,S,,5060413265668,05060413267013,,
BODY CARE,LYONSLEAF,DY813,Calendula Cream,Soothing for Face & body,1 X 30ML,7.00,1,11.99,,,,,,V,713331312451,619091211983,,
VEGAN BUTTER; MARGARINES & SPRE,SUMA,MA051,Sunflower Spread,,6 X 2KG,42.31,,9.40,,,,,,V,5017601007180,05017601260332,,
BABY & CHILD FOOD,ORGANIX,BB013,Jammie Monsters,from 18 months,4 X 8 X 8G,11.31,,3.79,,,,O,,,5024121664212,05024121664915,N,
TABLE SAUCES,CHOLULA,KJ014,Hot Sauce Original,,12 X 150ML,28.14,,3.15,,,,,,V,0049733000215,10049733920022,,
SOFT DRINKS,SOMETHING AND NOTHING,JU125,Ginger & Lime Premium Soda,,12 X 330ML,12.02,1,1.65,,,G,,,V,5060557310583,15060557310580,,
CHOCOLATE,TONY'S CHOCOLONELY,KB604,Tiny Tony's christmas Pouch,,6 X 135G,27.34,1,7.29,,F,,,S,,8720701142084,8720701142077,,
FRUIT & VEGETABLE JUICES,BIONA,JU132,Elderberry Juice,100% Pure,6 X 330ML,20.13,1,5.39,,,,O,,V,5032722312715,05032722649965,,
BODY CARE,ALTER/NATIVE BY SUMA,DY074,Body Wash - Pink Grapefruit,Uplifting with lime,6 X 400ML,17.96,1,5.19,,,,,,V,5017601044116,05017601044109,,
BEANS & PULSES - CANNED,BIONA,VF227,Chilli Black Beans - Organic,Not batch tested gluten free,6 X 410G,7.72,,1.69,,,,O,,V,5032722315075,05032722652453,,
CHOCOLATE,COCOA LOCO,KB021,Chocolate Lolly Making Kit,,4 X 250G,59.94,,19.99,,F,,O,,,5060148386409,5060148386478,,
HOUSEHOLD CLEANING PRODUCTS,ECOLEAF BY SUMA,HJ219,Laundry Detergent Sheets - Lav,Non Bio 30 washes,10 X 30 SHT,32.29,1,6.35,,,,,,V,5017601051619,05017601051602,,
CHOCOLATE,GREEN & BLACKS,KB133,Milk Chocolate & Butterscotch,,15 X 90G,30.32,1,3.25,,F,,O,S,,7622210584687,07622210589057,N,
CHOCOLATE,MONTY BOJANGLES,KB747,Scrumple Nutty French Truffles,,8 X 150G,26.86,1,5.40,,,,,S,,5060260388541,05060413260014,N,
BODY CARE,LYONSLEAF,DY004,Face & Body Gift Set,Beaut Balm; Body Butter; Cloth,1 X 250G,8.40,1,13.99,,,,,,V,632096568456,619091212935,N,
ADS (CHILLED),,,,,,,,,,,,,,,,,,
NUTS & SEEDS,SUMA PREPACKS - ORGANIC,NU212,Pumpkin seeds - organic,,6 X 125G,7.62,,1.69,,,,O,,V,5017601019480,05017601019473,,
BAKING SUNDRIES,EPICURE,LJ187,Golden Marzipan,,12 X 250G,22.21,,2.45,,,,,S,V,5011673103801,05011673611658,,
SOFT DRINKS,SOMETHING AND NOTHING,JU160,Mango&Thai Basil Premium Soda,,12 X 330ML,12.02,1,1.65,,,G,,,V,,,,
CHOCOLATE,TONY'S CHOCOLONELY,ZX724,White Chocolate & Raspberry,With Popping Candy,15 X 180G,40.50,1,4.30,,F,,,S,,8719956491559,8719956491542,N,
READY TO EAT FOODS (CHILLED),BIONA,CV563,Falafel Balls,,6 X 200G,20.02,,4.45,,,,O,,V,5032722320109,05032722657540,,
BODY CARE,ALTER/NATIVE BY SUMA,DY399,Body Wash - Pink Grapefruit,Uplifting with lime,20L,99.00,1,,,,,,,V,5017601045236,05017601045229,,
FAR EASTERN FOOD,BIONA,VF167,Coconut Cream,,6 X 400ML,12.74,,2.85,,,,O,,V,5032722315495,05032722652897,,
CHOCOLATE,COCOA LOCO,KB649,Dark Chocolate Mango,,6 X 100G,26.23,1,6.99,,F,,O,S,V,5060148381206,05060148389493,,
HOUSEHOLD CLEANING PRODUCTS,ECOVER,HJ095,Multi Surface Cleaner,Lemongrass & Orange,6 X 500ML,10.91,1,2.89,,,,,,V,5412533421828,05412533421835,,
COCOA,GREEN & BLACKS,TE453,Cocoa Powder - FT Organic,,6 X 125G,18.89,,4.20,,F,,O,,V,5011835101690,5011835000924,,
CHOCOLATE,MONTY BOJANGLES,ZX470,Savanna Gold Cat Tin,Flutter Scotch Truffles,6 X 135G,48.77,1,12.99,,,,,S,,5060413268850,05060413268867,,
BODY CARE,LYONSLEAF,DY060,Foot Balm,Comfrey Leaf & Marshm'low Root,1 X 60ML,9.80,1,15.99,,,,,,,632096568517,619091212898,N,
VINEGARS,MR ORGANIC,KJ058,Apple Cider Vinegar,With Turmeric; Chilli & Ginger,12 X 250ML,26.92,,2.99,,,G,O,,V,5060178072983,5060178072969,,
NUTS & SEEDS,SUMA PREPACKS - ORGANIC,NU217,Almonds - organic,,6 X 125G,11.66,,2.59,,,,O,,V,5017601024620,05017601024668,,
BAKING SUNDRIES,EPICURE,LJ196,White Marzipan,,12 X 250G,22.21,,2.45,,,,,S,V,5011673103818,05011673611665,,
SOFT DRINKS,SOMETHING AND NOTHING,JU123,Pineapple & Pink Grapefruit Pr,,12 X 330ML,12.02,1,1.65,,,G,,,V,5060557310576,15060557310573,,
CHOCOLATE,TONY'S CHOCOLONELY,KB863,Littl'Bits Caramel Sea Salt,,8 X 100G,16.01,1,3.20,,F,,,S,,8719956494437,08719956494420,N,
TOFU & TEMPEH (CHILLED),TAIFUN,CV635,Feto Natural Tofu,Fermented,6 X 200G,20.92,,4.65,,,,O,,V,4012359180001,04012359180032,,
BODY CARE,ALTER/NATIVE BY SUMA,DY089,Body Wash - Pink Grapefruit,Uplifting with lime,5L,28.50,1,45.99,,,,,,V,5017601044512,05017601044505,,
FAR EASTERN FOOD,BIONA,KJ094,Coconut Aminos Original,,6 X 250 ML,18.22,,4.05,,,,O,S,V,5032722317772,05032722655171,,
CHOCOLATE,COCOA LOCO,KB724,Milk Chocolate Santa Lolly,,24 X 40G,41.14,1,2.75,,F,,O,,,5060148383156,05060148389103,,
HOUSEHOLD CLEANING PRODUCTS,ECOLEAF BY SUMA,HJ237,Multi Surface Cleaner -AntiBac,Orange & Petitgrain,12 X 750ML,28.37,1,3.79,,,,,,V,5017601051732,05017601051725,,
CHOCOLATE,GREEN & BLACKS,KB796,Smooth Dark Hazelnut & Currant,,15 X 90G,30.32,1,3.25,,F,,O,,V,7622202254130,07622202254116,N,26 SEP 25
CHOCOLATE,MONTY BOJANGLES,ZX032,Shimmering Scarlet Cat Tin,berry bubbly truffles,6 X 135,48.77,1,12.99,,,,,,,5060980961253,05060980961260,,
BODY CARE,LYONSLEAF,DY023,Hot Cloth Cleansing Kit,Beauty Balm; Flannel; Muslin,1 X 190G,7.36,1,11.99,,,,,,V,632096568371,61909121928,N,
PASTA SAUCES & PESTOS,MR ORGANIC,KJ044,Aubergine Pesto,No Added Sugar,6 X 190G,17.52,,3.89,,,,O,,V,5060178075366,5060178075434,,
FRUIT - DRIED,SUMA PREPACKS - ORGANIC,DR250,Apricots - organic,,6 X 500G,52.43,,11.65,,,,O,,V,5017601020240,05017601020233,,
FRUIT - CANNED & JARRED,EPICURE,KJ023,Chinese Stem Ginger in Syrup,,6 X 350G,21.60,,4.80,,,,,S,V,5011673406087,05011673621138,,
SOFT DRINKS,SOMETHING AND NOTHING,JU337,Hibiscus & Rose Premium Soda,,12 X 330ML,12.02,1,1.65,,,,,,V,5060557310026,25060557310020,,
CHOCOLATE,TONY'S CHOCOLONELY,KB864,Littl'Bits Marshmallow Biscuit,Milk Chocolate,8 X 100G,16.01,1,3.20,,F,,,S,,8719956496622,08719956496615,N,
OILS & FATS,BIONA,VM271,Flax Seed Oil (was Linseed),Virgin cold pressed,6 X 250ML,22.28,1,5.89,B,,,O,,V,5032722301276,05032722646087,,
BODY CARE,ALTER/NATIVE BY SUMA,DY068,Body Wash - Patchouli,Balancing with ylang ylang,6 X 400ML,17.96,1,5.19,,,,,,V,5017601044031,05017601044024,,
SUGARS & SYRUPS,BIONA,LJ011,Coconut Palm Sugar - Organic,,8 X 250G,18.20,,3.05,,,,O,,V,5032722312418,05032722652194,,
READY MEALS (FROZEN),CLIVE'S,XL025,Creamy Mushroom Wholemeal Pie,,6 X 235G,19.98,,4.45,,,,,,V,5031102002246,20531102002240,,
HOUSEHOLD CLEANING PRODUCTS,ECOLEAF BY SUMA,HJ261,Multi Surface Cleaner -AntiBac,Orange Blossom & Petitigrain,20L,30.85,1,,,,,,,V,5017601051879,05017601051862,,
CHOCOLATE,GREEN & BLACKS,KB132,Smooth Dark Chocolate Ginger,,15 X 90G,30.32,1,3.25,,F,,O,,,7622202253133,07622202253119,N,
CHOCOLATE,MONTY BOJANGLES,ZX939,Vegan Truffle Advent Calendar,,9 X 235G,84.34,1,14.99,,,,,S,V,5060413268379,05060413268386,,
BODY CARE,LYONSLEAF,DY062,Mane Tamer,Tame Frizzy Hair & Dreadlocks,1 X 60ML,8.50,1,13.99,,,,,,,713331312499,619091212881,N,
PASTA SAUCES & PESTOS,MR ORGANIC,VF277,Aubergine Ragu Pasta Sauce,,6 X 350G,14.82,,3.29,,,,O,,V,5060178075076,5060178075120,,
FRUIT - DRIED,SUMA PREPACKS - ORGANIC,DR254,Figs - organic,,6 X 500G,39.12,,8.69,,,,O,,V,5017601022664,05017601022657,,
TABLE SAUCES,CHOLULA,KJ150,Hot Sauce Chili Garlic,,12 X 150ML,28.14,,3.15,,,,,,V,049733800112,10049733010075,,
SOFT DRINKS,SOMETHING AND NOTHING,JU335,Yuzu Premium Soda,,12 X 330ML,12.02,1,1.65,,,,,,V,5060557310019,25060557310013,,
CHOCOLATE,TONY'S CHOCOLONELY,KB865,Littl'Bits Triple Choc Mix,,8 X 100G,16.01,1,3.20,,F,G,,S,,8719956494451,08719956494444,N,
CHOCOLATE & SWEET SPREADS,BIONA,GH010,Milk Choc Hazel Spread - org,,6 X 350G,28.26,,6.29,,,,O,S,,5032722306530,05032722642973,,
BODY CARE,ALTER/NATIVE BY SUMA,DY082,Body Wash - Patchouli,Balancing with ylang ylang,5L,28.50,1,45.99,,,,,,V,5017601044437,05017601044420,,
SUGARS & SYRUPS,BIONA,HY003,Pure Maple Syrup Dark Grade A,,12 X 330G,61.99,,6.90,,,,O,,V,5032722319714,05032722657120,,
CHOCOLATE,COCOA LOCO,KB195,Milk & White Chocolate Robins,,6 X 100G,26.23,1,6.99,,F,,O,S,,5060148383293,05060148389752,,
OLIVES,CYPRESSA,KJ378,Pitted Chilli Greek Olives,,12 X 50G,11.49,,1.29,,,,,,V,05000362000323,15000362000320,N,
HOUSEHOLD CLEANING PRODUCTS,ECOLEAF BY SUMA,HJ252,Multi Surface Cleaner -AntiBac,Orange Blossom & Petitgrain,5L,10.16,1,16.29,,,,,,V,5017601051817,05017601051800,,
HERBS & SPICES - PREPACKED,SUMA,HE029,Cardamom - ground,,6 X 10G,6.71,,1.49,,,,,,V,5017601035855,05017601035848,N,
CHOCOLATE,MONTY BOJANGLES,ZX925,Vegan Cat Tin,truffles with cocoa nibs,6 X 135G,48.77,1,12.99,,,,,S,V,5060413268331,05060413268348,,
BABY CARE,LYONSLEAF,DY046,Mum & Baby Skincare Survival,Skincare Survival Kit,1 X 325G,13.20,1,21.59,,,,,,,632096568388,619091212911,N,
PASTA SAUCES & PESTOS,MR ORGANIC,KJ046,Basilico Sauce,Healthier Choice,6 X 350G,13.92,,3.09,,,G,O,,V,5060178070286,5060178072501,,
FRUIT - DRIED,SUMA PREPACKS - ORGANIC,DR255,Raisins - organic,,6 X 500G,20.93,,4.65,,,,O,,V,5017601021063,05017601021056,,
BAKING SUNDRIES,EPICURE,LJ084,Mediterranean Peach Halves,,6 X 540G,14.77,,3.29,,F,G,,S,V,5011673201163,5011673600768,,
CHOCOLATE & SWEET SPREADS,PLAMIL,GH017,Hazelnut Flavour Spread,Smooth Vegan Chocolate spread,6 X 275G,19.42,,4.49,,,G,,S,V,5013092800019,15013092800016,N,
TOOTH CARE,KINGFISHER,DY669,Toothpaste Aloe TeaTree Fennel,fluoride free,12 X 100ML,27.69,1,3.69,,,G,,,V,5016912212894,05016912999955,,
READY TO EAT FOODS (CHILLED),BIONA,CV180,Mini Vegan Spring Rolls,,6 X 200G,21.85,,4.85,,,,O,S,V,5032722308886,05032722646063,,
BODY CARE,ALTER/NATIVE BY SUMA,DY073,Body Wash - Rose & Geranium,Calming & relaxing,6 X 400ML,17.96,1,5.19,,,,,,V,5017601044093,05017601044086,,
BEANS & PULSES - CANNED,BIONA,VF306,Edamame Beans,,12 X 200G,16.99,,1.85,,,,O,,V,5032722315815,05032722653214,,
FAR EASTERN FOOD,CLEARSPRING,JP016,Sushi Ginger Pickle Organic,,10 X 50G,27.68,,3.69,,,,O,,V,5021554989509,05021554989516,,
OLIVES,CYPRESSA,KJ804,Pitted Black Olives,,6 X 340G,9.39,,2.09,,,,,,V,5000362202307,05000362314017,,
HOUSEHOLD CLEANING PRODUCTS,ECOVER,HJ188,Washing Powder Non - Bio,Lavender & Eucalyptus,3 X 1.8KG,22.74,1,12.15,,,,,,V,5412533401875,05412533401882,,
HERBS & SPICES - PREPACKED,SUMA,HE034,Smoked Paprika,,6 X 35G,6.08,,1.35,,,,,,V,5017601036210,05017601036203,N,
HOUSEHOLD PRODUCTS,HOTMAX HEAT LOGS,NF371,Heat Logs,,10 KG,3.74,1,6.75,,,,,,V,5060231760079,,,
BODY CARE,LYONSLEAF,DY063,Comfrey & Calendula Rub,Rub for Massage & Joints,1 X 60ML,13.50,1,21.99,,,,,,,632096568524,619091212874,N,
BISCUITS CRACKERS & CRISPBREAD,MR ORGANIC,BT354,Breadstick Classic,,10 X 150G,24.68,,3.29,,,,O,,V,5060178072846,5060178072853,,
NUTS & SEEDS,SUMA PREPACKS - ORGANIC,NU258,Hazelnuts - organic,,6 X 250G,25.61,,5.69,,,,O,,V,5017601021469,05017601021452,,
BAKING SUNDRIES,EPICURE,LJ151,Plum Halves,,6 X 560G,14.77,,3.29,,,G,,S,V,5011673201217,5011673600812,,
CHOCOLATE,SO FREE,ZX915,No Added Sugar 72% Dark Choc,With Xylitol,12 X 80G,31.07,1,4.15,,,G,,,V,5013092000587,05013092666127,N,
TOOTH CARE,KINGFISHER,DY416,Toothpaste Charcoal Whitening,fluoride free,12 X 100ML,27.69,1,3.69,,,G,,,V,5016912212924,05016912999016,,
READY TO EAT FOODS (CHILLED),BIONA,CV036,Mini Thai Spring Rolls,with Coriander and Chilli,6 X 200G,21.85,,4.85,,,,O,,V,5032722319141,05032722656536,,
BODY CARE,ALTER/NATIVE BY SUMA,DY398,Body Wash - Rose & Geranium,Calming & relaxing,20L,99.00,1,,,,,,,V,5017601045212,05017601045205,,
SWEET SNACKS,BIONA,ZX446,Fizzy Peaches,,10 X 75G,15.78,1,2.09,,,G,O,S,V,5032722317475,05032722654877,,
FAR EASTERN FOOD,CLEARSPRING,JP027,Umeboshi Paste - Organic,,6 X 150G,33.26,,7.39,,,,O,,V,5021554989707,05021554989714,,
OLIVES,CYPRESSA,KJ803,Pitted Green Olives,,6 X 340G,9.28,,2.05,,,,,,V,5000362202406,05000362314918,,
HOUSEHOLD CLEANING PRODUCTS,ECOVER,HJ143,Washing Powder - Non Bio,Concentrated integrated powder,6 X 750G,20.44,1,5.45,,,,,,V,5412533009989,05412533069983,,
HERBS & SPICES - PREPACKED,SUMA,HE077,Fajita Seasoning,,6 X 40G,6.71,,1.49,,,,,,V,5017601035978,05017601035961,N,
BISCUITS CRACKERS & CRISPBREAD,HONEYROSE,BT249,All Butter Oat & Raisin Cookie,,6 X 115G,14.50,,3.24,,,G,O,S,,5060028801756,5060028801824,,
BABY CARE,LYONSLEAF,DY811,Zinc & Calendula Cream,Calming. For Face & Body.,1 X 30ML,7.00,1,11.99,,,,,,,615435618326,619091211969,,
BISCUITS CRACKERS & CRISPBREAD,MR ORGANIC,BT361,Breadstick with Olives,,10 X 130G,24.68,,3.29,,,,O,,V,5060178072860,5060178072877,,
NUTS & SEEDS,SUMA PREPACKS - ORGANIC,NU261,Pumpkin seeds - organic,,6 X 500G,22.73,,5.05,,,,O,,V,5017601021483,05017601021476,,
BISCUITS CRACKERS & CRISPBREAD,PETER'S YARD,BT553,Charcoal & Rye Crispbread,,8 X 90G,13.08,,2.20,,,,,S,,5060198820922,05060198821318,,
CHOCOLATE,SO FREE,ZX919,No Added Sugar Mint Dark Choc,With Xylitol,12 X 80G,31.07,1,4.15,,,G,,,V,5013092000624,05013092666165,N,
TOOTH CARE,KINGFISHER,DY565,Toothpaste Kids Strawberry,contains fluoride,12 X 100ML,27.69,1,3.69,,,,,,V,5016911307195,50169150005732,,
MEAT ALTERNATIVES (CHILLED),BIONA,CV188,Mushroom Burger,,6 X 150G,20.95,,4.70,,,,O,,V,5032722317888,05032722655287,,
BODY CARE,ALTER/NATIVE BY SUMA,DY088,Body Wash - Rose & Geranium,Calming & relaxing,5L,28.50,1,45.99,,,,,,V,5017601044499,05017601044482,,
BISCUITS CRACKERS & CRISPBREAD,BIONA,BT005,Grissini Breadsticks - Quinoa,,12 X 125G,24.56,,2.75,,,,O,,V,5032722319059,5032722656444,,
CHOCOLATE,COCOA LOCO,KB024,Chocolate Christmas Pudding,Milk & White chocolate,6 X 70G,20.57,1,5.49,,F,,O,,,5060148383316,05060148389776,,
VEGETABLES,CYPRESSA,VF964,Roasted Red Peppers,,6 X 465G,14.96,,3.35,,,,,S,V,5000362125101,05000362367419,,
HOUSEHOLD PRODUCTS,ECOLEAF BY SUMA,NF244,Bamboo Palm Dish Washing Brush,,EACH,2.80,1,4.49,,,,,,V,5017601052036,05017601052029,,
HERBS & SPICES - PREPACKED,SUMA,HE136,Cardamom Pods - green,,6 X 10G,10.13,,2.25,,,,,,V,5017601035879,05017601035862,N,
BISCUITS CRACKERS & CRISPBREAD,HONEYROSE,BT227,Date & Walnut Toast,,6 X 110G,16.42,,3.67,,,G,O,S,V,5060028801770,5060028801848,,
CAKES,LOVEMORE,BT081,Mince Pies 4 Pack,,4 X 270G,10.64,,3.55,,,G,,S,,5051777000170,05051777000194,,
PASTA SAUCES & PESTOS,MR ORGANIC,VF283,Bolognese Sauce - Smooth,,6 X 350G,13.92,,3.09,,,,O,,V,5060178075007,5060178075014,,
BABY & CHILD FOOD,ORGANIX,BB059,Organix Gruffalo Blackcurrant,,6 X 6 X 17G,18.26,,4.05,,,,O,,V,05024121101571,05024121101571,N,
TEAS,QI,TE505,Clarity Tea - Bags,,6 X 20 BAGS,16.62,,3.69,,F,,O,,V,6537830008370,5060249660286,,
CHOCOLATE,SO FREE,ZX561,No Added Sugar Vegan Oat M!lk,,12 X 70G,32.77,1,4.39,,,G,,,V,5013092001560,15013092001567,N,
TOOTH CARE,KINGFISHER,DY668,Toothpaste Aloe; TeaTree; Mint,fluoride free,12 X 100ML,27.69,1,3.69,,,G,,,V,5016912212900,05016912999993,,
TOFU & TEMPEH (CHILLED),TAIFUN,CV840,Tofu Fillet - Mild Wild Garlic,Ready made - Easy to Prepare,8 X 160G,26.07,,4.35,B,,,O,,V,4012359144102,04012359144133,,
CONVENIENCE FOODS,BIONA,VF250,Coconut Milk Green Curry,,6 X 400ML,13.65,,3.05,,,,O,S,V,5032722318847,5032722656239,,
VEGAN DESSERTS,BOOJA-BOOJA,XL259,Choc Salted Caramel Ice Cream,,6 X 465ML,22.08,1,5.90,,,G,O,S,V,5060002043981,5060002044056,,
READY MEALS (FROZEN),CLIVE'S,XL308,Gluten Free Saag Aloo Pie,,6 X 235G,20.70,,4.60,,,G,,,V,5031102002284,15031102002281,,
OLIVES,CYPRESSA,KJ805,Stuffed Pimento Olives,,6 X 340G,9.75,,2.19,,,,,,V,5000362201102,05000362314710,,
HOUSEHOLD CLEANING PRODUCTS,ECOVER,HJ086,Dishwasher Rinse Aid,,8 X 450ML,20.59,1,4.14,,,,,,V,5412533426892,05412533426908,,
HERBS & SPICES - PREPACKED,SUMA,HE141,Cloves,,6 X 18G,6.71,,1.49,,,,,,V,5017601035930,05017601035923,N,
BISCUITS CRACKERS & CRISPBREAD,HONEYROSE,BT228,Hazelnut & Agen Plum Toast,,6 X 110G,17.24,,3.83,,,G,O,S,V,5060028801787,5060028801855,,
BISCUITS CRACKERS & CRISPBREAD,LOVEMORE,BT069,Chocolate Chip Shortbread,,6 X 150G,15.50,,3.45,,,G,,S,,5051777002310,05051777002327,,
BISCUITS CRACKERS & CRISPBREAD,MR ORGANIC,BT030,Chocolate Chip Digestive,,12 X 250G,23.31,,2.59,,,,O,S,V,5060178074154,5060178074260,,
BABY & CHILD FOOD,ORGANIX,BB060,Organix Gruffalo Crumble Oaty,,6 X 6 X 23G,16.20,1,3.79,,,,O,,V,5024121101533,05024121101540,N,
TEAS,QI,TE503,Detox Green Tea - Bags,,6 X 25 BAGS,14.82,,3.29,,F,,O,,V,653783000158,065378319925,,
CHOCOLATE & SWEET SPREADS,PLAMIL,GH041,Plamilla Choc Orange Spread,Smooth Vegan Chocolate Spread,6 X 275G,19.42,,4.49,,,G,,S,V,5013092800002,15013092800009,N,
TOOTH CARE,KINGFISHER,DY527,Toothpaste Baking Soda & Mint,fluoride free,12 X 100ML,27.69,1,3.69,,,G,,,V,5016912212917,05016912999948,,
BODY CARE,ALTER/NATIVE BY SUMA,DY066,Body Wash - Tea Tree & Aloe,Refreshing with lemongrass,6 X 400ML,17.96,1,5.19,,,,,,V,5017601044017,05017601044000,,
TOFU & TEMPEH (CHILLED),TAIFUN,CV841,Tofu Fillet - Japanese Style,Ready made - Easy to prepare,8 X 160G,24.25,,4.05,B,,,O,,V,4012359144003,04012359144034,,
FRUIT & VEGETABLE JUICES,BEET IT,JU413,Beet It Shot - Ginger,,15 X 70ML,22.11,,1.99,,,G,O,,V,5020934007123,05020934924116,,
CHOCOLATE,BOOJA-BOOJA,KB987,Chocolate Salted Caramel,Chocolate Truffles,8 X 92G,37.80,1,7.59,,,,O,S,V,5060002043776,5060002043783,N,
CHOCOLATE,COCOA LOCO,KB642,Milk Chocolate Santas,,6 X 100G,26.23,1,6.99,,F,,O,S,,5060148383057,05060148389165,N,
FRUIT - DRIED,CRAZY JACK,DR031,Organic Soft Dates,,12 X 200G,22.67,,2.49,,,,O,,V,5012246006451,25012246006455,,
HOUSEHOLD CLEANING PRODUCTS,ECOEGG,HJ168,Laundry Egg Refills,50 Washes; Spring Blossom,10 X 1,36.19,1,5.79,,,,,,V,5060558050112,15060558050119,,
HERBS & SPICES - PREPACKED,SUMA,HE142,Coriander - ground,,6 X 40G,6.08,,1.35,,,,,,V,5017601035954,05017601035947,N,
BISCUITS CRACKERS & CRISPBREAD,HONEYROSE,BT230,Kale & Spiced Nut Toast,,6 X 110G,16.42,,3.67,,,G,O,S,V,5060028801794,5060028801862,,
CAKES,LOVEMORE,BT083,Crumble Top Mince Pies 4 Pack,,4 X 230G,9.84,,3.29,,,G,,S,,5051777002549,05051777002556,,
PASTA SAUCES & PESTOS,MR ORGANIC,KJ238,Chilli & Garlic Passata Sauce,,6 X 400G,9.53,,2.15,,,,O,,V,5060178073881,5060178073874,,
BABY & CHILD FOOD,ORGANIX,BB016,Cheese & Onion Gruffalo Claws,puffs; from 12 months,3 X 4 X 15G,7.36,,3.29,,,G,O,,,5024121324420,05024121324925,N,
TEAS,QI,TE499,Gunpowder Loose Leaf Tea,,6 X 100G,19.32,,4.29,,F,,O,,V,653783000103,10653783000100,,
CHOCOLATE & SWEET SPREADS,PLAMIL,GH011,Plamilla Salted Caramel Spread,Smooth Vegan Chocolate Spread,6 X 275G,19.42,,4.49,,,G,,S,V,5013092800026,15013092800023,N,
TOOTH CARE,KINGFISHER,DY161,Toothpaste Kids Strawberry,fluoride free,12 X 100ML,27.69,1,3.69,,,G,,,V,5016911311208,50169150005800,,
BODY CARE,ALTER/NATIVE BY SUMA,DY391,Body Wash - Tea Tree & Aloe,Refreshing with lemongrass,20L,99.00,1,0.00,,,,,,V,5017601045137,05017601045120,,
MEAT ALTERNATIVES (CHILLED),BIONA,CV441,Energy Tofu Mini Burgers,,4 X 250G,14.25,,4.75,,,,O,,V,5032722308893,05032722646070,,
BODY CARE,ALTER/NATIVE BY SUMA,DY081,Body Wash - Tea Tree & Aloe,Refreshing with lemongrass,5L,28.50,1,45.99,,,,,,V,5017601044413,05017601044406,,
FAR EASTERN FOOD,BIONA,JP150,Ginger Paste,,6 X 130G,14.57,,3.25,,,,O,,V,5032722319684,05032722657090,,
CHOCOLATE,BOOJA-BOOJA,KB507,Almond Salted Caramel Truffles,,16 X 23G,17.69,1,1.79,,,G,O,S,V,5060002043042,5060002043059,N,
READY MEALS (FROZEN),CLIVE'S,XL049,Vegan Sausagey Rolls,,4 X 160G,12.84,,4.29,,,,,,V,5031102002253,23031102002257,,
FRUIT - DRIED,CRAZY JACK,DR034,Organic Soft Figs,,12 X 200G,41.59,,4.65,,,,O,,V,5012246006468,25012246006462,,
HOUSEHOLD PRODUCTS,LOOFCO,HJ063,Root Vegetable Scrubber,,6 X 1,9.43,1,2.55,,,,,,V,5060175850591,15060175850598,,
HERBS & SPICES - PREPACKED,SUMA,HE145,Ginger - ground,,6 X 40G,6.71,,1.49,,,,,,V,5017601036012,05017601036005,N,
BISCUITS CRACKERS & CRISPBREAD,HONEYROSE,BT292,All Butter Lemon Shortbread,,6 X 125G,14.50,,3.24,,,G,O,S,,5060028801749,5060028801817,,
CAKES,LOVEMORE,BT105,Iced Fruit Cake Slices 5 Pack,,6 X 260G,25.71,,5.75,,,G,,S,,5051777002587,05051777002594,,
BEANS & PULSES - CANNED,MR ORGANIC,VF216,Chilli Mixed Beans,,12 X 400G,17.91,,1.99,,,,O,,V,5060178073935,5060178073942,,
BABY & CHILD FOOD,ORGANIX,BB017,Barbeque Gruffalo Claws,puffs; from 12 months,3 X 4 X 15G,7.36,,3.29,,,G,O,,,5024121326424,05024121326929,N,
TEAS,QI,TE582,Green Tea & Ginger - Bags,,6 X 40 BAGS,13.44,,2.99,,F,,O,,V,653783000349,065378318928,,
ALCOHOL FREE AND LOW ALCOHOL BE,SOBOUR,JU144,Doublewood American Whiskey,Alcohol Free Alternative,6 X 70CL,95.80,1,25.55,,,G,,,V,5060640319455,5060640319462,,
VEGAN BUTTER; MARGARINES & SPRE,BIONA,MA468,Extra Olive Spread,non hydrogenated,8 X 250G,24.85,,4.15,,,,O,,V,5032722302792,05032722640498,,
BODY CARE,ALTER/NATIVE BY SUMA,DY452,Boxed Soap Cinnamon & Orange,Spicy - with aduki beans,6 X 95G,11.82,1,3.15,,,,,,V,5017601039273,05017601039266,,
FAR EASTERN FOOD,BIONA,JP009,Garlic Paste,,6 X 130G,14.57,,3.25,,,,O,,V,5032722319424,05032722656826,,
CHOCOLATE,BOOJA-BOOJA,KB694,Deeply Chocolate Truffles,,8 X 92G,37.80,1,7.59,,,G,O,S,V,5060002043691,5060002043738,N,
READY MEALS (FROZEN),CLIVE'S,XL336,Tomato & Olive Tart,Gluten Free,6 X 150G,19.18,,6.39,,,G,,,V,5031102002307,15031102002304,,
FRUIT - CANNED & JARRED,CLEARSPRING,VF303,Banana Strawberry Mango Puree,Organic,18 X 100G,18.77,,1.39,,,,O,,V,5021554005636,05021554005643,,
HOUSEHOLD PRODUCTS,LOOFCO,HJ061,Washing-Up Scraper,Made from coconut husk,6 X 1,10.20,1,2.70,,,,,,V,5060175850546,15060175850543,,
HERBS & SPICES - PREPACKED,SUMA,HE150,Nutmeg - ground,,6 X 20G,6.71,,1.49,,,,,,V,5017601036159,05017601036142,N,
BISCUITS CRACKERS & CRISPBREAD,HONEYROSE,BT232,All Butter Shortbread,,6 X 125G,14.50,,3.24,,,G,O,S,,5060028801732,5060028801800,,
CAKES,LOVEMORE,BT089,Iced Rich Fruit Cake,,6 X 330G,28.50,,6.35,,,G,,S,,5051777000392,05051777001139,,
BISCUITS CRACKERS & CRISPBREAD,MR ORGANIC,ZX221,Cocoa Biscuits,,12 X 250G,21.51,,2.39,,,,O,S,V,5060178073348,5060178073355,,
BABY & CHILD FOOD,ORGANIX,BB018,Summer Fruits Rice Cake,from 7 months,6 X 40G,9.57,,2.15,,,G,O,,,5024121802126,05024121802928,N,
TEAS,QI,TE200,Green Tea & Jasmine Loose Leaf,,6 X 100G,31.08,,6.90,,F,,O,,V,653783000110,10653783000117,,
VERAGES,,,,,,,,,,,,,,,,,,
ADS (CHILLED),,,,,,,,,,,,,,,,,,
BODY CARE,ALTER/NATIVE BY SUMA,DY041,Conditioner - Coconut & Argan,Normal/dry hair,6 X 400ML,24.00,1,7.49,,,,,,V,5017601043751,05017601043744,,
VEGETABLES,BIONA,KJ363,Grilled Peppers in Olive Oil,,5 X 190G,14.80,,3.95,,,,O,,V,5032722319677,05032722657083,,
CHOCOLATE,BOOJA-BOOJA,KB612,Fine de Champagne Truffles,,5 X 184G,48.86,1,15.69,,,,O,S,V,5060002043929,5060002043943,N,
READY MEALS (FROZEN),CLIVE'S,XL077,Tomato & Olive Shortcrust Tart,,4 X 150G,14.14,,4.70,,,,,,V,5031102002222,25031102002226,,
HOUSEHOLD PRODUCTS,D2W,NF494,Pedal Bin Liners Drawtape 20L,100% Degradable; 45x46cm,50 X 30 BAG,69.09,1,2.25,,,,,,V,5020072108409,05020072084017,,
HOUSEHOLD CLEANING PRODUCTS,ECOVER,HJ999,Stain Remover,Built in brush,9 X 200ML,19.91,1,3.55,,,,,,V,5412533002652,05412533092653,,
HERBS & SPICES - PREPACKED,SUMA,HE161,Turmeric,,6 X 40G,6.08,,1.35,,,,,,V,5017601036418,05017601036401,N,
HONEY,HILLTOP HONEY,HY075,Organic Acacia Honey,,6 X 340G,20.27,,4.49,,,,O,,,5060298573513,05060298573537,,
CAKES,LOVEMORE,BT101,Stollen Cake Slices 5 Pack,,6 X 240G,21.43,,4.79,,,G,,S,,5051777002563,05051777002570,,
PASTA SAUCES & PESTOS,MR ORGANIC,KJ328,Chilli & Garlic Pesto,,6 X 190G,17.52,,3.89,,,G,O,,V,5060178075335,5060178075397,,
BABY & CHILD FOOD,ORGANIX,BB026,Mandarin & Apple Oaty Bars,,6 X 6 X 23G,17.64,,4.79,,,,O,,,5024121497216,05024121497919,N,
TEAS,QI,TE485,Fairtrade Green Tea - Bags,Envelope; string and tagged,6 X 25BAGS,11.21,,2.49,,F,,O,,V,653783000257,065378352625,,
VEGAN YOGHURT,SOJADE,CV916,Blueberry Yoghurt,Cardboard pot,6 X 150G,4.71,,1.05,,,G,O,,V,3273221093831,13273221093838,,
FRUIT & VEGETABLE JUICES,BIONA,JU541,Orange Juice,,6 X 750ML,22.40,1,5.99,,,,O,,V,5032722318359,05032722655751,,
BODY CARE,ALTER/NATIVE BY SUMA,DY384,Conditioner - Coconut & Argan,Normal/dry hair,20L,110.00,1,0.00,,,,,,V,5017601045038,05017601045021,,
GRAINS,BIONA,QS110,Golden Rice & Lentils,,7 X 250G,18.59,,3.55,,,,O,,V,5032722319943,5032722657359,,
CHOCOLATE,BOOJA-BOOJA,KB660,Gourmet Truffle Selection No1,,4 X 289G,72.96,1,29.49,,,G,O,S,V,5060002044254,5060002044278,,
FAR EASTERN FOOD,CLEARSPRING,JP031,Yuzu Ponzu Seasoning,,6 X 150ML,25.61,,5.69,,,,O,,V,5021554001324,05021554001317,,
HOUSEHOLD PRODUCTS,D2W,NF179,Multi Purpose Bags 5L Green,100% Degradable; 178x295x365mm,10 X 50 BAGS,15.99,1,2.59,,,,,,V,5020071109758,05020072097512,,
HOUSEHOLD CLEANING PRODUCTS,ECOVER,HJ084,15L Refill Tap,,EACH,4.99,1,7.99,,,,,,V,,,,
HERBS & SPICES - PREPACKED,SUMA,HE193,Peppercorns - pink,,6 X 12G,7.88,,1.75,,,,,,V,5017601036319,05017601036302,N,
VEGAN CHEESE,HONESTLY TASTY,CV171,Blue Style Cheese,,6 X 140G,18.16,,4.05,,,,,S,V,5060709190001,,,
BISCUITS CRACKERS & CRISPBREAD,LOVEMORE,BT070,Gingerbread Santa,,6 X 160G,14.21,,3.19,,,G,,S,,5051777000873,05051777000965,,
PASTA SAUCES & PESTOS,MR ORGANIC,VF276,Cherry Tomatoes Pasta Sauce,,6 X 350G,13.92,,3.09,,,,O,,V,5060178072921,5060178072914,,
NUTS & SEEDS,BULK COMMODITIES - ORGANIC,NU109,Almonds - organic,,10 KG,117.05,,,,,,O,,V,,,,
TEAS,QI,TE112,Green Tea & Jasmine - Bags,Envelope; string and tagged,6 X 25 BAGS,17.94,,3.99,,F,,O,,V,653783000295,10653783000292,,
VEGAN YOGHURT,SOJADE,CV289,Blueberry Cherry Yoghurt,No added sugar,6 X 400G,10.80,,2.40,,,G,O,,V,3273220182413,13273220182410,,
FRUIT & VEGETABLE JUICES,BIONA,JU448,Peach; Apricot & Apple Juice,,6 X 1L,21.64,1,5.75,,,,O,,V,5032722314191,05032722651555,,
BODY CARE,ALTER/NATIVE BY SUMA,DY053,Conditioner - Coconut & Argan,Normal/dry hair,5L,31.00,1,51.99,,,,,,V,5017601043911,05017601043904,,
BISCUITS CRACKERS & CRISPBREAD,BIONA,BT004,Grissini Breadsticks - Sesame,,12 X 125G,22.73,,2.55,,,,O,,V,5032722319042,5032722656437,,
CHOCOLATE,BOOJA-BOOJA,KB667,Gourmet Truffle Selection No2,,4 X 289G,72.96,1,29.49,,,G,O,S,V,5060002044261,5060002044285,,
HOUSEHOLD CLEANING PRODUCTS,ECOLEAF BY SUMA,HJ181,Bathroom Cleaner,Green Apple,5L,9.69,1,15.49,,,,,,V,5017601046851,05017601047049,,
HOUSEHOLD PRODUCTS,D2W,NF169,Pedal Bin Liners 20L,100% Degradable; 44x46cm,50 X 30 BAG,69.09,1,2.25,,,,,,V,5020072108041,05020072080415,,
HOUSEHOLD CLEANING PRODUCTS,ECOVER,HJ011,Toilet Cleaner,Sea Breeze & Sage,6 X 750ML,11.00,1,2.95,,,,,,V,5412533003857,05412533063851,,
HERBS & SPICES - PREPACKED,SUMA,HE084,Ras-el-hanout Seasoning,,6 X 30G,6.71,,1.49,,,,,,V,5017601031918,05017601031918,N,
SUPPLEMENTS & REMEDIES,THE HERBTENDER,VM455,Calm & Collected,With Ashwagandha & Lion's Mane,1 X 60 CAPS,15.36,1,27.50,,,G,,,V,5060691520329,15060691520326,,
READY MEALS (FROZEN),LINDA MCCARTNEY,XL131,Deep Dish Country Pies,2 pies per pack,8 X 380G,16.91,,2.90,,,,,,V,5060045388384,,,
VINEGARS,MR ORGANIC,KJ492,Organic Apple Cider Vinegar,,6 X 500ML,15.02,,3.35,,,G,O,,V,5060178072761,5060178072792,,
NUTS & SEEDS,SUMA BAGGED DOWN - ORGANIC,NU082,Almonds - Organic,,2.5 KG,33.49,,,,,,O,,V,5017601009337,,,
VEGAN CHEESE,SOJADE,CV659,Le Camm'vert Vegan Cheese,,4 X 100G,17.60,,5.85,,,,O,,V,3273221117797,13273321117794,,
FRUIT & VEGETABLE JUICES,BIONA,JU269,Red Grape Juice,,6 X 750ML,18.60,1,4.95,,,,O,,V,5032722318342,05032722655744,,
BODY CARE,ALTER/NATIVE BY SUMA,DY031,Conditioner - Clear & Simple,Sensitive/For all hair types,6 X 400ML,24.00,1,7.49,,,,,,V,5017601043652,05017601043645,,
OLIVES,BIONA,KJ051,Italian Pitted Black Olives,In Brine,5 X 280G,14.04,,3.75,,,,O,,V,5032722319622,05032722657038,,
CHOCOLATE,BOOJA-BOOJA,KB129,Hazelnut Crunch Truffle Egg,,6 X 34G,50.82,1,13.59,,,G,O,S,V,5060002041727,5060002041147,N,
HOUSEHOLD CLEANING PRODUCTS,ECOLEAF BY SUMA,HJ131,Washing Up Liquid-Concentrate,Citrus Fruits,6 X 500ML,11.77,1,3.15,,,,,,V,5017601033677,05017601045489,,
HOUSEHOLD PRODUCTS,D2W,NF050,Refuse Sack Drawtape 70L,100% Degradable; 74x86cm,24 X 10 BAGS,33.64,1,2.19,,,,,,V,5020072108287,05020072082815,,
HOUSEHOLD CLEANING PRODUCTS,ECOVER,HJ069,Toilet Cleaner - Pine & Mint,,5L,10.82,1,17.39,,,,,,V,5412533000085,5412533000085,,
HERBS & SPICES - PREPACKED,SUMA,HE342,Cajun Spice,Salt Free,6 X 40G,6.71,,1.49,,,,,,V,5017601035831,05017601035824,N,
SUPPLEMENTS & REMEDIES,THE HERBTENDER,VM456,Daily Defence,With Astragalus& Super-Shrooms,1 X 60 CAPS,15.36,1,27.50,,,G,,,V,5060691520336,15060691520333,,
MEAT ALTERNATIVES(FROZEN),LINDA MCCARTNEY,XL254,Vegetarian Quarter Pounder,,9 X 227G,18.52,,2.75,,,,,,V,5014008002497,05056053309411,,
BISCUITS CRACKERS & CRISPBREAD,MR ORGANIC,BT350,Flatbread Classic,,10 X 150G,24.68,,3.29,,,,O,,V,5060178072808,5060178072815,,
NUTS & SEEDS,SUMA PREPACKS - ORGANIC,NU159,Almonds - organic,,6 X 500G,39.56,,8.79,,,,O,,V,5017601023388,05017601023371,,
VEGAN CHEESE,SOJADE,CV660,Le Camm'Vert Sage Vegan Cheese,,4 X 100G,17.60,,5.85,,,,O,,V,3273221117803,13273221117800,,
VINEGARS,RAW HEALTH,KJ129,Raw Organic Cider vinegar,Unfiltered; contains `mother',6 X 500ML,15.02,,3.35,,,,O,,V,5032722311688,05032722647985,,
BODY CARE,ALTER/NATIVE BY SUMA,DY374,Conditioner - Clear & Simple,Sensitive/for all hair types,20L,110.00,1,0.00,,,,,,V,5017601044932,05017601044925,,
OLIVES,BIONA,KJ145,Italian Pitted Green Olives,,5 X 280G,14.04,,3.75,,,,O,,V,5032722319639,5032722657045,,
COCOA,BOOJA-BOOJA,TE015,Hot Chocolate,,6 X 200G,23.40,,5.20,,,G,O,S,V,5060002044582,5060002044599,,
HOUSEHOLD CLEANING PRODUCTS,ECOLEAF BY SUMA,HJ159,Laundry Liquid-Fragrance-Free,Non Bio - 37 washes,6 X 1.5L,24.20,1,6.45,,,,,,V,5017601046899,05017601046882,,
HOUSEHOLD PRODUCTS,D2W,NF495,Refuse Sacks 70L Value Pack,100% Degradable; 71x83cm,25 X 20 BAGS,39.20,1,2.49,,,,,,V,5020072108454,05020072084512,,
HOUSEHOLD CLEANING PRODUCTS,ECOVER,HJ511,Toilet Cleaner,Pine & Mint,6 X 750ML,11.00,1,2.95,,,,,,V,5412533002287,05412533062281,,
HERBS & SPICES - PREPACKED,SUMA ORGANIC,HE368,Green Cardamom Pods - organic,,6 X 10G,8.78,,1.95,,,,O,,V,5017601036111,05017601036104,N,
SUPPLEMENTS & REMEDIES,THE HERBTENDER,VM457,Doze & Dream,With Ashwagandha & Reishi,1 X 60 CAPS,15.36,1,27.50,,,G,,,V,5060691520305,15060691520302,,
MEAT ALTERNATIVES(FROZEN),LINDA MCCARTNEY,XL130,Sausages,,8 X 270G,15.54,,2.60,,,,,,V,5056053304706,05056053307240,,
PASTA,MR ORGANIC,WT068,Vegan Formaggio & Leek Ravioli,,10 X 250G,30.75,,4.09,,,,O,,V,5060178074062,5060178074239,,
FRUIT - DRIED,BULK COMMODITIES - ORGANIC,DR043,Apricots - Organic,Whole Pitted,12.5 KG,190.63,,,,,,O,,V,,,,
VEGAN YOGHURT,SOJADE,CV123,Apple and Cinnamon Yogurt,Seasonal product,6 X 400G,14.00,,3.10,,,G,O,S,V,3273221121121,13273221121128,,
READY TO EAT FOODS (CHILLED),BIONA,CV328,Falafel Balls Mint and Sesame,,5 X 220G,17.45,,4.70,,,,O,,V,5032722314030,05032722655256,,
BODY CARE,ALTER/NATIVE BY SUMA,DY045,Conditioner - Clear & Simple,Sensitive/for all hair types,5L,31.00,1,51.99,,,,,,V,5017601043812,05017601043805,,
FRUIT - CANNED & JARRED,BIONA,KJ506,Organic Jackfruit in Water,,6 X 400G,13.65,,3.05,,,,O,,V,5032722316140,5032722653542,,
CHOCOLATE,BOOJA-BOOJA,KB594,Honeycomb Caramel Truffles,,16 X 23G,17.69,1,1.79,,,,O,S,V,5060002043875,5060002043905,N,
HOUSEHOLD CLEANING PRODUCTS,ECOLEAF BY SUMA,HJ179,Laundry Liquid-Fragrance Free,Non Bio - 500 washes,20L,47.15,1,,,,,,,V,5017601046912,5017601046912,,
HOUSEHOLD PRODUCTS,D2W,NF358,Wheelie Bin Liners 240L,100% Degradable; 119x140cm,50 X ROLLS,76.98,1,2.49,,,,,,V,5020072109703,,,
HOUSEHOLD PRODUCTS,ECOLEAF BY SUMA,NF339,Bamboo Wash Up Brush & 2 Heads,,EACH,9.37,1,14.99,,,,,,V,5017601052616,05017601052609,,
HERBS & SPICES - PREPACKED,SUMA ORGANIC,HE369,Cinnamon Sticks - organic,,6 X 15G,9.68,,2.15,,,,O,,V,5017601036432,05017601036425,N,
SUPPLEMENTS & REMEDIES,THE HERBTENDER,VM458,Focus & Clarity,With Lion's Mane & Holy Basil,1 X 60 CAPS,15.36,1,27.50,,,G,,,V,5060691520350,15060691520357,,
MEAT ALTERNATIVES(FROZEN),LINDA MCCARTNEY,XL161,Vegemince,,8 X 500G,26.06,,4.35,,,,,,V,5056053305673,05056053305680,,
BISCUITS CRACKERS & CRISPBREAD,MR ORGANIC,BT345,Flatbread with Rosemary,,10 X 150G,24.68,,3.29,,,,O,,V,5060178072822,5060178072839,,
BABY & CHILD FOOD,ORGANIX,BB019,Banana Corn Puffs,,5 X 25G,6.01,,1.35,,,,O,,V,5024121339127,05024121339929,N,
VEGAN & OAT MILK,SOJADE,SY063,Cooking Cream,,8 X 500ML,12.44,,2.09,,,G,O,,V,3273221112402,13273221112409,,
VEGAN BUTTER; MARGARINES & SPRE,BIONA,MA030,Sunflower Spread,non hydrogenated,8 X 500G,33.41,,5.55,,,,O,,V,5032722300514,05032722656772,,
BODY CARE,ALTER/NATIVE BY SUMA,DY297,Conditioner-Lavender & Vetiver,For all hair types,6 X 400ML,24.00,1,7.49,,,,,,V,5017601050858,05017601050841,,
FAR EASTERN FOOD,BIONA,KJ149,Kimchi - Hot & Chunky,,6 X 350G,24.60,,5.49,,,G,O,,V,5032722320307,5032722657779,,
CHOCOLATE,BOOJA-BOOJA,ZX874,Hazelnut Crunch,Chocolate Truffles,8 X 92G,37.80,1,7.59,,,G,O,S,V,5060002043165,5060002043202,N,
HOUSEHOLD CLEANING PRODUCTS,ECOLEAF BY SUMA,HJ174,Laundry Liquid-Fragrance-Free,Non Bio - 125 washes,5L,14.59,1,23.35,,,,,,V,5017601046936,05017601047087,,
HOUSEHOLD PRODUCTS,D2W,NF359,Clear Extra Large Sacks,100% Degradable; 735x990mm,20 X 10 SACK,33.99,1,2.75,,,,,,V,502007210886,05020072088619,,
HOUSEHOLD CLEANING PRODUCTS,ECOVER,HJ037,Washing Up Liquid,Chamomile & Clementine,15L,29.17,1,,,,,,,V,5412533007169,,,
HERBS & SPICES - PREPACKED,SUMA ORGANIC,HE377,Dill Herb - organic,,6 X 15G,8.78,,1.95,,,,O,,V,5017601036456,05017601036449,N,
VEGAN CHEESE,HONESTLY TASTY,CV189,Garlic & Herb Style Cheese,,6 X 130G,13.36,,2.95,,,,,S,V,5060709190032,15060709190039,,
BEANS & PULSES - CANNED,SUMA ORGANIC,VF785,Chickpeas - Organic,,6 X 2.6KG,22.49,,4.99,,,,O,,V,5017601028376,05017601028369,,
PASTA SAUCES & PESTOS,ORGANICO,VF032,Vegetable Bolognese - Organic,,6 X 350G,15.75,,3.50,,,G,O,S,V,5034210000197,15034210000194,,
DESSERTS & PUDDINGS (CHILLED),SOJADE,CV445,La Fraiche Creme,,6 X 200G,8.10,,1.79,,,G,O,,V,3273221114079,13273221114076,,
ADS (CHILLED),,,,,,,,,,,,,,,,,,
BODY CARE,ALTER/NATIVE BY SUMA,DY308,Conditioner-Lavender & Vetiver,For all hair types,5L,31.00,1,51.99,,,,,,V,5017601050872,05017601050865,,
BEANS & PULSES - CANNED,BIONA,LJ167,Brown Lentil Curry,,6 X 400G,10.00,,2.19,,,,O,,V,5032722316027,5032722653429,,
CHOCOLATE,BOOJA-BOOJA,KB718,Honeycomb Caramel Truffle,,8 X 92G,37.80,1,7.59,,,G,O,S,V,5060002043677,5060002043714,N,
HOUSEHOLD CLEANING PRODUCTS,ECOLEAF BY SUMA,HJ124,Liquid Hand Soap-Grapefruit,Grapefruit & Mandarin,5L,13.77,1,21.99,,,,,,V,5017601038399,05017601038382,,
JAMS & FRUIT SPREADS,ST DALFOUR,JS002,Apple & Cinnamon Spread,,6 X 284G,13.63,,3.05,,,,,,V,5014271002699,15014271002696,,
HOUSEHOLD CLEANING PRODUCTS,ECOVER,HJ033,Washing Up Liquid,Chamomile & Clementine,5L,12.22,1,19.49,,,,,,V,5412533000054,05412533040050,,
HERBS & SPICES - PREPACKED,SUMA ORGANIC,HE384,Nutmeg - Ground,,6 X 20G,10.13,,2.25,,,,O,,V,5017601036470,05017601036463,N,
HERB & FRUIT TEA INFUSIONS,HEATH AND HEATHER,TE296,Night Time Tea,string; tag and envelope,6 X 20 BAGS,15.89,,3.55,,,,O,,V,5055486007154,15055486006314,,
CONVENIENCE FOODS,LOMA LINDA,VF033,Jamaican Jerk Bowl,,6 X 284G,12.60,,2.79,,,G,,S,V,1230000037372,11230000037379,,
PASTA,ORGRAN,WT078,Buckwheat Pasta Spirals,,5 X 350G,14.96,,3.99,,,G,,,V,720516025785,20720516025789,,
VEGAN YOGHURT,SOJADE,CV876,Greek Style Yoghurt,Thick and creamy,6 X 400G,9.09,,2.05,,,G,O,,V,3273220182574,13273220182571,,
TOOTH CARE,KINGFISHER,DY111,Toothpaste Fennel,contains fluoride,12 X 100ML,27.69,1,3.69,,,G,,,V,5016912061140,05016912999924,,
MEAT ALTERNATIVES (CHILLED),BIONA,CV745,Sweet Potato Buckwheat Burger,,8 X 160G,28.52,,4.75,,,,O,,V,5032722316034,05032722683436,,
BODY CARE,ALTER/NATIVE BY SUMA,DY043,Conditioner - Pink Grapefruit,Normal/oily hair,6 X 400ML,24.00,1,7.49,,,,,,V,5017601043799,05017601043782,,
MAYONNAISE & SALAD DRESSINGS,BIONA,KJ401,Mayo - Egg & Soya Free,Not batch tested GF.With agave,6 X 230G,15.93,,3.55,,,,O,,V,5032722315358,05032722652750,,
CHOCOLATE,BOOJA-BOOJA,WS147,Honeycomb Caramel Easter Egg,,6 X 34G,50.82,1,13.59,,,,O,S,V,5060002043813,5060002043844,,
HOUSEHOLD CLEANING PRODUCTS,ECOLEAF BY SUMA,HJ343,Liquid Hand Soap-Grapefruit,Grapefruit & Mandarin,20L,42.13,1,,,,,,,V,5017601042662,5017601042662,,
JAMS & FRUIT SPREADS,ST DALFOUR,JS051,Apricot Spread,,6 X 284G,13.63,,3.05,,,,,,V,5014271300429,05014271300436,,
HOUSEHOLD CLEANING PRODUCTS,ECOVER,HJ091,Window Cleaner,Green Tea & Grapefruit,6 X 500ML,16.15,1,4.29,,,,,,V,5412533421958,05412533421965,,
HERBS & SPICES - PREPACKED,SUMA,HE330,Asafoetida Compound,,6 X 15G,6.71,,1.49,,,,,,V,5017601049258,05017601049241,N,
HERB & FRUIT TEA INFUSIONS,HEATH AND HEATHER,TE096,Apple & Cinnamon,string; tag and envelope,6 X 20 BAGS,13.19,,2.95,,,,O,,V,5060123609691,15055486006116,,
CONVENIENCE FOODS,LOMA LINDA,VF013,Taco Filling,,6 X 284G,12.60,,2.79,,,G,,S,V,1230000037365,11230000037362,,
GRAINS,BULK COMMODITIES - ORGANIC,QS116,Buckwheat - unroasted; organic,,25 KG,53.95,,,,,,O,,V,,,,06 OCT 25
DRINKS (CHILLED),SOJADE,CV264,Blueberry & Cherry Kefir,,6 X 250ML,8.55,,1.90,,,,O,,V,3273227082938,13273221115769,,
TOOTH CARE,KINGFISHER,DY800,Toothpaste Fennel FluorideFree,fluoride free,12 X 100 ML,27.69,1,3.69,,,G,,,V,5016912212870,05016912999979,,
MEAT ALTERNATIVES (CHILLED),TAIFUN,CV010,Weiner/Frankfurters,,6 X 300G,29.13,,6.50,,,,O,,V,4012359133007,04012359133021,,
BODY CARE,ALTER/NATIVE BY SUMA,DY386,Conditioner - Pink Grapefruit,Normal/oily hair,20L,110.00,1,,,,,,,V,5017601045076,05017601045069,,
CHOCOLATE,BOOJA-BOOJA,WS020,Hazel Cherry Bakewell Truffles,winter special,8 X 92G,37.80,1,7.59,,,G,O,S,V,5060002044568,5060002044575,,
HOUSEHOLD CLEANING PRODUCTS,ECOLEAF BY SUMA,HJ096,Liquid Hand Soap-Grapefruit,Grapefruit & Mandarin,6 X 500ML,16.29,1,4.35,,,,,,V,5017601038375,05017601038368,,
JAMS & FRUIT SPREADS,ST DALFOUR,JS063,Blackberry Spread,,6 X 284G,13.63,,3.05,,,,,,V,5014271320427,05014271320434,,
HOUSEHOLD CLEANING PRODUCTS,ECOLEAF BY SUMA,BK015,Sticker - For Store Windows,Ecoleaf by Suma 'In-Store',EACH,0.00,,,,,,,,V,,,,
HERBS & SPICES - PREPACKED,SUMA,HE133,Basil - rubbed,,6 X 20G,6.08,,1.35,,,,,,V,5017601007173,05017601011071,N,
HERB & FRUIT TEA INFUSIONS,HEATH AND HEATHER,TE665,Camomile,string; tag and envelope,6 X 20 BAGS,13.19,,2.95,,,,O,,V,5060123609455,15060123607328,,
CONVENIENCE FOODS,LOMA LINDA,VF028,Thai Green Curry,,6 X 284G,12.60,,2.79,,,G,,S,V,1230000037068,11230000037065,,
GRAINS,SUMA BAGGED DOWN - ORGANIC,QS040,Buckwheat - unroasted; organic,,5 KG,15.95,,,,,,O,,V,5017601008279,,,
VEGAN YOGHURT,SOJADE,CV915,Peach and Mango Yoghurt,Cardboard pot,6 X 150G,4.70,,1.05,,,G,O,,V,3273221093824,13273221093821,,
TOOTH CARE,KINGFISHER,DY190,Toothpaste Mint,contains fluoride,12 X 100ML,27.69,1,3.69,,,G,,,V,5016912054531,05016912999986,,
MEAT ALTERNATIVES (CHILLED),TAIFUN,CV011,Grill Sausages,,6 X 250G,25.03,,5.59,,,,O,,V,4012359130006,04012359130020,,
BODY CARE,ALTER/NATIVE BY SUMA,DY057,Conditioner - Pink Grapefruit,Normal/oily hair,5L,31.00,1,51.99,,,,,,V,5017601043959,05017601043942,,
CHOCOLATE,BOOJA-BOOJA,KB795,Large Champagne Truffle Egg,,4 X 138G,75.59,1,30.99,,,G,O,S,V,5060002041093,5060002042045,N,
TEAS,CLEARSPRING,JP010,Matcha Sencha Green Tea (bags),,4 X 20BAGS,11.97,,3.99,,,,O,,V,5021554001614,05021554001607,,
CANDLES; INCENSE & HOLDERS,DALIT GOODS,NF316,Black & Gold Bauble Set - 5,Black & Gold hand painted,1 X 5,20.50,1,34.99,,,,,,V,5017601052432,05017601052425,,
HOUSEHOLD PRODUCTS,LOOFCO,HJ058,Washing-Up Brush,Made from coir fibre,6 X 1,9.26,1,2.45,,,,,,V,5060175850539,15060175850536,,
HERBS & SPICES - PREPACKED,SUMA,HE135,Caraway Seeds,,6 X 50G,7.88,,1.75,,,,,,V,5017601008033,05017601010371,N,
CONVENIENCE FOODS,LOMA LINDA,VF026,Tuno - Thai Sweet Chilli,Plant Based Protein,12 X 142G,18.00,,1.99,,,G,,S,V,1230000037112,21230000037116,,
NUTS & SEEDS,SUMA BAGGED DOWN - ORGANIC,NU074,Cashew Nuts - Whole Organic,,2.5 KG,35.45,,,,,,O,,V,5017601009344,,,
DRINKS (CHILLED),SOJADE,CV268,Natural Organic Soya Kefir,,6 X 250ML,7.38,,1.65,,,,O,,V,3273227082821,13273221115752,,
TOOTH CARE,KINGFISHER,DY529,Toothpaste Mint Fluoride Free,fluoride free,12 X 100ML,27.69,1,3.69,,,G,,,V,5016912051158,05016912999917,,
FRUIT & VEGETABLE JUICES,BIONA,JU130,Tart Cherry Juice,Pure Juice,6 X 1L,29.24,1,7.79,,,,O,,V,5032722311541,05032722647848,,
BODY CARE,ALTER/NATIVE BY SUMA,DY037,Conditioner - Patchouli,For all hair types,6 X 400ML,24.00,1,7.49,,,,,,V,5017601043713,05017601043706,,
CHOCOLATE,BOOJA-BOOJA,KB985,Large Hazelnut Truffle Egg,,4 X 138G,75.59,1,30.99,,,G,O,S,V,5060002041505,5060002042021,,
FAR EASTERN FOOD,CLEARSPRING,JP135,Rice Mirin,,6 X 150ML,20.65,,4.49,,,,O,,V,5021554005476,05021554005483,,
JAMS & FRUIT SPREADS,ST DALFOUR,JS060,Wild Blueberry Spread,,6 X 284G,13.63,,3.05,,,,,,V,5014271330426,05014271330433,,
HOUSEHOLD CLEANING PRODUCTS,ECOVER,HJ031,Washing Up Liquid,Chamomile & Clementine,8 X 950ML,22.11,1,4.45,,,,,,V,5412533417036,05412533417043,,
HERBS & SPICES - PREPACKED,SUMA,HE138,Chilli - ground,,6 X 50G,6.71,,1.49,,,,,,V,5017601007999,05017601010418,N,
CONVENIENCE FOODS,LOMA LINDA,VF016,Tikka Masala,,6 X 284G,12.60,,2.79,,,G,,S,V,1230000037044,11230000037041,,
NUTS & SEEDS,SUMA BAGGED DOWN - ORGANIC,NU115,Chia Seeds; Black - organic,,1 KG,5.99,,,,,,O,,V,5017601046271,,,
TEAS,QI,TE114,Fairtrade White Tea - Bags,Envelope; string and tagged,6 X 25 BAGS,12.54,,2.79,,F,,O,,V,653783000288,065378313923,,
VEGAN & OAT MILK,SOJADE,SY062,High Protein Drink,Plant Based,8 X 750ML,11.03,,1.85,,,G,O,,V,3273221115588,13273221115585,,
BODY CARE,TOURE,DY711,Organic Shea Butter,Shea Butter,6 X 100G,34.00,1,9.99,,,,O,,V,5060899980017,,,
FRUIT & VEGETABLE JUICES,BIONA,JU289,Tomato Juice,,6 X 750ML,14.80,1,3.95,,,,O,,V,5032722318335,05032722655737,,
BODY CARE,ALTER/NATIVE BY SUMA,DY049,Conditioner - Patchouli,For all hair types,5L,31.00,1,51.99,,,,,,V,5017601043874,05017601043867,,
CHOCOLATE,BOOJA-BOOJA,KB633,Hazelnut Crunch Truffle Logs,,8 X 115G,57.31,1,11.49,,,G,O,S,V,5060002044179,5060002044216,,
CRISPS & SNACKS,CLEARSPRING,JP073,Seaveg Crispies - Chilli,,20 X 4G,16.79,,1.11,,,G,O,,V,5021554005315,05021554005322,,
JAMS & FRUIT SPREADS,ST DALFOUR,JS064,Black Cherry Spread,,6 X 284G,13.63,,3.05,,,G,,,V,5014271310428,05014271310435,,
HOUSEHOLD CLEANING PRODUCTS,ECOVER,HJ034,Washing Up Liquid,Lemon & Aloe Vera,15L,29.17,1,,,,,,,V,5412533007152,,,
HERBS & SPICES - PREPACKED,SUMA,HE146,Marjoram,,6 X 10G,6.08,,1.35,,,,,,V,5017601007074,05017601011170,N,
CONVENIENCE FOODS,LOMA LINDA,VF246,Tuno - Mild Curry,Plant based protein,12 X 142G,18.00,,1.99,,,G,,,V,1230000037358,11230000037355,,
NUTS & SEEDS,BULK COMMODITIES - ORGANIC,NU114,Chia Seeds; Black - organic,,25 KG,132.47,,,,,,O,,V,,,,03 SEP 25
TEAS,QUIRKY MONKEY,TE510,Assam Breakfast Tea w/Mushroom,Lion's Mane. Teabags.,6 X 30G,35.94,,7.99,,,G,,,V,5070002037552,15070002037559,,
VEGAN YOGHURT,SOJADE,CV356,Raspberry Skyr Yoghurt,High Protein,6 X 400G,12.73,,2.85,,,,O,S,V,3273221115922,13273221115929,,
BODY CARE,TOURE,DY712,Organic Shea Coconut,Shea Butter & Coconut Oil,6 X 100G,34.00,1,9.99,,,,O,,V,5060899980048,,,
PICKLES; CHUTNEYS & MUSTARDS,BIONA,KJ254,Organic Wholegrain Mustard,,6 X 200G,15.93,,3.54,,,,O,,V,5032722319776,05032722657182,,
BODY CARE,ALTER/NATIVE BY SUMA,DY042,Conditioner - Rose & Geranium,Damaged/coloured hair,6 X 400ML,24.00,1,7.49,,,,,,V,5017601043775,05017601043768,,
VEGAN DESSERTS,BOOJA-BOOJA,XL023,Mango & Raspberry Ice Cream,,6 X 465ML,22.08,1,5.90,,,G,O,S,V,5060002043998,5060002044063,,
CRISPS & SNACKS,CLEARSPRING,JP158,Seaveg Crispies - Ginger,,20 X 4G,16.45,,1.11,,,G,O,,V,5021554005353,05021554005360,,
SOFT DRINKS,DALSTON'S,JU163,Sparkling Cherry,,24 X 330ML,17.39,1,1.19,,,G,,,V,5060494810115,15060494810112,,
HOUSEHOLD CLEANING PRODUCTS,ECOVER,HJ045,Washing Up Liquid,Lemon & Aloe Vera,5L,12.22,1,19.49,,,,,,V,5412533001655,05412533041651,,
HERBS & SPICES - PREPACKED,SUMA,HE147,Mixed Herbs,,6 X 20G,6.08,,1.35,,,,,,V,5017601007197,05017601011057,N,
CONVENIENCE FOODS,LOMA LINDA,VF022,Tuno Mayo,Plant based protein,12 X 142G,18.00,,1.99,,,G,,S,V,1230000037136,11230000037133,,
NUTS & SEEDS,SUMA PREPACKS - ORGANIC,NU120,Chia Seeds; Black - organic,,6 X 250G,10.13,,2.25,,,,O,,V,5017601046295,05017601046288,,
COCOA,QUIRKY MONKEY,TE091,Mushroom Hot Chocolate Gift,2 x Hot Chocs in gift box,1 X 2X150G,24.00,,31.99,,,,,,V,5065022331025,5065022331025,,
VEGAN YOGHURT,SOJADE,CV348,Natural Skyr Yoghurt,High Protein,6 X 400G,9.95,,2.20,,,,O,,V,3273221115670,13273221115677,,
BODY CARE,TOURE,DY714,Organic Shea Cocoa,Shea Butter & Cocoa Butter,6 X 100G,34.00,1,9.99,,,,O,,V,5060899980079,,,
BODY CARE,WILD,DY109,Deodorant Aqua Case F\Cotton,With Fresh Cotton Deodorant,8 X 40G,64.25,1,13.00,,,,,,V,5065003990524,15065003990521,,
BODY CARE,ALTER/NATIVE BY SUMA,DY385,Conditioner - Rose & Geranium,Damaged/coloured hair,20L,110.00,1,,,,,,,V,5017601045052,05017601045045,,
CHOCOLATE,BOOJA-BOOJA,KB595,Orange Chocolate Truffles,,16 X 23G,17.69,1,1.79,,,,O,S,V,5060002043851,5060002043882,N,
CRISPS & SNACKS,CLEARSPRING,JP082,Seaveg Crispies - Original,,20 X 4G,16.79,,1.11,,,G,O,,V,5021554005278,05021554005285,,
VEGETABLES,ST DALFOUR,VF112,Whole Chestnuts,Ready to eat,6 X 200G,21.03,,4.69,,,,,,V,5014271797120,15014271797134,,
HERBS & SPICES - PREPACKED,SUMA,HE149,Mustard Seeds - black,,6 X 50G,6.08,,1.35,,,,,,V,5017601007876,05017601010531,N,
CONVENIENCE FOODS,LOMA LINDA,VF035,Tuno - In Spring Water,Plant based protein,12 X 142G,18.00,,1.99,,,G,,,V,1230000037129,11230000037126,,
FRUIT - DRIED,BULK COMMODITIES - ORGANIC,DR044,Figs; Whole Lerida - Organic,Whole,10 KG,110.83,,,,,,O,,V,,,,
COFFEE,QUIRKY MONKEY,TE087,Mushroom Coffee Gift Set,2 x Mushroom coffees per set,1 X 2X150G,22.50,,29.99,,,,,,V,5065022331018,5065022331018,,
VEGAN YOGHURT,SOJADE,CV917,Strawberry Yoghurt,Cardboard pot,6 X 150G,4.70,,1.05,,,G,O,,V,3273221093817,13273221093814,,
BODY CARE,TOURE,DY713,Organic Shea Lavender,Shea Butter & Lavender Oil,6 X 100G,34.00,1,9.99,,,,O,,V,5060899980055,,,
BODY CARE,WILD,DY010,Deodorant Black Case F\Cotton,wild case and deo pack in SRP,8 X 40G,64.25,1,13.00,,,,,,V,5065003990098,15065003990095,,
BODY CARE,ALTER/NATIVE BY SUMA,DY055,Conditioner - Rose & Geranium,Damaged/coloured hair,5L,31.00,1,51.99,,,,,,V,5017601043935,05017601043928,,
CHOCOLATE,BOOJA-BOOJA,KB648,Chocolate Orange Truffle Logs,,8 X 115G,57.31,1,11.49,,,G,O,S,V,5060002044193,5060002044230,,
CRISPS & SNACKS,CLEARSPRING,JP035,Seaveg Crispies - Turmeric,,20 X 4G,16.79,,1.11,,,G,O,,V,5021554005391,05021554005407,,
JAMS & FRUIT SPREADS,ST DALFOUR,JS009,Cranberry & Blueberry,,6 X 284G,13.63,,3.05,,,,,,V,5014271795652,05014271745329,,
HERBS & SPICES - PREPACKED,SUMA,HE151,Oregano - rubbed,,6 X 20G,6.08,,1.35,,,,,,V,5017601007210,05017601011033,N,
COFFEE,LONDON NOOTROPICS,TE120,Flow Coffee w/Lion's Mane,12 sachets in gifting box,1 X 12 SACH,8.19,,12.75,,,,,,V,,5065005626209,,
TABLE SAUCES,MR ORGANIC,KJ050,Italian Organic Ketchup,,6 X 480G,15.71,,3.49,,,,O,S,V,5060178070149,5060178070545,,
BISCUITS CRACKERS & CRISPBREAD,ORGANICO,BT061,Flaxseed Grissini,,12 X 120G,25.66,,2.89,,,,O,,V,5034210140046,05034210910540,,
TEAS,QUIRKY MONKEY,TE511,Chamomile Tea w/Mushrooms-bags,Reishi,6 X 30G,35.94,,7.99,,,G,,,V,5065022331001,15065022331008,,
DESSERTS,THE BRIDGE,SY258,Vanilla Soya Dessert,,6 X 2X130ML,10.44,,2.35,,,G,O,S,V,8019428009139,18019428009136,,
CRISPS & SNACKS,TRAFO,ZX616,Salt & Vinegar Crisps,,12 X 125G,24.09,1,3.29,,,,O,,V,8718754502115,18787545100042,N,
BODY CARE,WILD,DY504,Deodorant Refill Cherry,cherry blossom,8 X 40G,29.95,1,6.00,,,,,,V,5060968411565,15060968411562,,
BODY CARE,ALTER/NATIVE BY SUMA,DY036,Conditioner - Tea Tree & Aloe,Normal/oily hair,6 X 400ML,24.00,1,7.49,,,,,,V,5017601043690,05017601043683,,
CHOCOLATE,BOOJA-BOOJA,WS014,Orange Scrunch Choc Wonders,winter special,8 X 65G,15.60,1,3.15,,,G,O,S,V,5060002044544,5060002044551,,
CRISPS & SNACKS,CLEARSPRING,JP085,Seaveg Crispies Multipack-Chil,,6 X 5 X 4G,19.51,,4.24,,,G,O,,V,5021554005339,05021554005346,,
JAMS & FRUIT SPREADS,ST DALFOUR,JS062,Blackcurrant Spread,,6 X 284G,13.63,,3.05,,,,,,V,5014271340425,05014271340432,,
HERBS & SPICES - PREPACKED,SUMA,HE153,Parsley - rubbed,,6 X 15G,6.08,,1.35,,,,,,V,5017601007111,05017601011132,N,
COFFEE,LONDON NOOTROPICS,TE175,Mojo Coffee-Cordyceps &Ginseng,12 sachets in gifting box,1 X 12 SACH,8.19,,12.75,,,,,,V,,5065005626223,,
PASTA SAUCES & PESTOS,MR ORGANIC,KJ147,Pasta Sauce - Kids,Carrot; Sw't Potato; Courgette,6 X 200G,9.13,,2.05,,,,O,,V,5060178073157,5060178073164,,
PASTA,ORGRAN,WT005,Garden Veggies Spirals,,5 X 350G,14.96,,3.99,,,G,,,V,720516026317,20720516026311,,
TEAS,QUIRKY MONKEY,TE508,Green Tea w/Mushroom - bags,Lion's Mane & Cordyceps,6 X 30G,35.94,,7.99,,,G,,,V,5070002037590,15070002037597,,
VEGAN YOGHURT,SOJADE,CV724,Lemon Yoghurt,Contains Bifidus Culture,6 X 400G,9.55,,2.15,,,G,O,S,V,3273220182147,13273220182144,,
CRISPS & SNACKS,TRAFO,ZX626,Virgin Olive Oil Crisps,Lightly Salted,12 X 100G,37.09,1,4.99,,,,O,,V,8718754502214,8718754502221,N,
BODY CARE,WILD,DY346,Deodorant Refill Cedar,Cedar & Sandalwood,8 X 40G,29.95,1,6.00,,,,,,V,5060968414535,15060968414532,,
BODY CARE,ALTER/NATIVE BY SUMA,DY047,Conditioner - Tea Tree & Aloe,Normal/oily hair,5L,31.00,1,51.99,,,,,,V,5017601043850,05017601043843,,
CHOCOLATE,BOOJA-BOOJA,KB602,Salted Caramel Choc Truffles,,16 X 23G,17.69,1,1.79,,,,O,S,V,5060002043868,5060002043899,N,
CRISPS & SNACKS,CLEARSPRING,JP083,Seaveg Crispies Multipack-Orig,,6 X 5 X 4G,19.51,,4.24,,,G,O,,V,5021554005292,05021554005308,,
SOFT DRINKS,DALSTON'S,JU166,Sparkling Elderflower,,24 X 330ML,17.39,1,1.19,,,G,,,V,5060494810160,15060494810167,,
HERBS & SPICES - PREPACKED,SUMA,HE154,Peppercorns - black,,6 X 30G,7.88,,1.75,,,,,,V,5017601007814,00501760100784,N,
COFFEE,LONDON NOOTROPICS,TE186,Coffee Selection Box - all 3,Zen/Mojo/Flow x 4 in gift box,1 X 12 SACH,8.19,,12.75,,,,,,V,,5065005626230,,
PASTA SAUCES & PESTOS,MR ORGANIC,VF278,Roasted Garlic Pasta Sauce,Marinara Pasta Sauce,6 X 350G,13.92,,3.09,,,,O,,V,5060178073713,5060178073720,,
NUTS & SEEDS,SUMA BAGGED DOWN - ORGANIC,NU081,Hazelnuts - Organic,,2.5 KG,41.45,,,,,,O,,V,5017601009351,,,
MEAT ALTERNATIVES(FROZEN),QUORN,XL056,Chicken Style Pieces,,12 X 300G,35.94,,3.99,,,,,,,5019503002133,05019503002140,,
VEGAN YOGHURT,SOJADE,CV723,Vanilla Yoghurt,Contains Bifidus Culture,6 X 400G,9.55,,2.15,,,G,O,S,V,3273220184981,13273220184988,,
CRISPS & SNACKS,TRAFO,ZX625,Coconut Oil Baked Crisps,Lightly Salted,12 X 100G,26.91,1,3.59,,,,O,,V,8718754502191,8718754502207,N,
BODY CARE,WILD,DY355,Deodorant Sensitive Cherry,Cherry Blossom Refill,8 X 40G,29.95,1,6.00,,,,,,V,5060968411695,15060968411692,,
BODY CARE,ALTER/NATIVE BY SUMA,DY476,Boxed Soap Coconut Milk& Ylang,Moisturising - with oatmeal,6 X 95G,11.82,1,3.15,,,,,,V,5017601039297,05017601039280,,
PICKLES; CHUTNEYS & MUSTARDS,BIONA,KJ076,Mustard Medium Hot,,6 X 300ML,13.20,,2.95,,,,O,,V,5032722318892,5032722656284,,
CHOCOLATE,BOOJA-BOOJA,KB605,Salted Caramel Choc Truffles,,5 X 184G,48.86,1,15.69,,,,O,S,V,5060002043912,5060002043936,N,
JAMS & FRUIT SPREADS,ST DALFOUR,JS068,Fig Spread,,6 X 284G,13.63,,3.05,,,,,,V,5014271794013,05014271744742,,
HERBS & SPICES - PREPACKED,SUMA,HE157,Rosemary,,6 X 20G,6.08,,1.35,,,,,,V,5017601007234,05017601011019,N,
COFFEE,LONDON NOOTROPICS,TE128,Zen Coffee With Ashwagandha,12 sachets in gifting box,1 X 12 SACH,8.19,,12.75,,,,,,V,,5065005626216,,
PASTA SAUCES & PESTOS,MR ORGANIC,KJ239,Mixed Herbs Passata,,6 X 400G,9.53,,2.15,,,,O,,V,5060178073843,5060178073836,,
NUTS & SEEDS,BULK COMMODITIES - ORGANIC,NU301,Hazelnuts - organic,,25 KG,447.73,,,,,,O,,V,,,,24 SEP 25
MEAT ALTERNATIVES(FROZEN),QUORN,XL060,Garlic & Herb Fillets,,12 X 200G,39.51,,4.39,,,,,,,5019503002096,05019503002355,,
CLOTHING,SOLMATE SOCKS,NF143,Evergreen Cotton Socks - Med,adult cotton crew,PAIR,10.40,1,16.99,,,,,,V,815029005345,,,
CRISPS & SNACKS,TRAFO,ZX624,Vegetable Chips,Beetroot;Parsnip;Carrot,12 X 75G,27.65,,3.09,,,,O,,V,8718754501972,8718754501989,N,
BODY CARE,WILD,DY184,Deodorant Refill C\Nut Vanilla,Coconut&Vanilla. Plastic Free,8 X 40G,29.95,1,6.00,,,,,,V,5065003990579,15065003990576,,
BODY CARE,ALTER/NATIVE BY SUMA,DY710,@Bambuu Cotton Buds,125 Pieces per box,EACH,1.38,1,2.20,,,,,,V,5017601052012,05017601052005,,
OILS & FATS,BIONA,GT061,Mild / Odourless Coconut Oil,,6 X 470ML,26.89,,5.99,,,,O,,V,5032722313583,05032722650862,,
CHOCOLATE,BOOJA-BOOJA,WS149,Large Salted Caramel Egg,,4 X 138G,75.59,1,30.99,,,,O,S,V,5060002043790,5060002043820,,
JAMS & FRUIT SPREADS,ST DALFOUR,JS067,Four Fruits Spread,,6 X 284G,13.63,,3.05,,,,,,V,5014271350424,05014271350431,,
HERBS & SPICES - PREPACKED,SUMA,HE158,Sage - rubbed,,6 X 25G,6.08,,1.35,,,,,,V,5017601005605,05017601010890,N,
HERB & FRUIT TEA INFUSIONS,HEATH AND HEATHER,TE160,Dandelion;Burdock & Hawthorn,String; tag and envelope,6 X 20 BAGS,13.19,,2.95,,,,O,,V,5060123609738,15055486006154,,
HOUSEHOLD PRODUCTS,LOOFCO,NF166,Back Scrubber,Made from Loofah Plant,4 X SINGLE,10.69,1,4.25,,,,,,V,5060175851246,15060175851243,,
BISCUITS CRACKERS & CRISPBREAD,MR ORGANIC,ZX219,Orange Biscuits/Cocoa Beans,,12 X 250G,25.40,,2.79,,,,O,S,V,5060178073324,5060178073782,,
FRUIT - DRIED,SUMA BAGGED DOWN - ORGANIC,DR036,Mango - organic,,1 KG,17.99,,,,,,O,,V,5017601047773,,,
MEAT ALTERNATIVES(FROZEN),QUORN,XL058,Quorn Mince,,12 X 300G,35.94,,3.99,,,,,S,,5019503002157,05019503002164,,
CLOTHING,SOLMATE SOCKS,NF155,Nutmeg Cotton Socks - Large,adult cotton crew,PAIR,10.40,1,16.99,,,,,,V,815029007158,,,
CRISPS & SNACKS,TRAFO,ZX575,Vegetable Chips Sweet Potato,,6 X 80G,17.50,,3.89,,,,O,,V,8718754502726,8718754506519,N,
BODY CARE,WILD,DY142,Deodorant Refill Cot. Sea Salt,Fresh Cotton & Sea Salt,8 X 40G,29.95,1,6.00,,,,,,V,5065003990555,,,
BODY CARE,ALTER/NATIVE BY SUMA,DY609,Travel Soap Tin - Double Size,Al tin with 2 drainage inserts,1 X TIN,3.65,1,5.95,,,,,,V,5017601050575,05017601050568,,
VEGAN & OAT MILK,BIONA,VF103,Coconut Milk Powder,,12 X 150G,30.96,,3.45,,,,O,,V,5032722315440,05032722652842,,
CHOCOLATE,BOOJA-BOOJA,WS245,Salted Caramel Truffle Loglets,,8 X 115G,57.32,1,11.59,,,G,O,S,V,5060002044353,5060002044377,,
SOFT DRINKS,DALSTON'S,JU162,Ginger Beer,,24 X 330ML,17.39,1,1.19,,,G,,,V,5060494810108,15060494810105,,
HERBS & SPICES - PREPACKED,SUMA,HE160,Thyme - rubbed,,6 X 30G,6.71,,1.49,,,,,,V,5017601005391,05017601010814,N,
HERB & FRUIT TEA INFUSIONS,HEATH AND HEATHER,TE681,Fennel,string; tag and envelope,6 X 20 BAGS,13.19,,2.95,,,,O,,V,5060123609479,15060123607403,,
HOUSEHOLD PRODUCTS,LOOFCO,NF206,Kitchen Cloth 2 Pack,Unbleached Cotton 20x30cm,6 X 2 PACK,12.75,1,3.39,,,,,,V,5060175851215,15060175851212,,
TOMATOES & TOMATO PRODUCTS,MR ORGANIC,KJ071,Italian Tomato Puree,,6 X 200G,9.15,,2.05,,,,O,,V,5060178070101,5060178070514,,
FRUIT - DRIED,BULK COMMODITIES - ORGANIC,DR035,Mango - Organic,Half Strips,20 KG,255.80,,,,,,O,,V,,,,
MEAT ALTERNATIVES(FROZEN),QUORN,XL062,Family Roast (Chicken Style),,8 X 454G,39.88,,6.65,,,,,,,5019503005875,05019503017847,,
CLOTHING,SOLMATE SOCKS,NF162,Petunia Cotton Socks - Medium,adult cotton crew,PAIR,10.40,1,16.99,,,,,,V,815029000814,,,
CRISPS & SNACKS,TRAFO,BT250,Sea Salt & Black Pepper Crisps,Thick Cut,15 X 40G,15.00,1,1.59,,,,O,,V,8718754502276,8718754502283,N,
BODY CARE,WILD,DY348,Deodorant Sensitive Cotton,Cotton & Sea Salt Refill,8 X 40G,29.95,1,6.00,,,,,,V,5060968411671,15060968411678,,
BODY CARE,ALTER/NATIVE BY SUMA,DY661,Skincare-Pink Clay Cleanser,With rose/geranium& orange oil,6 X 95G,12.18,1,3.25,,,,,,V,5017601047834,05017601047827,,
SUGARS & SYRUPS,BIONA,HY011,Pure Maple Syrup Amber Grade A,,6 X 1L,106.31,,23.65,,,,O,,V,5032722319721,05032722657137,,
CHOCOLATE,BOOJA-BOOJA,WS244,Rasberry Scrunch Truffle Loglt,,8 X 115G,57.32,1,11.59,,,G,O,S,V,5060002044360,5060002044384,,
CANDLES; INCENSE & HOLDERS,DALIT GOODS,NF049,Gold Bauble Set - 5 Pieces,Red/gold hand painted birds,1 X 5,20.50,1,34.99,,,,,,V,5017601049050,05017601049043,,
HERBS & SPICES - PREPACKED,SUMA,HE165,Bouquet Garni,,6 X 6 SACHET,6.08,,1.35,,,,,,V,5017601007036,05017601011217,N,
HERB & FRUIT TEA INFUSIONS,HEATH AND HEATHER,TE295,Morning Time,string; tag and envelope,6 X 20 BAGS,15.89,,3.55,,,,O,,V,5055486007147,15055486006307,,
HOUSEHOLD PRODUCTS,LOOFCO,HJ382,Washing Up Slim Pad 4 Pack,,5 X 4PK,13.18,1,4.20,,,,,,V,15060175851335,5060175851338,,
PASTA SAUCES & PESTOS,MR ORGANIC,VF280,Olives & Capers Pasta Sauce,Puttanesca Pasta Sauce,6 X 350G,13.92,,3.09,,,,O,,V,5060178073690,5060178073706,,
GRAINS,BULK COMMODITIES - ORGANIC,QS235,Millet - organic,,25 KG,54.17,,,,,,O,,V,,,,
MEAT ALTERNATIVES(FROZEN),QUORN,XL055,Sausages,big bags,8 X 336G,21.95,,3.65,,,,,S,,5019503018110,05019503018127,,
CLOTHING,SOLMATE SOCKS,NF184,Rainbow Cotton Socks - Small,adult cotton crew,PAIR,10.40,1,16.99,,,,,,V,815029006717,,,
CRISPS & SNACKS,TRAFO,BT248,Vegetable Crisps,Carrot;Parsnip;Beetroot;S/Pot,10 X 100G,35.93,,4.79,,,,O,,V,8718754506236,8718754506243,N,
BODY CARE,WILD,DY350,Deodorant Sensitive Coconut,Coconut & Vanilla Refill,8 X 40G,29.95,1,6.00,,,,,,V,5060968411688,15060968411685,,
BODY CARE,ALTER/NATIVE BY SUMA,DY448,Boxed Soap G'fruit & Mandarin,Citrus - with calendula flower,6 X 95G,11.82,1,3.15,,,,,,V,5017601039259,05017601039242,,
BREADS & BREAD MIXES,BIONA,BT215,Multi-seed Bread Rolls,,6 X 300G,18.03,,3.99,,,,O,,V,5032722319813,5032722657229,,
CHOCOLATE,BOOJA-BOOJA,WS243,Salted Caramel Truffles,Heart Shaped Box,3 X 115G,56.69,1,30.49,,,G,O,S,V,5060002044407,5060002044421,,
CANDLES; INCENSE & HOLDERS,DALIT GOODS,NF182,Karan Candle,lavender scented in a clay pot,EACH,8.50,1,13.49,,,,,,,5017601051152,05017601051145,,
HERBS & SPICES - PREPACKED,SUMA,HE174,Coriander Seeds,,6 X 40G,6.08,,1.35,,,,,,V,5017601004745,05017601010296,N,
HERB & FRUIT TEA INFUSIONS,HEATH AND HEATHER,TE685,Nettle,string; tag and envelope,6 X 20 BAGS,13.19,,2.95,,,,O,,V,5060123609516,15060123607311,,
HOUSEHOLD PRODUCTS,LOOFCO,NF188,Mini Washing Up Pad,Made from the Loofah Plant,6 X 2 PACK,9.40,1,2.55,,,,,,V,5060175851222,15060175851229,,
PASTA SAUCES & PESTOS,MR ORGANIC,KJ359,Lentil Ragu,,6 X 350G,14.82,,3.29,,,,O,,V,5060178074574,5060178074581,,
GRAINS,SUMA PREPACKS - ORGANIC,QS322,Millet - organic,,6 X 500G,10.31,,2.29,,,,O,,V,5017601024422,05017601024415,,
MEAT ALTERNATIVES(FROZEN),QUORN,XL210,Vegan Pieces,,8 X 280G,22.37,,3.70,,,,,,V,5019503028812,05019503027266,,
CLOTHING,SOLMATE SOCKS,NF193,Savanna Cotton Socks - Medium,adult cotton crew,PAIR,10.40,1,16.99,,,,,,V,815029009725,,,
CRISPS & SNACKS,TRAFO,ZX933,Hummus Chips - Sea Salt,,6 X 75G,13.71,,3.05,,,,O,,V,8718754505024,8718754505031,N,
BODY CARE,WILD,DY064,Deodorant Refill Cot. SeaSalt,Mens Fresh Cotton & Sea Salt,8 X 40G,29.95,1,6.00,,,,,,V,5065003990708,15065003990705,,
BODY CARE,ALTER/NATIVE BY SUMA,DY652,Glycerine Soap - Almond Milk,With chamomile / round bar,12 X 90G,16.20,1,2.15,,,,,,V,5017601047414,05017601047407,N,
JAMS & FRUIT SPREADS,BIONA,JS016,Orange Fruit Spread,sweetened with Fruit Juice,6 X 250G,14.57,,3.25,,,,O,,V,05032722319844,05032722657250,,
CHOCOLATE,BOOJA-BOOJA,KB793,The Signature Collection,adventurous classic truffles,5 X 184G,48.86,1,15.69,,,G,O,S,V,5060002043769,5060002043752,,
JAMS & FRUIT SPREADS,ST DALFOUR,JS030,Black Fig Artisan Spread,,6 X 170G,21.95,,4.89,,,,,,V,5014271004693,15014271004690,,
HOUSEHOLD CLEANING PRODUCTS,ECOVER,HJ260,Washing Up Liquid,Pomegranate & Fig,8 X 450ML,12.44,1,2.49,,,,,,V,5412533417074,05412533417081,,
HERBS & SPICES - PREPACKED,SUMA,HE177,Fennel Seeds,,6 X 50G,7.88,,1.75,,,,,,V,5017601007692,05017601010715,N,
HERB & FRUIT TEA INFUSIONS,HEATH AND HEATHER,TE662,Peppermint,string; tag and envelope,6 X 20 BAGS,13.19,,2.95,,,,O,,V,5060123609523,15060123607366,,
HOUSEHOLD CLEANING PRODUCTS,LOOFCO,HJ013,Washing Up Soap,Palm Oil; Paraben; SLS free,6 X 100G,10.34,1,2.75,,,,,,V,5060175850874,25060175850878,,
TABLE SAUCES,MR ORGANIC,KJ496,Naturally sweetened Ketchup,,6 X 480G,17.06,,3.79,,,G,O,,V,5060178072723,5060178072730,,
FRUIT - DRIED,SUMA BAGGED DOWN - ORGANIC,DR040,Mulberries White - organic,,1 KG,9.95,,,,,,O,,V,05017601042228,,,
GRAINS,QUINOLA,QS113,Champagne Lentils,,6 X 250G,11.40,,2.49,,,,,,V,3770016750141,13770016750148,,
COFFEE,SOLO,TE159,Coffee Concentrate - Espresso,Cold Brew - 10 servings,10 X 500ML,26.20,,6.99,,,G,,,V,5061047530016,15061047530013,,03 OCT 25
CRISPS & SNACKS,TRAFO,ZX932,Hummus Chips - Paprika,,6 X 75G,13.68,,3.05,,,,O,,V,8718754505062,8718754505079,N,
BODY CARE,WILD,DY500,Deodorant Refill Lemon\Basil,lemon; basil & blood orange,8 X 40G,29.95,1,6.00,,,,,,V,5060968411602,15060968411609,,
BODY CARE,ALTER/NATIVE BY SUMA,DY540,Glycerine Soap - G'fruit&Aloe,Round soap bar,12 X 90G,16.20,1,2.15,,,,,,V,5017601027355,05017601027348,N,
FAR EASTERN FOOD,BIONA,JP162,Ginger Turmeric Paste,,6 X 130G,14.57,,3.25,,,,O,,V,5032722319998,05032722657403,,
CHOCOLATE,BOOJA-BOOJA,KB573,The Winter Collection,,5 X 184G,48.86,1,15.69,,,G,O,S,V,5060002044339,5060002044346,,
JAMS & FRUIT SPREADS,ST DALFOUR,JS029,Fig & Orange Artisan Spread,,6 X 170G,21.95,,4.89,,,,,,V,5014271004716,15014271004713,,
HOUSEHOLD PRODUCTS,LOOFCO,HJ068,Washing Up Pad,2 Pack,6 X 2 PACK,16.03,1,4.25,,,,,,V,5060175850522,15060175850529,,
HERBS & SPICES - PREPACKED,SUMA,HE183,Juniper Berries,,6 X 40G,10.13,,2.25,,,,,,V,5017601008095,05017601010319,N,
HERB & FRUIT TEA INFUSIONS,HEATH AND HEATHER,TE682,Raspberry Leaf,string; tag and envelope,6 X 20 BAGS,13.19,,3.55,,,,O,,V,5060123609530,15060123607380,,
BISCUITS CRACKERS & CRISPBREAD,LOTTIE SHAW'S,BT262,Easter Bunny Baked Treats Tin,,6 X 0.95KG,76.13,,16.99,,,,,S,V,5060206821262,05060206822498,,
PASTA SAUCES & PESTOS,MR ORGANIC,KJ215,Seitan Pasta Sauce,Crushed Garlic & S/D Tomatoes,6 X 350G,14.81,,3.29,,,,O,S,V,5060178071337,5060178072532,,
FRUIT - DRIED,SUMA PREPACKS - ORGANIC,DR049,Mulberries White - Organic,,6 X 125G,8.33,,1.85,,,,O,,V,5017601042273,05017601042266,,
GRAINS,QUINOLA,QS122,Golden Vegetables,,6 X 250G,11.40,,2.49,,,G,O,,V,3770002946527,13770002946425,,
BURGERS SAUSAGES & TVP MIXES,SUMA PREPACKS,VF162,Sausage Mix - Vegan,,6 X 350G,26.06,,5.79,,,,,,V,5017601034070,05017601034063,,
CRISPS & SNACKS,TRAFO,ZX934,Hummus Chips - Rosemary,,6 X 75G,13.71,,3.05,,,,O,,V,8718754505055,8718754505055,N,
BODY CARE,WILD,DY114,Deodorant Refill Mint AloeVera,Plastic Free,8 X 40G,29.95,1,6.00,,,,,,V,5065003990692,15065003990699,,
BODY CARE,ALTER/NATIVE BY SUMA,DY555,Glycerine Soap - Hemp & Vit E,Round soap bar,12 X 90G,16.20,1,2.15,,,,,,V,5017601027379,05017601027362,N,
GRAINS,BIONA,QS013,Pumpkin Risotto,,8 X 210G,22.46,,3.75,,,G,O,S,V,5032722319936,5032722657342,,
CHOCOLATE,BOOJA-BOOJA,KB521,Cookie Dough Chocolate Wonders,,8 X 65G,15.60,1,3.15,,,G,O,S,V,5060002044469,5060002044506,N,
JAMS & FRUIT SPREADS,ST DALFOUR,JS028,Sour Cherry Artisan Spread,,6 X 170G,21.95,,4.89,,,,,,V,5014271004686,15014271004683,,
HOUSEHOLD CLEANING PRODUCTS,ECOVER,HJ041,Washing Up Liquid,Camomile & Clementine,8 X 450ML,12.44,1,2.49,,,,,,V,5412533416756,05412533416763,,
HERBS & SPICES - PREPACKED,SUMA,HE185,Mint,,6 X 20G,6.08,,1.35,,,,,,V,5017601005681,05017601010975,N,
HERB & FRUIT TEA INFUSIONS,HEATH AND HEATHER,TE594,Turmeric Root Brew,string; tag and envelope,6 X 20 BAGS,15.89,,3.55,,,G,O,,V,5055486007116,15055486006277,,
BISCUITS CRACKERS & CRISPBREAD,LOTTIE SHAW'S,BT263,Happy Easter Baked Gift Box,,6 X 340G,46.84,,10.99,,,,,S,,5060206823785,05060206825130,,
PASTA SAUCES & PESTOS,MR ORGANIC,KJ039,Sundried Tomatoes - Antipasti,,5 X 190G,14.60,,3.89,,,G,O,,V,5060178073478,5060178074444,,
FRUIT - DRIED,BULK COMMODITIES - ORGANIC,DR033,Mulberries White - Organic,,10 KG,75.00,,,,,,O,,V,,,,
COCOA,QUIRKY MONKEY,TE506,Mushroom Orange Hot Chocolate,With ashwagandha and maca root,6 X 150G,65.22,,14.99,,,G,,,V,5070002037545,15070002037542,,
BEANS & PULSES - DRIED,SUMA PREPACKS,PU078,Broth Mix,,6 X 500G,7.88,,1.75,,,,,,V,5017601019183,05017601019176,,
CRISPS & SNACKS,TRAFO,ZX473,Rosemary & Himalaya Salt,Thick Cut,15 X 40G,15.00,1,1.59,,,,O,,V,8718754502290,8718754502306,N,
BODY CARE,WILD,DY341,Deodorant Navy Case Cedar,Cedar & Sandalwood Deodorant,8 X 40G,64.25,1,13.00,,,,,,V,5060968414627,15060968414624,,
BODY CARE,ALTER/NATIVE BY SUMA,DY655,Glycerine Soap - Mandarin,With tonka bean / round bar,12 X 90G,16.20,1,2.15,,,,,,V,5017601047452,05017601047445,N,
BREADS & BREAD MIXES,BIONA,BT145,Rye Bread - Wholegrain,,7 X 500G,14.32,,2.75,,,,O,,V,5032722301214,05032722656581,,
CHOCOLATE,BOOJA-BOOJA,KB512,Hazelnut Chocolate Wonders,,8 X 65G,15.60,1,3.15,,,G,O,S,V,5060002044438,5060002044476,N,
SOFT DRINKS,DALSTON'S,JU069,Sparkling Lemon,,24 X 330ML,17.39,1,1.19,,,,,,V,5060494810030,25060494810034,,
HOUSEHOLD CLEANING PRODUCTS,ECOVER,HJ205,Washing Up Liquid Zero,Approved by Allergy UK,8 X 450ML,12.44,1,2.49,,,,,,V,5412533416640,05412533416657,,
HERBS & SPICES - PREPACKED,SUMA,HE186,Mustard Seeds - Yellow,,6 X 50G,6.71,,1.49,,,,,,V,5017601010012,05017601010258,N,
HONEY,HILLTOP HONEY,HY076,Organic Blossom Honey,,6 X 340G,19.13,,4.25,,,G,O,,,5060298573520,05060298573544,,
BISCUITS CRACKERS & CRISPBREAD,LOTTIE SHAW'S,BT260,Gingerbread Bunny,,12 X 50G,14.13,,1.60,,,,,S,,5060206820319,05060206820647,,
PASTA SAUCES & PESTOS,MR ORGANIC,KJ143,Kid's Tomato Veg Pasta Sauce,tomato; carrot; parsnip,6 X 200G,9.15,,2.05,,,,O,,V,5060178073034,5060178073027,,
FLOURS & BREAD MIXES,ORGRAN,FG061,Buckwheat Pancake Mix,,8 X 375G,31.44,,5.25,,,G,,,V,720516010712,50720516010717,N,
GRAINS,QUINOLA,QS118,Spicy Mexican,,6 X 250G,11.40,,2.49,,,G,O,,V,3770002946275,13770002946029,,
SOUPS,SOUL KITCHEN,VF064,Curried Swt Potato & Pump Soup,,12 X 25G,14.87,,1.75,,,G,,,V,5070000565125,5070000565156,,
CRISPS & SNACKS,TRAFO,ZX460,Sea Salt Potato Crisps,Thick Cut,15 X 40G,15.00,1,1.59,,,,O,,V,8718754502252,8718754502269,N,
BODY CARE,WILD,DY498,Deodorant Pink Case Cherry,cherry blossom,8 X 40G,64.25,1,13.00,,,,,,V,5060968411572,15060968411579,,
BREADS & BREAD MIXES,BIONA,BT223,Oat Topped Wholemeal Rolls,,6 X 300G,17.30,,3.85,,,,O,,V,5032722319981,5032722657397,,
CHOCOLATE,BOOJA-BOOJA,KB518,Raspberry Scrunch Wonders,,8 X 65G,15.60,1,3.15,,,G,O,S,V,5060002044452,5060002044490,N,
HOUSEHOLD CLEANING PRODUCTS,ECOLEAF BY SUMA,HJ056,Toilet Cleaner - Fresh Green,Fresh Citrus scent,6 X 750ML,9.88,1,2.65,,,,,,V,5017601030935,05017601030928,,
JAMS & FRUIT SPREADS,ST DALFOUR,JS007,Lemon & Lime Spread,,6 X 284G,13.63,,3.05,,,,,,V,5014271004099,15014271004096,,
HOUSEHOLD CLEANING PRODUCTS,ECOVER,HJ200,Fabric Conditioner NonBio Zero,Non Bio,6 X 1.43L,20.70,1,5.49,,,,,,V,5412533425277,05412533425284,,
HERBS & SPICES - PREPACKED,SUMA,HE188,Pepper; black - ground,,6 X 30G,7.88,,1.75,,,,,,V,5017601010098,00501760101008,N,
HERB & FRUIT TEA INFUSIONS,HEATH AND HEATHER,TE122,Camomile & Spearmint,string; tag and envelope,6 X 20 BAGS,13.19,,2.95,,,,O,,V,5060123609714,15055486006130,,
BISCUITS CRACKERS & CRISPBREAD,LOTTIE SHAW'S,ZX110,Gingerbread Reindeer,,12 X 50G,12.83,,1.45,,,,,S,,5060206820760,05060206820784,,
PASTA,MR ORGANIC,WT029,Tortellini / Porcini Mushrooms,Egg Free,10 X 250G,30.75,,4.09,,,,O,,V,5060178073409,5060178073416,,
GRAINS,SUMA BAGGED DOWN - ORGANIC,QS151,Popcorn - organic,,1 KG,2.99,,,,,,O,,V,5017601016151,,,
GRAINS,QUINOLA,QS126,Wholegrain Quinoa,,6 X 250G,11.40,,2.49,,,G,,,V,3770002946473,13770002946364,,
SOUPS,SOUL KITCHEN,VF063,Mexican Tomato & Red Pep Soup,,12 X 25G,14.87,,1.75,,,G,,,V,5070000565101,5070000565149,,
CRISPS & SNACKS,TRAFO,ZX053,Paprika Crisps - organic,,15 X 40G,15.00,1,1.59,,,,O,,V,8712423019102,8718754502375,N,
BODY CARE,ALTER/NATIVE BY SUMA,DY656,Glycerine Soap - Orange Bloss,With petitgrain / round bar,12 X 90G,16.20,1,2.15,,,,,,V,5017601047476,05017601047469,N,
BODY CARE,WILD,DY140,Deodorant Purple Case Coconut,With Coconut Deodorant,8 X 40G,64.25,1,13.00,,,,,,V,5065003990531,15065003990538,,
GRAINS,BIONA,QS108,Porcini Mushroom Risotto,,8 X 210G,24.29,,4.05,,,,O,,V,5032722319929,5032722657335,,
CHOCOLATE,BOOJA-BOOJA,KB517,Salted Caramel Choc Wonders,,8 X 65G,15.60,1,3.15,,,G,O,S,V,5060002044445,5060002044483,N,
HOUSEHOLD CLEANING PRODUCTS,ECOLEAF BY SUMA,HJ342,Toilet Cleaner - Fresh Green,Fresh Citrus scent,20L,30.26,1,,,,,,,V,5017601042648,5017601042648,,
JAMS & FRUIT SPREADS,ST DALFOUR,JS027,Ginger Artisan Spread,,6 X 170G,21.95,,4.89,,,,,,V,5014271004709,15014271004706,,
HOUSEHOLD CLEANING PRODUCTS,ECOVER,HJ133,Laundry Liquid Zero Non - Bio,142 Washes,5L,21.59,1,34.49,,,,,,V,5412533418644,,,
HERBS & SPICES - PREPACKED,SUMA,HE030,Lemongrass,,6 X 25G,6.71,,1.49,,,,,,V,5017601031291,05017601031284,N,
HERB & FRUIT TEA INFUSIONS,HEATH AND HEATHER,TE274,Wild Rosehip,string; tag and envelope,6 X 20 BAGS,13.19,,2.95,,,,O,,V,5055486007055,15055486006215,,
BISCUITS CRACKERS & CRISPBREAD,LOTTIE SHAW'S,ZX693,Vegan Gingerbread Man,,12 X 50G,12.03,,1.35,,,,,S,V,5060206822573,05060206822580,,
PASTA,MR ORGANIC,WT031,Tortellini with Vegetables,Egg Free,10 X 250G,30.75,,4.09,,,,O,,V,5060178073386,5060178073393,,
GRAINS,SUMA BAGGED DOWN - ORGANIC,QS153,Popcorn - organic,,3 KG,7.35,,,,,,O,,V,5017601016168,,,
BAKING SUNDRIES,TAYLOR & COLLEDGE,LJ036,Vanilla Pods,,6 X 4G,54.43,,12.29,,,,O,,V,9300641003929,29300641003923,,
BEANS & PULSES - DRIED,SUMA PREPACKS - ORGANIC,PU004,Broth Mix - Organic,,6 X 500G,11.03,,2.45,,,,O,,V,5017601030539,05017601030522,,
CRISPS & SNACKS,TRAFO,ZX055,Salted Crisps - organic,,15 X 40G,15.00,1,1.59,,,,O,,V,8718754502351,8712423017221,N,
BODY CARE,ALTER/NATIVE BY SUMA,DY532,Glycerine Soap - Rose&Geranium,Round soap bar,12 X 90G,16.20,1,2.15,,,,,,V,5017601027331,05017601027324,N,
BODY CARE,WILD,DY506,Deodorant Refill Thunderstorm,,8 X 40G,29.95,1,6.00,,,,,,V,5060968410742,15060968410749,,
BODY CARE,ALTER/NATIVE BY SUMA,DY654,Glycerine Soap - Lav & Vetiver,Round soap bar,12 X 90G,16.20,1,2.15,,,,,,V,5017601047438,05017601047421,N,
BREADS & BREAD MIXES,BIONA,BT224,Power Protein Bread,,8 X 375G,24.29,,4.05,,,,O,,V,5032722319950,05032722657366,,
CHOCOLATE,BOOJA-BOOJA,KB540,Yuletide Spice Truffle Logs,,8 X 115G,57.31,1,11.49,,,G,O,S,V,5060002044209,5060002044247,N,
HOUSEHOLD CLEANING PRODUCTS,ECOLEAF BY SUMA,HJ072,Toilet Cleaner - Fresh Green,Fresh Citrus scent,5L,8.17,1,12.99,,,,,,V,5017601031116,05017601031109,,
CANDLES; INCENSE & HOLDERS,DALIT GOODS,NF129,Megah Rose Design Tealights,6 lavender scented candles,1 X 6,10.99,1,18.99,,,,,,,5065022745082,,,
HOUSEHOLD CLEANING PRODUCTS,ECOVER,HJ203,Washing Powder Zero,Non Bio,7.5 KG,25.91,1,41.49,,,,,,V,5412533403800,5412533403800,,
HERBS & SPICES - PREPACKED,SUMA,HE031,Lime leaves - whole,,6 X 4G,7.88,,1.75,,,,,,V,5017601031314,05017601031307,N,
SUPPLEMENTS & REMEDIES,THE HERBTENDER,VM459,Perform & Recover,With Cordyceps & Ginseng,1 X 60 CAPS,15.36,1,27.50,,,G,,,V,5060691520343,15060691520340,,
BISCUITS CRACKERS & CRISPBREAD,LOTTIE SHAW'S,ZX114,Gingerbread Snowman,,12 X 50G,12.83,,1.45,,,,,S,,5060206823068,05060206823051,,
PASTA SAUCES & PESTOS,MR ORGANIC,KJ086,Tomato & Pepper Puree,,6 X 200G,9.13,,2.05,,,,O,,V,5060178074697,5060178074703,,10 SEP 25
GRAINS,BULK COMMODITIES - ORGANIC,QS042,Popcorn - organic,,25 KG,45.00,,,,,,O,,V,,,,
BAKING SUNDRIES,TAYLOR & COLLEDGE,LJ115,Vanilla Bean Extract,organic,6 X 100ML,47.38,,10.55,,F,,O,,V,9300641001079,29300641001073,,
SOUPS,SOUL KITCHEN,VF061,Thai Beetroot & Coconut Soup,,12 X 25G,14.87,,1.75,,,G,,,V,5070000565101,5070000565132,,
SNACK BARS & FLAPJACKS,TREK,KB986,Biscoff Flapjack Protein 9g,,16 X 50G,11.61,1,1.15,,,,,S,V,5060088700815,15060088700812,N,
BODY CARE,ALTER/NATIVE BY SUMA,DY013,Glycerine Soap - White Lav,Round soap bar,12 X 90G,16.20,1,2.15,,,,,,V,5017601027317,05017601027300,N,
FRUIT & VEGETABLE JUICES,BIONA,JU085,Prune Juice,,6 X 750ML,33.43,1,8.95,,,,O,,V,5032722319189,05032722319189,,
VEGAN DESSERTS,BOOJA-BOOJA,XL031,Deeply Chocolate Ice Cream,,22 X 110ML,28.68,1,2.10,,,G,O,S,V,5060002044094,5060002044131,,
HOUSEHOLD CLEANING PRODUCTS,ECOLEAF BY SUMA,HJ089,Toilet Cleaner-C/Blue-Antibac,Ocean Scent,6 X 750ML,9.88,1,2.65,,,,,,V,5017601038351,05017601038344,,
JAMS & FRUIT SPREADS,ST DALFOUR,JS003,Mango & Passion Fruit Spread,,6 X 284G,13.63,,3.05,,,,,,V,5014271002712,15014271002719,,
BODY CARE,EARTH CONSCIOUS,DY137,Natural Deodorant - Jasmine,With rose,6 X 60G,29.99,1,8.00,,,,,,V,5060452930077,15060452930074,,
HERBS & SPICES - PREPACKED,SUMA,HE032,Fenugreek Leaves,Also known as methi leaves,6 X 7G,6.08,,1.35,,,,,,V,5017601031338,05017601006138,N,
SUPPLEMENTS & REMEDIES,THE HERBTENDER,VM460,Rise & Shine,With Ginseng & Reishi,1 X 60 CAPS,15.36,1,27.50,,,G,,,V,5060691520312,15060691520319,,
BISCUITS CRACKERS & CRISPBREAD,LOTTIE SHAW'S,ZX115,Gingerbread Penguin,,12 X 50G,12.83,,1.45,,,,,S,,5060206821965,05060206823464,,
PASTA SAUCES & PESTOS,MR ORGANIC,KJ214,Tofu Pasta Sauce,Red Peppers & Sun Dried Tomato,6 X 350G,14.81,,3.29,,,,O,S,V,5060178071313,5060178072556,,
SUPPLEMENTS & REMEDIES,SUMA BAGGED DOWN - ORGANIC,HE009,Psyllium Husk - Organic,,1 KG,21.25,1,,,,,O,,V,5017601048978,,,
BAKING SUNDRIES,TAYLOR & COLLEDGE,LJ113,Vanilla Bean Paste,organic,12 X 65G,71.38,,7.95,,,,O,S,V,9300641001062,19300641001069,,
CRISPS & SNACKS,SOUL FRUIT,DR037,Soft Dried Dragon Fruit,,10 X 30G,12.15,,1.79,,,G,,,V,0655498519321,0655498519406,N,
SNACK BARS & FLAPJACKS,TREK,ZX738,Smooth Lemon,,16 X 50G,11.61,1,1.15,,,G,,S,V,5060088709252,15060088709259,N,
BODY CARE,ALTER/NATIVE BY SUMA,DY997,Shampoo Bar-Glycerine-Coconut,With argan & ylang ylang,6 X 90G,15.95,1,4.60,,,,,,V,5017601043218,05017601043201,,
BREADS & BREAD MIXES,BIONA,BT440,Pumpernickel Bread,,9 X 500G,15.66,,2.35,,,,O,,V,5032722301252,05032722656840,,
VEGAN DESSERTS,BOOJA-BOOJA,XL258,Caramel Pecan Ice Cream,,22 X 110ML,28.68,1,2.10,,,G,O,S,V,5060002044100,5060002044148,,
HOUSEHOLD CLEANING PRODUCTS,ECOLEAF BY SUMA,HJ129,Washing Powder-Concentrated,Non Bio Lavender,10 KG,27.59,1,43.99,,,,,,V,5017601033622,5017601033622,,
JAMS & FRUIT SPREADS,ST DALFOUR,JS120,Orange and Ginger Spread,,6 X 284G,13.63,,3.05,,,,,,V,5014271560427,05014271560434,,
BODY CARE,EARTH CONSCIOUS,DY144,Natural Deodorant - Lavender,With tea tree,6 X 60G,29.99,1,8.00,,,,,,V,5060452930015,15060452930012,,
HERBS & SPICES - PREPACKED,SUMA,HE206,Onion Seed,,6 X 35G,7.88,,1.75,,,,,,V,5017601036197,05017601036180,N,
VEGAN CHEESE,HONESTLY TASTY,CV195,Shamembert Style Cheese,,6 X 160G,20.91,,4.65,,,,,S,V,5060709190018,15060709190015,,
CAKES,LOTTIE SHAW'S,KB533,Traditional Mince Pies,,12 X 280G,50.29,,5.59,,,,,S,V,5060206820012,05060206820227,,
BODY CARE,SIMPLY GENTLE,DY098,Organic Cotton Wool Balls,,24 X 100,36.70,1,2.59,,,,O,,V,5060202922055,5060202922062,N,
SUPPLEMENTS & REMEDIES,BULK COMMODITIES - ORGANIC,HE002,Psyllium Husk - Organic,95%,25 KG,410.40,1,,,,,O,,V,,,,
GRAINS,SUMA BAGGED DOWN - ORGANIC,QS016,Quinoa; White - Organic,,1 KG,6.15,,,,,,O,,V,5017601038276,,,
CRISPS & SNACKS,SOUL FRUIT,ZX390,Dried Dragon Fruit Crisps,Freeze Dried,10 X 20G,12.15,,1.79,,,G,,,V,0655498519338,0655498519413,N,
SNACK BARS & FLAPJACKS,TREK,KB450,Peanut Butter Flapjack,,16 X 50G,11.61,1,1.15,,,G,,S,V,5060088709931,15060088709938,N,
BODY CARE,ALTER/NATIVE BY SUMA,DY604,Shampoo Bar-Glycerine-PG'fruit,With aloe vera & lime,6 X 90G,15.95,1,4.60,,,,,,V,5017601046776,05017601046769,,
SUGARS & SYRUPS,BIONA,LJ181,Rapadura / Sucanat Sugar,,5 X 500G,18.60,,4.95,,,,O,,V,5032722303416,05032722652217,,
VEGAN DESSERTS,BOOJA-BOOJA,XL340,Mango & Raspberry Ice Cream,,22 X 110ML,28.68,1,2.10,,,G,O,S,V,5060002044117,5060002044155,,
HOUSEHOLD CLEANING PRODUCTS,ECOLEAF BY SUMA,HJ047,Washing Up Liquid-Citrus Fruit,Citrus Fruits,6 X 1L,12.99,1,3.49,,,,,,V,5017601030959,05017601031086,,
JAMS & FRUIT SPREADS,ST DALFOUR,JS061,Thick Cut Orange Spread,,6 X 284G,13.63,,3.05,,,,,,V,5014271360423,05014271360430,,
BODY CARE,EARTH CONSCIOUS,DY143,Natural Deodorant - Pure,Pure unscented,6 X 60G,29.99,1,8.00,,,,,,V,5060452930091,15060452930098,,
HERBS & SPICES - PREPACKED,SUMA,HE361,Peppercorns - mixed,,6 X 20G,7.88,,1.75,,,,,,V,5017601036296,05017601036289,N,
SUPPLEMENTS & REMEDIES,THE HERBTENDER,VM461,Uplift & Revitalise,With Nettle Seed & Liquorice,1 X 60 CAPS,15.36,1,27.50,,,G,,,V,5060691520367,15060691520364,,
CAKES,LOTTIE SHAW'S,KB264,Traditional Mince Pies,Pack of 2,24 X 140G,54.78,,3.09,,,,,S,V,5060206823853,05060206823921,,
BODY CARE,SIMPLY GENTLE,DY097,Cotton Buds - organic,No plastic,24 X 200,36.70,1,2.59,,,,O,,V,5060202922079,5060202922086,,
NUTS & SEEDS,BULK COMMODITIES - ORGANIC,NU207,Pumpkin seeds - organic,,25 KG,152.50,,,,,,O,,V,,,,
GRAINS,SUMA BAGGED DOWN - ORGANIC,QS606,Quinoa; White - Organic,,3 KG,16.95,,,,,,O,,V,5017601028987,,,
CRISPS & SNACKS,SOUL FRUIT,DR126,Freeze Dried Jackfruit,,10 X 20G,12.15,,1.79,,,G,,,V,0655498519369,0655498519390,N,
SUPPLEMENTS & REMEDIES,SPATONE,MD175,Liquid Iron,5mg Iron,28 X 20ML,8.70,1,13.99,,,,,,V,5000488105292,,N,
BODY CARE,ALTER/NATIVE BY SUMA,DY996,Shampoo Bar-Glycerine-P'chouli,With sandalwood & ylang ylang,6 X 90G,15.95,1,4.60,,,,,,V,5017601043195,05017601043188,,
BREADS & BREAD MIXES,BIONA,BT222,Rustic Seeded Baguette,,6 X 300G,17.30,,3.85,,,,O,,V,5032722319974,05032722657380,,
VEGAN DESSERTS,BOOJA-BOOJA,XL410,Vanilla Ice Cream,,22 X 110ML,28.68,1,2.10,,,G,O,S,V,5060002044124,5060002044162,,
HOUSEHOLD CLEANING PRODUCTS,ECOLEAF BY SUMA,HJ077,Washing Up Liquid-Citrus Fruit,Fragrance - Citrus Fruits,20L,29.79,1,,,,,,,V,5017601031154,5017601031154,,
SOFT DRINKS,DALSTON'S,JU155,Sparkling Pineapple,,24 X 330ML,17.39,1,1.19,,,G,,,V,5060494810689,15060494810686,,
BODY CARE,EARTH CONSCIOUS,DY148,Natural Deodorant - Lavender,With tea tree,6 X 60G,29.99,1,8.00,,,,,,V,5060452930268,15060452930265,,
HERBS & SPICES - PREPACKED,SUMA,HE132,Baharat Spice Mix,,6 X 30G,6.71,,1.49,,,,,,V,5017601051497,05017601051480,N,
TEAS,HAMPSTEAD TEA,TE378,Assam,,6 X 100G,23.37,,5.19,,,,O,,V,813427002201,10813427002208,,
CAKES,LOTTIE SHAW'S,KB267,Traditional Mince Pies,Individually Wrapped - 12 Pack,12 X 70G,13.76,,1.55,,,,,S,V,5060206823877,05060206824676,,
BODY CARE,SIMPLY GENTLE,DY645,Cotton Buds - Baby Safety OG,No Plastic,24 X 60,34.90,1,2.59,,,,O,,V,5060202929009,5060202929016,,
NUTS & SEEDS,SUMA BAGGED DOWN - ORGANIC,NU199,Pumpkin Seeds - Organic,,2.5 KG,18.55,,,,,,O,,V,5017601009368,,,
COCOA,QUIRKY MONKEY,TE291,Mushroom Hot Chocolate,With ashwagandha and maca root,6 X 150G,62.94,,13.99,,,G,,,V,5070002037538,15070002037535,,
SUPPLEMENTS & REMEDIES,SPATONE,MD005,Liquid Iron & Vitamin C,5mg Iron; 80mg Vitamin C,28 X 25ML,9.86,1,15.99,,,,,,V,5000488107623,05000488523478,N,
BODY CARE,ALTER/NATIVE BY SUMA,DY965,Glycerine Soap - Coconut,Moisturising-with ylang ylang,6 X 90G,12.20,1,3.50,,,,,,V,5017601042938,05017601042921,N,
BREADS & BREAD MIXES,BIONA,BT207,Rye Bread - Pumpkin Seed,Wheat Free,7 X 500G,15.39,,2.95,,,,O,,V,5032722308053,05032722656642,,
SUPPLEMENTS & REMEDIES,BOTANYCL,VM427,SkinClear Elixir,Botanical Formula For Women,1 X 60 CAPS,7.43,1,24.95,,,G,,,V,5060555290009,15060555290006,,
HOUSEHOLD CLEANING PRODUCTS,ECOLEAF BY SUMA,HJ067,Washing Up Liquid-Citrus Fruit,Fragrance - Citrus Fruits,5L,8.99,1,14.39,,,,,,V,5017601031093,05017601031048,,
JAMS & FRUIT SPREADS,ST DALFOUR,JS066,Mirabelle Plum Spread,,6 X 284G,13.63,,3.05,,,,,,V,5014271380421,05014271380438,,
BODY CARE,EARTH CONSCIOUS,DY157,Natural Deodorant - Peppermint,With spearmint. Strong protect,6 X 60G,29.99,1,8.00,,,,,,V,5060452930305,15060452930302,,
HERBS & SPICES - PREPACKED,SUMA,HE134,Bay Leaves,,6 X 4G,6.71,,1.49,,,,,,V,5017601049296,05017601049289,N,
TEAS,HAMPSTEAD TEA,TE939,Clean Green,,4 X 20 BAGS,9.36,,3.15,,F,,O,,V,813427000726,10813427001065,,
BISCUITS CRACKERS & CRISPBREAD,LOTTIE SHAW'S,KB277,Snowman Treats Tin,,4 X 1000G,87.22,,19.95,,,,,S,,5060206824584,05060206824744,,
BODY CARE,SIMPLY GENTLE,DY099,Organic Cotton Wool Pads,,24 X 100,36.70,1,2.59,,,,O,,V,5060202922017,5060202922024,,
PASTA,ORGRAN,WT109,Rice & Corn Macaroni,,5 X 350G,14.96,,3.99,,,G,,,V,720516026218,20720516026212,,
COFFEE,QUIRKY MONKEY,TE219,Lion's Mane Mushroom Coffee,With ashwagandha; CB MCT oil,6 X 150G,58.74,,13.05,,,G,,,V,5070002037521,15070002037528,,
SNACK BARS & FLAPJACKS,Trek,KB179,Biscoff Flapjack Protein 15g,High Protein Low Sugar,12 X 55G,13.54,1,1.79,,,,,S,V,5060088701003,15060088701000,,
BODY CARE,ALTER/NATIVE BY SUMA,DY960,Glycerine Soap - Coffee &Cedar,Invigorating-with black pepper,6 X 90G,12.20,1,3.50,,,,,,V,5017601042853,05017601042846,N,
VEGETABLES,BIONA,KJ364,Tomatoes in Olive Oil,sun dried tomatoes,5 X 190G,15.17,,4.05,,,,O,,,5032722319646,05032722657052,,
SUPPLEMENTS & REMEDIES,BOTANYCL,VM428,Vegan Vitamin D3,2500iu Per Capsule,1 X 60 CAPS,5.94,1,19.95,,,G,,,V,5060555290085,15060555290082,,
HOUSEHOLD CLEANING PRODUCTS,ECOLEAF BY SUMA,HJ018,Washing Up Liquid-Orange Blos,Orange Blossom,6 X 1L,12.99,1,3.49,,,,,,V,5017601048930,05017601048923,,
CANDLES; INCENSE & HOLDERS,DALIT GOODS,NF327,Priya Heart Clay Candles,4 lavender scented candles,1 X 4,15.00,1,24.99,,,,,,,5065022745297,,,
HOUSEHOLD CLEANING PRODUCTS,ECOVER,HJ108,All Purpose Cleaner,Lemongrass & Ginger,15L,27.94,1,,,,,,,V,5412533004601,,,
HERBS & SPICES - PREPACKED,SUMA ORGANIC,HE366,Bay Leaves - organic,,6 X 4G,7.61,,1.69,,,,O,,V,5017601049272,05017601049265,N,
TEAS,HAMPSTEAD TEA,TE935,Pure Darjeeling,,4 X 20 BAGS,9.36,,3.15,,F,,O,,V,813427000733,10813427001072,,
READY TO EAT FOODS (CHILLED),LOVING FOODS,CV015,Cool Kimchi,,6 X 475G,35.40,,7.85,,,G,O,,V,0689843841232,0689843841249,,
BODY CARE,SIMPLY GENTLE,DY632,Organic Baby Cleansing Pads,,12 X 60,27.93,1,3.99,,,,O,,V,5060202922239,5060202922222,,
FRUIT - DRIED,BULK COMMODITIES - ORGANIC,DR045,Raisins - Organic,,10 KG,54.50,,,,,,O,,V,,,,
GRAINS,BULK COMMODITIES - ORGANIC,QS201,Quinoa - organic,,25 KG,115.38,,,,,,O,,V,,,,
SNACK BARS & FLAPJACKS,Trek,KB188,Chocolate Caramel Flapjack,15g protein ; low sugar,12 X 55G,13.54,1,1.79,,,G,,S,V,5060088701058,15060088701055,,
BODY CARE,ALTER/NATIVE BY SUMA,DY971,Glycerine Soap - Pink G'fruit,Uplifting-with aloe & lime,6 X 90G,12.20,1,3.50,,,,,,V,5017601042976,05017601042969,N,
PICKLES; CHUTNEYS & MUSTARDS,BIONA,KJ052,Gherkin Slices,,6 X 350G,19.59,,4.35,,,,O,S,V,5032722318656,05032722656048,,
SNACK BARS & FLAPJACKS,BOUNCE,KB990,Caramelised Biscuit Ball,,12 X 40G,15.60,1,2.09,,,G,,,V,5060411921986,05060411922020,N,
HOUSEHOLD CLEANING PRODUCTS,ECOLEAF BY SUMA,HJ073,Washing Up Liquid-Orange Blos,Fragrance - Orange Blossom,5L,8.99,1,14.39,,,,,,V,5017601048954,05017601048947,,
SOFT DRINKS,DALSTON'S,JU012,Sparkling Peach,,24 X 330ML,17.39,1,1.19,,,,,,V,5060494810658,15060494810655,,
HOUSEHOLD CLEANING PRODUCTS,ECOVER,HJ008,All Purpose Cleaner - Conc,Lemon & Ginger,5L,8.55,1,12.49,,,,,,V,5412533000061,,,
HERBS & SPICES - PREPACKED,SUMA,HE168,Cayenne Pepper,,6 X 40G,6.71,,1.49,,,,,,V,5017601049494,05017601049487,N,
TEAS,HAMPSTEAD TEA,TE936,Divine Earl Grey,,4 X 20 BAGS,9.60,,3.15,,F,,O,,V,0813427000719,10813427001058,,
READY TO EAT FOODS (CHILLED),LOVING FOODS,CV316,Hot 'N' Smoky Kimchi,,6 X 475G,35.40,,7.85,,,G,O,,V,0689843840846,0689843841102,,
BODY CARE,SIMPLY GENTLE,DY650,Make up Removal Pads OG,,12 X 30,41.88,1,5.99,,,,O,,V,5060202922208,5060202922215,,
PASTA,ORGRAN,WT061,Pasta Roma Penne,rice; corn & yellow pea pasta,8 X 350G,25.50,,4.25,,,G,,,V,720516025464,50720516025469,,
GRAINS,SUMA PREPACKS - ORGANIC,QS086,Quinoa; White - Organic,,6 X 500G,17.96,,3.99,,,,O,,V,5017601038092,05017601038085,,
SNACK BARS & FLAPJACKS,TREK,KB499,Cocoa and oat protein flapjack,,16 X 50G,11.61,1,1.15,,,G,,S,V,5060088702307,05060088702314,N,
BODY CARE,ALTER/NATIVE BY SUMA,DY959,Glycerine Soap - Jasmine Musk,Gentle-with jasmine flowers,6 X 90G,12.20,1,3.50,,,,,,V,5017601042839,05017601042822,N,
MAYONNAISE & SALAD DRESSINGS,BIONA,KJ013,Original Squeezy Mayonnaise,,6 X 270G,21.41,,4.75,,,,O,S,,5032722318533,5032722655928,,
SNACK BARS & FLAPJACKS,BOUNCE,KB992,Cookie Dough Ball,,12 X 40G,15.60,1,2.09,,,G,,,V,5060411921979,05060411922013,N,
FRUIT - CANNED & JARRED,CLEARSPRING,VF170,Apple & Mango Puree - Org,,12 X 2X100G,17.91,,1.99,,,,O,,V,5021554986768,05021554986775,,
JAMS & FRUIT SPREADS,ST DALFOUR,JS049,Raspberry Spread,,6 X 284G,13.63,,3.05,,,,,,V,5014271390420,05014271390437,,
HOUSEHOLD CLEANING PRODUCTS,ECOVER,HJ030,Laundry Liquid Bio Concentrate,Honeysuckle & Jasmin 142 Wash,5L,21.58,1,34.49,,,,,,V,5412533420975,,,
HERBS & SPICES - PREPACKED,SUMA,HE028,Celery Salt,,6 X 80G,6.71,,1.49,,,,,,V,5017601049333,05017601049326,N,
TEAS,HAMPSTEAD TEA,TE249,Darjeeling,Single Estate - looseleaf,6 X 100G,23.37,,5.19,B,,,O,,V,813427000870,10813427000914,,
READY TO EAT FOODS (CHILLED),LOVING FOODS,CV802,Kimchi,,6 X 475G,30.95,,6.85,,,G,O,,V,8944596459243,0689843841065,,
BODY CARE,SIMPLY GENTLE,DY100,Organic Cotton Wool Pleats,,24 X 100G,36.70,1,2.59,,,,O,,V,5060202922031,05060202922048,,
GRAINS,BULK COMMODITIES - ORGANIC,QS063,Red Quinoa - organic,,25 KG,122.00,,,,,,O,,V,,,,
SNACK BARS & FLAPJACKS,TREK,KB500,Cocoa coconut protein flapjack,,16 X 50G,11.61,1,1.15,,,G,,S,V,5060088702284,05060088702291,N,
BODY CARE,ALTER/NATIVE BY SUMA,DY550,Gift Set - Herbal - 4 Bars,Lav/T'Tree/Lemongrass/Rosemary,1 X SET,6.85,1,10.95,,,,,,V,5017601047292,05017601047285,,
FAR EASTERN FOOD,BIONA,WT101,Spelt Asia Noodles,,8 X 250G,19.41,,3.25,,,,O,,V,5032722313934,5032722656475,,
SNACK BARS & FLAPJACKS,BOUNCE,KB599,Filled Caramel Millionaire,,12 X 40G,15.60,1,2.09,,,G,,S,V,5060411921818,05060411921849,N,
FAR EASTERN FOOD,CLEARSPRING,JP018,Instant Miso Soup Paste,With sea vegetables,8 X 4 X 15G,19.74,,3.29,,,,O,,V,5021554986805,05021554986812,,
CANDLES; INCENSE & HOLDERS,DALIT GOODS,NF324,Rahul Candle,Single Rahul Candle,EACH,2.30,1,3.99,,,,,,,5065022745068,,,
HOUSEHOLD CLEANING PRODUCTS,ECOVER,HJ324,Fabric Conditioner Apple Almd,Apple Blossom and Almond,6 X 1.43L,20.70,1,5.49,,,,,,V,5412533425093,05412533425109,,
HERBS & SPICES - PREPACKED,SUMA,HE190,Celery Seed,,6 X 50G,6.71,,1.49,,,,,,V,5017601034612,05017601034605,N,
TEAS,HAMPSTEAD TEA,TE677,English Breakfast,Single Estate - looseleaf,6 X 100G,23.37,,5.19,B,,G,O,,V,813427000887,1081342700021,,
READY TO EAT FOODS (CHILLED),LOVING FOODS,CV928,Ruby Beetroot Kraut,,6 X 475G,30.95,,6.85,,,G,O,,V,8944596479937,0689843841089,,
FRUIT - DRIED,SUMA BAGGED DOWN,DR320,Mango Slices - SO2,Unsweetened ready to eat,1 KG,17.69,,,,,,,,V,5017601024682,,,
GRAINS,SUMA PREPACKS - ORGANIC,QS065,Quinoa; Red - Organic,,6 X 500G,18.68,,4.15,,,,O,,V,5017601037378,05017601037361,,
SNACK BARS & FLAPJACKS,TREK,KB974,Cocoa Oat Flapjack Multipack,,12 X 3 X 50G,23.21,1,3.09,,,G,,S,V,5060088704097,5060088704103,N,
BODY CARE,WILD,DY517,Mini Deodorant Thunderstorm,,20 X 16G,40.00,1,3.20,,,,,,V,5060968411374,15060968411371,,
BODY CARE,ALTER/NATIVE BY SUMA,DY964,Glycerine Soap - Lav &Geranium,Relaxing-with lavender flowers,6 X 90G,12.20,1,3.50,,,,,,V,5017601042914,05017601042907,N,
SWEET SNACKS,BIONA,ZX576,Sour Snakes,,10 X 75G,15.78,1,2.09,,,,O,S,V,5032722312067,05032722655768,N,
SNACK BARS & FLAPJACKS,BOUNCE,KB598,Dipped Choc Brownie Protein,,12 X 40G,15.60,1,2.09,,,G,,S,V,5060411921801,05060411921832,N,
FAR EASTERN FOOD,CLEARSPRING,JP114,Instant Red Miso Soup,With Sea Vegetables,8 X 32G,25.74,,4.29,,,,O,,V,5021554005797,05021554005803,,
CANDLES; INCENSE & HOLDERS,DALIT GOODS,NF046,Red Bauble Set - 5 Pieces,Red floral hand painted,1 X 5,20.50,1,34.99,,,,,,V,5017601049012,05017601049005,,
HOUSEHOLD CLEANING PRODUCTS,ECOVER,HJ339,Fabric Conditioner Rose,Rose and Bergamot,6 X 1.43L,20.70,1,5.49,,,,,,,5412533425215,05412533425222,,
HERBS & SPICES - PREPACKED,SUMA,HE116,Chilli Flakes,Crushed Chillies,6 X 25G,6.71,,1.49,,,,,,V,5017601032830,05017601032823,N,
TEAS,HAMPSTEAD TEA,TE251,Earl Grey,Single Estate - looseleaf,6 X 100G,23.37,,5.19,B,,,O,,V,813427000900,10813427000945,,
READY TO EAT FOODS (CHILLED),LOVING FOODS,CV801,Classic Sauerkraut,,6 X 475G,28.56,,6.45,,,G,O,,V,8944596459229,0689843841041,,
FRUIT - DRIED,BULK COMMODITIES,DR300,Mango Slices - SO2,Unsweetened ready to eat,12.50 KG,178.21,,,,,,,,V,,,,
GRAINS,SUMA BAGGED DOWN - ORGANIC,QS071,Quinoa; Red - Organic,,3 KG,18.05,,,,,,O,,V,05017601037408,,,
SNACK BARS & FLAPJACKS,TREK,KB505,Original oat protein flapjack,,16 X 50G,11.61,1,1.15,,,G,,S,V,5060088702246,05060088702253,N,
FLOURS & BREAD MIXES,WESSEX MILL,FG086,Plain Flour,,5 X 1.5KG,7.50,,1.99,,,,,,V,5060033580110,05060033580653,N,
BODY CARE,ALTER/NATIVE BY SUMA,DY962,Glycerine Soap - Patchouli,Balancing-with s'wood & ylang,6 X 90G,12.20,1,3.50,,,,,,V,5017601042891,05017601042884,N,
OILS & FATS,BIONA,GT014,Sesame Seed Oil Cold Pressed,,6 X 500ML,36.02,,7.99,,,,O,,V,5032722318861,5032722656253,,
SNACK BARS & FLAPJACKS,BOUNCE,ZX706,Filled peanut protein,,12 X 35G,14.91,1,1.99,,,G,,S,,5060411921498,5060411921597,N,
FAR EASTERN FOOD,CLEARSPRING,JP079,Umeboshi Plums Organic,,6 X 200G,44.96,,9.99,,,,O,,V,5021554980032,05021554980575,,
SOFT DRINKS,DALSTON'S,JU772,Sparkling Rhubarb,,24 X 330ML,17.39,1,1.19,,,G,,,V,5060494810221,15060494810228,,
HOUSEHOLD CLEANING PRODUCTS,ECOVER,HJ322,Fabric Conditioner Soft Apple,Apple Blossom & Almond,15L,24.35,1,,,,,,,V,5412533414967,,,
HERBS & SPICES - PREPACKED,SUMA,HE163,All Purpose Seasoning,,6 X 35G,6.71,,1.49,,,,,,V,5017601052395,05017601052388,N,
TEAS,HAMPSTEAD TEA,TE392,First Flush Darjeeling,,6 X 100G,32.83,,7.35,,,,O,,V,813427000894,813427000938,,
READY TO EAT FOODS (CHILLED),LOVING FOODS,CV929,Sauerkraut with Caraway,,6 X 475G,30.95,,6.85,,,G,O,,V,8944596459236,0689843841058,,
FRUIT - DRIED,SUMA PREPACKS,DR279,Mango Slices,Unsweetened ready to eat,6 X 125G,14.18,,3.15,,,,,,V,5017601024644,05017601024637,,
GRAINS,SUMA BAGGED DOWN - ORGANIC,QS028,Quinoa; Tricolour - Organic,,1 KG,9.05,,,,,,O,,V,05017601042686,,,
SNACK BARS & FLAPJACKS,Trek,KB185,Choc Peanut Flapjack,15g Protein Low Sugar,12 X 55G,13.54,1,1.79,,,G,,S,V,5060088701027,15060088701024,,
FLOURS & BREAD MIXES,WESSEX MILL,FG081,Six Seed Bread Flour,,5 X 1.5KG,11.60,,3.09,,,,,,V,5060033580172,05060033580424,N,
BODY CARE,ALTER/NATIVE BY SUMA,DY967,Glycerine Soap - Rose&Geranium,Calming-with rose petals,6 X 90G,12.20,1,3.50,,,,,,V,5017601042952,05017601042945,N,
GRAINS,BIONA,QS022,Spiced Red Lentil Dhal,,7 X 250G,18.59,,3.55,,,G,O,S,V,5032722319967,5032722657373,,
SNACK BARS & FLAPJACKS,BOUNCE,KB993,Indulgent Peanut Caramel Ball,,12 X 40G,15.60,1,2.09,,,G,,S,V,5060411921955,05060411921993,N,
FAR EASTERN FOOD,CLEARSPRING,JP148,White Instant Miso Soup,With Tofu & Spring Onions,8 X 32G,25.74,,4.29,,,,O,,V,5021554005759,05021554005766,,
JAMS & FRUIT SPREADS,ST DALFOUR,JS046,Raspberry & Pomegranate Spread,,6 X 284G,13.63,,3.05,,,,,,V,5014271796147,05014271746081,,
HOUSEHOLD CLEANING PRODUCTS,ECOVER,HJ325,Fabric Conditioner,Apple Blossom & Almond,6 X 750ML,9.77,1,2.59,,,,,,V,5412533419665,05412533419672,,
HERBS & SPICES - PREPACKED,SUMA,HE128,Chinese Curry,,6 X 50G,6.71,,1.49,,,,,,V,5017601051374,05017601051367,N,
TEAS,HAMPSTEAD TEA,TE255,Green Tea,Single Estate - looseleaf,6 X 100G,23.37,,5.19,B,,,O,,V,813427000863,10813427000907,,
PASTA SAUCES & PESTOS,MUTTI,VF271,Vegan Bolognese,,6 X 400G,17.83,,3.95,,,G,,,V,8005110003813,08005110003820,,
GRAINS,BULK COMMODITIES - ORGANIC,QS025,Quinoa Tricolour - Organic,,25 KG,124.85,,,,,,O,,V,,,,
SNACK BARS & FLAPJACKS,TREK,KB941,Salted Caramel Flapjack,,16 X 50G,11.61,1,1.15,,,G,,S,V,5060088709030,15060088709037,N,
FLOURS & BREAD MIXES,WESSEX MILL,FG055,Strong White Bread Flour,,5 X 1.5KG,8.16,,2.19,,,,,,V,5060033580011,05060033580400,N,
BODY CARE,ALTER/NATIVE BY SUMA,DY961,Glycerine Soap - Tea Tree&Aloe,Refreshing-with lemongrass,6 X 90G,12.20,1,3.50,,,,,,V,5017601042877,05017601042860,N,
BREADS & BREAD MIXES,BIONA,BT221,Super Seed Bread,,9 X 300G,25.94,,3.85,,,,O,,V,05032722319875,05032722657281,,
SNACK BARS & FLAPJACKS,BOUNCE,ZX592,Maple Pecan & Cashew,,12 X 35G,14.91,1,1.99,,,G,,S,V,5060411921641,05060411921702,N,
DRINKS (CHILLED),CALIFIA FARMS,CV822,Mocha Cold Brew Almond Drink,,8 X 250ML,9.60,,1.59,,,,,S,V,813636023424,10813636023421,,
JAMS & FRUIT SPREADS,ST DALFOUR,JS026,Apricot & Chia Spread,,6 X 170G,16.05,,3.59,,,,,,V,5014271005744,15014271005741,,
HOUSEHOLD CLEANING PRODUCTS,ECOVER,HJ327,Fabric Conditioner Gardenia,Gardenia and Vanilla,6 X 1.43L,20.70,1,5.49,,,,,,V,5412533425154,05412533425161,,
HERBS & SPICES - PREPACKED,SUMA,HE139,Cinnamon - ground,,6 X 35G,7.88,,1.75,,,,,,V,5017601049395,05017601049388,N,
HERB & FRUIT TEA INFUSIONS,HAMPSTEAD TEA,TE600,Digest Well,Was 'Fennel & Peppermint',4 X 20 BAGS,9.36,,3.15,B,,,O,,V,813427000443,10813427001188,,
PASTA SAUCES & PESTOS,MUTTI,VF008,Bolognese Sauce,Jar,6 X 400G,13.05,,2.89,,,G,,,V,8005110004704,08005110004711,,
GRAINS,SUMA BAGGED DOWN - ORGANIC,QS029,Quinoa; Tricolour - Organic,,3 KG,18.35,,,,,,O,,V,5017601042709,,,
CRISPS & SNACKS,SOUL FRUIT,ZX404,Freeze Dried Keo Mango Crisps,,10 X 20G,12.15,,1.79,,,G,,,V,0655498519352,0655498519383,N,
SNACK BARS & FLAPJACKS,TREK,KB976,Salted Caramel Flapjack Multi,,12 X 3 X 50G,23.21,1,3.09,,,G,,S,V,5060088709047,15060088709044,N,
DAIRY YOGHURTS,WOODLANDS DAIRY,CV103,Natural Goats Yoghurt,,6 X 450G,21.43,,4.75,,,G,O,,,5014618001286,,,
BODY CARE,ALTER/NATIVE BY SUMA,DY698,Hand Wash - Coconut & Argan,Moisturising with ylang ylang,6 X 400ML,22.45,1,5.99,,,,,,V,5017601051671,05017601051664,,
FAR EASTERN FOOD,BIONA,VF323,Organic Tempeh,,6 X 400G,20.04,,4.45,,,,O,,V,5032722316942,05032722654341,,
VINEGARS,BRAGG,KJ325,Apple Cider Vinegar w/Mother,,12 X 473ML,62.91,,6.99,,,G,O,,V,074305701160,10074305701167,,
READY MEALS (FROZEN),CLIVE'S,XL035,Cheesy Broccoli Quiche,Shortcrust pastry,4 X 380G,19.27,,6.40,,,,,S,V,5031102002178,15031102002175,,
JAMS & FRUIT SPREADS,ST DALFOUR,JS022,Blueberry & Acai Spread,,6 X 170G,16.05,,3.59,,,,,,V,15014271005772,5014271005775,,
HOUSEHOLD CLEANING PRODUCTS,ECOVER,HJ326,Fabric Conditioner,Gardenia & Vanilla,6 X 750ML,9.77,1,2.59,,,,,,V,5412533419702,05412533419719,,
HERBS & SPICES - PREPACKED,SUMA,HE140,Cinnamon Sticks,,6 X 12G,7.88,,1.75,,,,,,V,5017601049418,05017601049401,N,
TEAS,HAMPSTEAD TEA,TE171,Christmas Tea Organic,,4 X 20 BAGS,11.97,,3.99,,,,O,,V,813427002225,10813427002222,,
CEREALS & MUESLIS,ALARA,MX023,Gluten Free Muesli - organic,,6 X 250G,19.06,,4.25,,,G,O,,V,5016786030006,5016786030013,,
GRAINS,SUMA PREPACKS - ORGANIC,QS075,Quinoa; Tricolour - Organic,,6 X 500G,19.13,,4.25,,,,O,,V,5017601042730,05017601042723,,
CRISPS & SNACKS,SOUL FRUIT,DR051,Soft Dried Keo Mango,,10 X 30G,12.15,,1.79,,,G,,,V,0655498519345,0655498519376,N,
SNACK BARS & FLAPJACKS,TREK,KB981,White Choc & Raspberry Flapjak,9g Protein; Multipack,12 X 3 X 50G,23.21,1,3.09,,,G,,S,V,5060088709283,15060088709280,N,
NUT & SEED BUTTERS,WOWBUTTER,GH172,Crunchy Toasted Soya Spread,,6 X 500G,30.51,,6.79,,,G,,S,V,773948211011,20773948211015,,
TABLE SAUCES,BIONA,KJ393,Tomato Ketchup No Added Sugar,Squeezy,9 X 470G,25.27,,3.75,,,,O,,V,05032722319882,05032722657298,,
VINEGARS,BRAGG,KJ324,Apple Cider Vinegar w/Mother,,12 X 946ML,107.82,,11.98,,,G,O,,V,074305701320,10074305701327,,
SNACK BARS & FLAPJACKS,CLIF BAR,KB278,Chocolate Chip,,10 X 28G,8.21,1,1.29,,,,,S,V,722252153272,722252153289,N,
JAMS & FRUIT SPREADS,ST DALFOUR,JS024,Cherry & Acerola Spread,,6 X 170G,16.05,,3.59,,,,,,V,15014271005765,5014271005768,,
HOUSEHOLD CLEANING PRODUCTS,ECOVER,HJ036,Laundry Liquid NonBio C\trate,Lavender & Sandalwood 420 Wash,15L,66.04,1,,,,,,,V,5412533420791,,,
HERBS & SPICES - PREPACKED,SUMA,HE143,Cumin - ground,,6 X 45G,7.88,,1.75,,,,,,V,5017601049357,05017601049340,N,
HERB & FRUIT TEA INFUSIONS,HAMPSTEAD TEA,TE572,Lemon Ginger,Liberate your energy,4 X 20 BAGS,9.36,,3.15,B,,,O,,V,813427000436,10813427001195,,
CEREALS & MUESLIS,ALARA,MX031,Rich Muesli - organic,,6 X 500G,18.60,,4.15,,,,O,,V,5016786000009,5016786000016,,
FLAKES; BRANS & WHEATGERM,BULK COMMODITIES - ORGANIC,FX654,Quinoa Flakes - Organic,,15 KG,97.78,,,,,,O,,V,,,,
CRISPS & SNACKS,SOUL FRUIT,DR071,Soft Dried Sweet Mandarin,,10 X 25G,12.15,,1.79,,,G,,,V,0640516811396,0640516811372,N,
SNACK BARS & FLAPJACKS,TREK,KB965,White Choc Raspberry Flapjack,9g Protein,16 X 50G,11.61,1,1.15,,,G,,S,V,5060088709276,15060088709273,N,
NUT & SEED BUTTERS,WOWBUTTER,GH171,Smooth Toasted Soya Spread,,6 X 500G,30.51,,6.79,,,G,,S,V,773948211004,20773948211008,,
FAR EASTERN FOOD,BIONA,VF296,Thai Red Curry Paste,,6 X 125G,15.47,,3.45,,,,O,S,V,5032722312050,05032722657465,,
GRAINS,SUMA PREPACKS,QS055,Barley Grain - pearl,,6 X 500G,6.71,,1.49,,,,,,V,5017601020547,05017601020530,,
SNACK BARS & FLAPJACKS,CLIF BAR,KB782,Chocolate Chip & Peanut Butter,,12 X 50G,21.94,1,2.95,,,,O,S,V,722252869227,722252869234,N,
JAMS & FRUIT SPREADS,ST DALFOUR,JS025,Strawberry & Goji Spread,,6 X 170G,16.05,,3.59,,,,,,V,5014271005751,15014271005758,,
HOUSEHOLD CLEANING PRODUCTS,ECOVER,HJ276,Laundry Liquid NonBio C\trate,Lavender & Sandalwood 142 Wash,5L,21.58,1,34.49,,,,,,V,5412533413038,,,
HERB & FRUIT TEA INFUSIONS,HAMPSTEAD TEA,TE555,Lavender Valerian,Meditate your spirit,4 X 20 BAGS,9.36,,3.15,B,,,O,,V,813427001129,10813427001645,,
CEREALS & MUESLIS,SUMA BULK MUESLI,MX026,Crunchy Apricot Muesli,,10 KG,33.54,,,,,,,,,05017601700265,,,
FLAKES; BRANS & WHEATGERM,SUMA PREPACKS - ORGANIC,FX656,Quinoa Flakes - organic,,6 X 500G,24.98,,5.55,,,,O,,V,5017601024064,05017601024057,,
BAKING SUNDRIES,BREAD MATTERS,LJ218,Original Sourdough Starter,12 retail sachets per box,12 X 10G,51.43,,5.69,,,,O,,V,0799928905961,0700461185536,,
VEGAN & OAT MILK,SOJADE,SY023,Vanilla Soya Drink,French Soya,8 X 1L,13.56,,2.29,,,G,O,,V,3273227080279,13273221091940,,
SWEET SNACKS,WILD THINGZ,ZX912,Fruity Flyers Sweets,Red apple;Orange & Blackcurrnt,10 X 130G,17.86,1,2.95,,,G,O,S,V,5022775000196,5022775000271,N,
OILS & FATS,BIONA,GT024,Toasted Sesame Seed Oil,Cold Pressed,6 X 250ML,27.35,,6.09,,,,O,,V,5032722318878,5032722656260,,
GRAINS,BULK COMMODITIES,QS117,Barley Grain - pearl,,25 KG,32.31,,,,,,,,V,,,,
READY MEALS (FROZEN),CLIVE'S,XL022,Creamy Mushroom Puff Pie,chestnut; porcini & shiitake,6 X 235G,20.69,,4.60,,,,,,V,5031102001683,05031102001737,,
JAMS & FRUIT SPREADS,ST DALFOUR,JS004,Strawberry & Rhubarb Spread,,6 X 284G,13.63,,3.05,,,,,,V,5014271002705,15014271002702,,
HOUSEHOLD CLEANING PRODUCTS,ECOVER,HJ277,Laundry Liquid Non - Bio,28 Washes - Concentrated,6 X 1L,33.89,1,8.99,,,,,,V,5412533419580,05412533419597,,
HERB & FRUIT TEA INFUSIONS,HAMPSTEAD TEA,TE557,Rosehip Hibiscus,Joy in everything,4 X 20 BAGS,9.36,,3.15,B,F,,O,,V,813427000429,10813427001225,,
CEREALS & MUESLIS,SUMA BULK MUESLI,MX025,Crunchy Apricot Muesli,,25 KG,77.17,,,,,,,,,05017601700258,,,
PASTA,ORGRAN,WT091,Pasta Roma Rigatoni,rice; corn & yellow pea pasta,8 X 350G,25.50,,4.25,,,G,,,V,720516025495,50720516025490,,
FLAKES; BRANS & WHEATGERM,SUMA PREPACKS - ORGANIC,FX032,Rice Flakes Brown - organic,,6 X 500G,21.38,,4.75,,,,O,,V,5017601023548,05017601023531,,
BEANS & PULSES - DRIED,BULK COMMODITIES - ORGANIC,PU057,Soya Beans - organic,,25 KG,48.68,,,,,,O,,V,,,,
VEGAN & OAT MILK,SOJADE,SY016,Soya Drink Unsweetened Organic,organic,8 X 1L,11.05,,1.85,,,G,O,,V,3273227080156,13273221091971,,
SWEET SNACKS,WILD THINGZ,ZX923,Fruity Flyer Sweets Mini Pack,Red apple;Orange & Blackcurrnt,34 X 25G,21.89,1,1.05,,,G,O,S,V,5022775000301,5022775000325,N,
DESSERTS,BIONA,SY192,Coconut Whipping Cream,,6 X 400ML,12.38,,2.75,,,,O,,V,5032722317451,05032722654853,,
GRAINS,SUMA PREPACKS - ORGANIC,QS165,Pearl barley; organic,,6 X 500G,8.51,,1.89,,,,O,,V,5017601023326,05017601023319,,
SNACK BARS & FLAPJACKS,CLIF BAR,KB365,Chocolate Peanut Butter,,12 X 50G,21.94,1,2.95,,,,O,S,V,722252869296,722252597243,N,
JAMS & FRUIT SPREADS,ST DALFOUR,JS050,Strawberry Spread,,6 X 284G,13.63,,3.05,,,,,,V,5014271400426,05014271400433,,
HOUSEHOLD CLEANING PRODUCTS,ECOVER,HJ272,5L Pump,,1 X 1,4.00,1,6.75,,,,,,V,,,,
HERB & FRUIT TEA INFUSIONS,HAMPSTEAD TEA,TE180,Sleep Well,Rooibos; Camomile; Vanilla,4 X 20 BAGS,9.36,,3.15,B,,,O,,V,813427002133,10813427002130,,
CEREALS & MUESLIS,SUMA BULK MUESLI,MX027,Crunchy Apricot Muesli,,3 KG,10.72,,,,,,,,,05017601700272,,,
PASTA,ORGRAN,WT092,Pasta Roma Spirals,rice; corn & yellow pea pasta,8 X 350G,25.50,,4.25,,,G,,,V,720516025457,50720516025452,,
GRAINS,SUMA PREPACKS,QS050,Rice - basmati white,,6 X 500G,10.58,,2.35,,,,,,V,5017601023203,05017601023197,,
BEANS & PULSES - DRIED,SUMA PREPACKS - ORGANIC,PU146,Soya Beans - organic,,6 X 500G,10.13,,2.25,,,,O,,V,5017601024224,05017601024217,,
DAIRY YOGHURTS,BERGERIE,CV581,Goat Milk Yoghurt Natural Org,,8 X 125G,5.20,,0.85,,,G,O,,,3273227040877,13273227040874,,
SWEET SNACKS,WILD THINGZ,ZX914,Gummy Grubs Sweets,Peach; Apple; Cola,10 X 130G,17.86,1,2.95,,,G,O,S,V,5022775000202,5022775000288,N,
SUGARS & SYRUPS,BILLINGTONS,LJ058,Sugar - Demerara,,10 X 500 G,15.93,,2.15,,,,,,V,5010651001115,05010651051110,,
VEGAN & OAT MILK,THE BRIDGE,SY452,Rice Drink + Almond,organic,6 X 1L,11.20,,2.49,,,G,O,,V,8019428000099,38019428000090,,
SNACK BARS & FLAPJACKS,CLIF BAR,KB298,Crunchy Peanut Butter,,10 X 28G,8.21,1,1.29,,,,,S,V,722252153302,722252153319,N,
HOUSEHOLD PRODUCTS,DALIT GOODS,NF183,Tiffin Lunchbox - Dark Blue,stainless steel,EACH,23.00,1,36.99,,,,,,V,,5017601049838,,
HOUSEHOLD CLEANING PRODUCTS,ECOVER,HJ323,Fabric Conditioner,Apple Blossom & Almond,5L,9.74,1,15.49,,,,,,V,05412533415056,5412533415049,,
HERB & FRUIT TEA INFUSIONS,HAMPSTEAD TEA,TE556,Peppermint Spearmint,Mindful all day long,4 X 20 BAGS,9.36,,3.15,B,F,,O,,V,813427000399,10813427001218,,
CEREALS & MUESLIS,SUMA BULK MUESLI,MX033,Simply Muesli Base,,10 KG,17.90,,,,,,,,V,5017601700333,,,
BABY & CHILD FOOD,ORGANIX,BB020,Little Ruskits Vanilla,,4 X 60G,8.06,,2.68,,,,O,,,5024121673214,05024121673917,N,
GRAINS,SUMA PREPACKS,QS052,Rice - long grain brown,,6 X 500G,8.51,,1.89,,,,,,V,5017601019282,05017601019275,,
CEREALS & MUESLIS,SPOON CEREALS,MX039,Apple & Almond Butter Granola,,5 X 400G,14.40,,3.85,,,G,,,V,5060419540135,15060419540131,,
DAIRY CHEESE,BERGERIE,CV583,Organic Fresh Goat Cheese,,6 X 100G,10.63,,2.35,,,G,O,,,3273227041447,13273227041444,,
SWEET SNACKS,WILD THINGZ,ZX924,Gummy Grubs Sweets Mini Pack,Peach; Apple; Cola,34 X 25G,21.89,1,1.05,,,G,O,S,V,5022775000318,5022775000332,N,
SUGARS & SYRUPS,BILLINGTONS,LJ060,Sugar - Dark Muscovado,,10 X 500 G,16.21,,2.15,,,,,,V,5010651001313,05010651051318,,
VEGAN & OAT MILK,THE BRIDGE,SY068,Rice Drink - Cacao,organic,10 X 250ML,7.49,,1.19,,,,O,,V,8019428004073,18019428004070,,
READY MEALS (FROZEN),CLIVE'S,XL079,Creamy Mushroom GF Pie,,6 X 235G,20.70,,4.60,,,G,,,V,5031102002260,15031102002267,,
HOUSEHOLD CLEANING PRODUCTS,ECOVER,HJ304,Power Toilet Cleaner,Lemon & Orange,6 X 750ML,12.08,1,3.25,,,,,,V,5412533413793,05412533422054,,
CHOCOLATE,HU,KB674,Almond Butter Crispy Dark Bar,,12 X 60G,21.67,1,3.00,,F,G,O,S,V,1230000097055,11230000097052,N,
CEREALS & MUESLIS,SUMA BULK MUESLI,MX032,Simply Muesli Base,,20 KG,30.72,,,,,,,,V,5017601700326,,,
NUTS & SEEDS,SUMA PREPACKS - ORGANIC,NU254,Sunflower Seeds - organic,,6 X 250G,8.33,,1.85,,,,O,,V,5017601021087,05017601021070,,
GRAINS,SUMA PREPACKS - ORGANIC,QS066,Rice-long grain brown organic,,6 X 500G,11.93,,2.65,,,,O,,V,5017601020585,05017601020578,,
CEREALS & MUESLIS,SPOON CEREALS,MX003,Cinnamon + Pecan Granola,,5 X 400G,14.40,,3.85,,,G,,,V,5060419540028,25060419540022,,
DAIRY YOGHURTS,BERGERIE,CV585,Sheep Milk Yoghurt Greek Style,Organic,6 X 250G,8.89,,1.99,,,G,O,,,3273227240796,13273227240793,,
SWEET SNACKS,WILD THINGZ,ZX899,Zesty Pests Sweets,Green apple; lemon & Cherry,10 X 130G,17.86,1,2.95,,,G,O,S,V,5022775000189,5022775000264,N,
SUGARS & SYRUPS,BILLINGTONS,LJ057,Sugar - Golden Caster Sugar,,10 X 250G,7.13,,0.95,B,,G,,,V,5010067352757,05010067352856,,
VEGAN & OAT MILK,THE BRIDGE,SY008,Rice Drink + Coconut,organic,12 X 1L,23.85,,2.65,,,G,O,,V,8019428007173,18019428007170,,
COFFEE SUBSTITUTES,CLIPPER,TE108,No Caf Coffee Alternative,With chicory and barley,9 X 100G,23.84,,3.55,,,,O,,V,5013665117674,5013665148708,,
HOUSEHOLD CLEANING PRODUCTS,ECOVER,HJ238,Washing Powder - Non Bio,40 Washes,4 X 3KG,46.93,1,18.75,,,,,,V,5412533421286,05412533421293,,
CHOCOLATE,HU,KB675,Cashew Butter Vanilla Dark Chc,,12 X 60G,21.67,1,3.00,,F,G,O,S,V,1230000097062,11230000097069,N,
READY TO EAT FOODS (CHILLED),LOVING FOODS,CV314,Spicy Cortido Kraut,,6 X 475G,30.95,,6.85,,,G,O,,V,0689843840723,0689843840723,,
CEREALS & MUESLIS,SUMA BULK MUESLI,MX034,Simply Muesli Base,,3 KG,5.94,,,,,,,,V,5017601700340,,,
FRUIT - DRIED,SUMA PREPACKS - ORGANIC,DR132,Cherries sour - Organic,Tangy taste; no added sugar,6 X 125G,15.71,,3.49,,,,O,,V,5017601042358,05017601042341,,
GRAINS,SUMA PREPACKS - ORGANIC,QS067,Rice-short grain brown organic,,6 X 500G,12.11,,2.69,,,,O,,V,5017600211625,05017601021155,,
CEREALS & MUESLIS,SPOON CEREALS,MX005,The Low Sugar One Granola,,5 X 400G,14.40,,3.99,,,,,,V,5060419540202,15060419540209,,
DAIRY YOGHURTS,BERGERIE,CV084,Natural Goat Milk Yoghurt,,6 X 400G,16.15,,3.60,,,,O,,,3273227241775,13273227241172,,
SWEET SNACKS,WILD THINGZ,ZX917,Zesty Pest Sweets,Apple; Cherry; Lemon,34 X 25G,21.89,1,1.05,,,G,O,S,V,5022775000295,5022775000257,N,
SUGARS & SYRUPS,BILLINGTONS,LJ056,Sugar - Golden Granulated,,10 X 1 KG,29.55,,3.95,,,,,,V,5010651001559,05010651071552,,
VEGAN & OAT MILK,THE BRIDGE,SY188,Coconut Cream - Organic,non dairy cream,10 X 200ML,11.41,,1.55,,,G,O,,V,8019428005025,18019428005022,,
READY MEALS (FROZEN),CLIVE'S,XL338,Organic Nut Roast,,6 X 280G,31.40,,6.99,,,G,O,S,V,5031102001249,05031102001119,,
HOUSEHOLD CLEANING PRODUCTS,ECOVER,HJ134,Washing Up Liquid Zero,Zero fragrance or colouring,5L,12.22,1,19.49,,,,,,V,5412533418613,,,
CHOCOLATE,HU,KB673,Hazelnut Butter Dark Chocolate,,12 X 60G,21.67,1,3.00,,F,G,O,S,V,1230000097048,11230000097045,N,
READY TO EAT FOODS (CHILLED),LOVING FOODS,CV803,Turmeric & Black Pepper Kimchi,,6 X 475G,30.95,,6.85,,,G,O,,V,8944596459250,0689843841072,,
CEREALS & MUESLIS,SUMA BULK MUESLI,MX184,Cranberry Crunch,,3 KG,13.68,,,,,,,,,05017601017196,,,
FRUIT - DRIED,SUMA BAGGED DOWN - ORGANIC,DR131,Cherries Sour - organic,Tangy taste; no added sugar,1 KG,19.45,,,,,,O,,V,5017601042327,,,
GRAINS,SUMA PREPACKS,QS085,Rice - basmati brown,,6 X 500G,11.03,,2.45,,,,,,V,5017601021148,05017601021131,,
CEREALS & MUESLIS,SPOON CEREALS,MX037,Peanut Butter Granola,,5 X 400G,14.40,,3.85,,,,,S,V,5060419540226,15060419540223,,
DAIRY CHEESE,BERGERIE,CV590,Organic Fresh Sheeps Cheese,,6 X 100G,10.43,,2.30,,,,O,,,3273227241410,13273227241417,,
DAIRY YOGHURTS,WOODLANDS DAIRY,CV420,Natural Sheeps Yoghurt,,6 X 450G,21.43,,4.75,,,,O,,,5014618400508,05014618903450,,
SUGARS & SYRUPS,BILLINGTONS,LJ059,Sugar - Light Muscovado,,10 X 500 G,16.21,,2.15,,,,,,V,5010651001214,05010651051219,,
VEGAN & OAT MILK,THE BRIDGE,SY160,Coconut Drink,organic,12 X 1L,22.00,,2.45,,,G,O,,V,8019428007364,18019428007361,,
SNACK BARS & FLAPJACKS,CLIF BAR,KB316,White Chocolate Macadamia Nut,,10 X 28G,8.21,1,1.29,,,,,S,V,722252153333,722252153340,N,
HOUSEHOLD PRODUCTS,ECOZONE,NF302,Bin Liners Tie Tape 30L,Oxo Biodegradable; White,12 X 20 BAGS,38.23,1,5.45,,,,,,V,5060101534250,15060101534769,,
CHOCOLATE,HU,KB678,Crunchy Mint Dark Chocolate,,12 X 60G,21.67,1,3.00,,F,G,O,S,V,1230000097031,11230000097038,N,
SUPPLEMENTS & REMEDIES,LOVE CBD,VM135,Entourage CBD Capsules,10mg Per Capsule,1 X 30 CAPS,10.25,1,18.99,,,,,,V,5060469590257,,,
CEREALS & MUESLIS,SUMA BULK MUESLI,MX041,Roast Hazelnut Muesli,,10 KG,28.84,,,,,,,,V,05017601700418,,,
FRUIT - DRIED,BULK COMMODITIES - ORGANIC,DR130,Cherries Sour - Organic,Tangy taste; no added sugar,8 KG,152.73,,,,,,O,,V,,,,
GRAINS,SUMA PREPACKS,QS090,Rice - arborio (risotto),,6 X 500G,12.38,,2.75,,,,,,V,5017601019244,05017601019237,,
CEREALS & MUESLIS,SPOON CEREALS,MX138,Super Oats Porridge,,5 X 500G,15.00,,3.99,,,G,,,V,5060419540240,15060419540247,,
VEGAN & OAT MILK,SOJADE,SY018,Soya Drink - Mild Sweetened,sweetend with apple juice,8 X 1L,12.24,,2.09,,,G,O,,V,3273220180259,13273221099199,,
TOOTH CARE,YAWECO,DY332,Medium Refill Heads,6 packs of 4 Toothbrush Heads,6 X 4 HEADS,37.89,1,9.99,,,,,,V,4280001065574,4280001065581,,
BODY CARE,ALTER/NATIVE BY SUMA,DY125,Hand Wash - Coconut & Argan,Moisturising with ylang ylang,5L,28.50,1,45.99,,,,,,V,5017601044314,05017601044307,,
SUGARS & SYRUPS,BILLINGTONS,LJ109,Sugar - Molasses,,5 X 500G,8.37,,2.25,,,,,,V,5010651001412,5010067350645,,15 SEP 25
READY MEALS (FROZEN),CLIVE'S,XL029,Cauliflower Wholemeal Pie,,6 X 235G,19.98,,4.45,,,,,S,V,5031102002154,15031102002215,,
HOUSEHOLD PRODUCTS,ECOZONE,NF473,Caddy Liner 10L,100% Compostable,25 X 22 BAGS,52.86,1,3.61,,,,,,V,5060101531433,15060101531430,,
CHOCOLATE,HU,KB672,Salty Dark Chocolate Bar,,12 X 60G,21.67,1,3.00,,F,G,O,S,V,1230000097017,11230000097014,N,
SUPPLEMENTS & REMEDIES,LOVE CBD,VM393,Hemp Tea,Peppermint; Ginger & Chamomile,1 X 10 BAGS,4.29,,5.99,,,,,,V,8719326036960,,,
CEREALS & MUESLIS,SUMA BULK MUESLI,MX042,Roast Hazelnut Muesli,,3 KG,10.09,,,,,,,,V,05017601700425,,,
NUTS & SEEDS,SUMA BAGGED DOWN - ORGANIC,NU080,Sesame Seeds - Organic,,2.5 KG,12.85,,,,,,O,,V,5017601009375,,,
GRAINS,SUMA PREPACKS,QS104,Rice - pudding white,,6 X 500G,10.13,,2.25,,,,,,V,5017601023227,05017601023210,,
HOUSEHOLD CLEANING PRODUCTS,SPRUCE CLEANING,HJ267,Bathroom Starter Kit,Plastic Free,12 X 500ML,70.00,1,9.59,,,,,,V,5060772030020,5060772030440,,
DAIRY YOGHURTS,BERGERIE,CV625,Sheep's Milk Yoghurt Natural,,6 X 400G,15.84,,3.50,,,,O,,,3273227241076,13273227241073,,
TOOTH CARE,YAWECO,DY015,Adult Toothbrush - Medium,Assorted Colours,6 X 1,20.23,1,5.39,,,,,,V,4280001065123,4280001065178,,
BODY CARE,ALTER/NATIVE BY SUMA,DY482,Hand Wash - Lavender & Vetiver,Revitalising with cedarwood,5L,28.50,1,45.99,,,,,,V,5017601051015,05017601051008,,
SUGARS & SYRUPS,BILLINGTONS,LJ999,Granulated Sugar - organic,,10 X 500 G,19.58,,2.59,,,,O,,V,5010651001917,05010651051912,,
COFFEE SUBSTITUTES,CLIPPER,TE104,Wake Up Coffee Substitute,With guarana; barley; chicory,9 X 125G,30.94,,4.59,,,,,,V,5013665117698,5013665148722,,
HOUSEHOLD CLEANING PRODUCTS,ECOZONE,HJ121,Enzymatic Drain Sticks,,12 X 12 X 1,37.95,1,5.40,,,,,,V,5060101534717,15060101534714,,
HERBS & SPICES - PREPACKED,SUMA,HE175,Cumin Seeds,,6 X 45G,7.88,,1.75,,,,,,V,5017601049371,05017601049364,N,
CHOCOLATE,HU,KB671,Simple Dark Chocolate Bar,,12 X 60G,21.67,1,3.00,,F,G,O,S,V,1230000097000,11230000097007,N,
SUPPLEMENTS & REMEDIES,LOVE CBD,VM391,High Strength CBD Patches,45mg Per Patch,1 X 10,10.55,1,19.99,,,,,,V,5060469590431,,,
CEREALS & MUESLIS,SUMA BULK MUESLI,MX017,Luxury Tropical Muesli,50%+ fruit & nut;contains SO2,10 KG,27.03,,,,,,,,V,05017601026815,,,
NUTS & SEEDS,BULK COMMODITIES - ORGANIC,NU208,Sesame seeds - organic,,25 KG,98.75,,,,,,O,,V,,,,
GRAINS,SUMA PREPACKS - ORGANIC,QS302,Rice - basmati; brown organic,,6 X 500G,12.38,,2.75,,,,O,,V,5017601019923,05017601019916,,
VEGAN & OAT MILK,SPROUD,SY033,Cooking / Whipping Cream,,6 X 1LTR,10.63,,4.75,,,G,,S,V,7340150801380,7340150801397,,03 OCT 25
DAIRY YOGHURTS,BERGERIE,CV621,Sheep's Milk Yoghurt Natural,,8 X 125G,5.54,,0.99,,,,O,,,3273227240062,13273227240069,,
DAIRY BUTTER; CREAM & MILK,YEO VALLEY,CV309,Half Fat Creme Fraiche,Bio Live,6 X 200G,8.22,,1.85,,,,O,,,5014067245873,05014067645871,,
BODY CARE,ALTER/NATIVE BY SUMA,DY481,Hand Wash - Lavender & Vetiver,Revitalising with cedarwood,6 X 400ML,22.45,1,5.99,,,,,,V,5017601050995,05017601050988,,
SUGARS & SYRUPS,BILLINGTONS,LJ190,Organic Natural Golden Caster,,10 X 500G,20.98,,2.79,,,,O,,V,5010651000811,05010651050816,,
SNACK BARS & FLAPJACKS,CLIF BAR,KB285,Blueberry Almond Crisp,,12 X 68G,18.22,1,2.45,,,,,S,V,722252387509,722252387516,N,
HOUSEHOLD CLEANING PRODUCTS,ECOZONE,HJ320,Kettle and Iron Descaler,,8 X 60G,19.66,1,4.19,,,,,,V,5060101530269,15060101530266,,
HERBS & SPICES - PREPACKED,SUMA,HE363,Curry Powder - Hot,,6 X 45G,7.88,,1.75,,,,,,V,5017601049432,05017601049425,N,
CHOCOLATE,HU,KB680,Vanilla Crunch Dark Chocolate,,12 X 60G,21.67,1,3.00,,F,G,O,S,V,1230000097024,11230000097021,N,
SUPPLEMENTS & REMEDIES,LOVE CBD,VM132,Entourage CBD Oil,800mg Per Bottle,1 X 20ML,27.35,1,48.99,,,,,,V,5060469590011,,,
CEREALS & MUESLIS,SUMA BULK MUESLI,MX185,Luxury Tropical Muesli,50%+ fruit & nut;contains SO2,3 KG,8.77,,,,,,,,V,5017601017233,,,
BISCUITS CRACKERS & CRISPBREAD,ORGRAN,BT176,Spliits Pumpkin Crispbread,,6 X 130G,16.89,,3.75,,,G,,,V,0720516025525,60720516025527,,
GRAINS,SUMA PREPACKS - ORGANIC,QS303,Rice - white basmati organic,,6 X 500G,12.83,,2.85,,,,O,,V,5017601019220,05017601019213,,
VEGAN & OAT MILK,SPROUD,SY220,Sproud Barista Zero,No added sugar or sweeteners,6 X 1L,11.00,,2.45,,,G,,,V,7340150800819,7340150800826,,
DESSERTS,SOJADE,SY099,Chocolate Soya Dessert,with screwtop,8 X 530G,9.70,,1.65,,,G,O,S,V,3273220187340,13273221093128,,
DAIRY YOGHURTS,YEO VALLEY,CV365,Raspberry Yoghurt,Bio Live,6 X 450G,12.38,,2.75,,,,O,S,,5036589200178,05036589900191,,
BODY CARE,ALTER/NATIVE BY SUMA,DY701,Hand Wash - Pink Grapefruit,Uplifting with lime,6 X 400ML,22.45,1,5.99,,,,,,V,5017601051695,05017601051688,,
SUGARS & SYRUPS,TRUVIA,LJ256,Sweetener from the Stevia Leaf,Calorie free - Tablets,12 X 100,27.12,,2.99,,,,,,V,5010067321555,05010067321500,,
SNACK BARS & FLAPJACKS,CLIF BAR,KB283,Chocolate Almond Fudge Bar,,12 X 68G,18.22,1,2.45,,,,,S,V,722252387615,722252387622,N,
HOUSEHOLD CLEANING PRODUCTS,ECOZONE,HJ278,Mould Remover,,6 X 500ML,19.11,1,5.45,,,,,,V,5060101531020,15060101531027,,
HERBS & SPICES - PREPACKED,SUMA,HE129,Dhansak Curry,,6 X 40G,6.71,,1.49,,,,,,V,5017601051398,05017601051381,N,
CRISPS & SNACKS,HULIGAN,ZX551,Pretzel Crush Cheese,,18 X 65G,11.31,,0.85,,,,,S,,3800200451766,3800200452145,N,
SUPPLEMENTS & REMEDIES,LOVE CBD,VM392,Versatile CBD Balm,Muscle & Lip Balm,1 X 63G,12.85,1,22.99,,,,,,,5060469590059,,,
CEREALS & MUESLIS,SUMA BULK MUESLI - ORGANIC,MX052,Muesli - organic,,10 KG,39.13,,,,,,O,,V,05017601025139,,,
BISCUITS CRACKERS & CRISPBREAD,ORGRAN,BT177,Spliits Swt Potato Crispbread,,6 X 130G,16.89,,3.75,,,G,,,V,0720516025730,60720516025732,,
GRAINS,BULK COMMODITIES,QS125,Rice - Arborio (risotto),,25 KG,84.62,,,,,,,,V,5017601048299,,,29 SEP 25
SUPERFOODS & SPORTS NUTRITION,SQUISHED,VM063,Rescue Blueberry Boost,,16 X 150G,69.70,,5.79,,,G,,,V,660111520387,749565397117,,
DESSERTS,SOJADE,SY107,Vanilla Soya Dessert,with screwtop,8 X 530ML,9.97,,1.65,,,G,O,S,V,3273220187364,13273221093159,,
DAIRY YOGHURTS,YEO VALLEY,CV360,Natural Yoghurt,Bio Live,6 X 450G,11.10,,2.45,,,,O,,,5036589255598,05036589256229,,
BODY CARE,ALTER/NATIVE BY SUMA,DY130,Hand Wash - Pink Grapefruit,Uplifting with lime,5L,28.50,1,45.99,,,,,,V,5017601044352,05017601044345,,
SUGARS & SYRUPS,TRUVIA,LJ086,Sweetener from the Stevia Leaf,Calorie free - Tubs,6 X 270G,31.99,,7.11,,,,,,V,5010067321630,05010067321647,,
SNACK BARS & FLAPJACKS,CLIF BAR,KB086,Chocolate Chip Bar,,12 X 68G,18.22,1,2.45,,,,,S,V,722252387486,722252387493,N,
HOUSEHOLD CLEANING PRODUCTS,ECOZONE,HJ044,Appliance Descaler,Multi- Purpose,12 X 500ML,42.00,1,5.99,,,G,,,V,5060101531594,15060101531591,,
HERBS & SPICES - PREPACKED,SUMA,HE196,Fenugreek Seeds,,6 X 50G,6.08,,1.35,,,,,,V,5017601034957,05017601034940,N,
CRISPS & SNACKS,HULIGAN,ZX541,Pretzel Crush Honey Mustard,,18 X 65G,11.31,,0.85,,,,,S,,3800200451773,3800200452152,N,
SUPPLEMENTS & REMEDIES,LOVE CBD,VM285,Dutch CBD Oil - 300mg,,1 X 20ML,10.60,1,18.99,,,,,,V,5060469590042,,,
CEREALS & MUESLIS,SUMA BULK MUESLI - ORGANIC,MX119,Deluxe Muesli - Organic,,10 KG,40.19,,,,,,O,,V,5017601025153,,,
BABY & CHILD FOOD,ORGANIX,BB015,Strawberry Corn Puffs,,5 X 25G,6.01,,1.34,,,,O,,V,8713500013075,05024121338922,,
GRAINS,SUMA BAGGED DOWN,QS078,Rice - arborio (risotto),,5 KG,19.25,,,,,,,,V,5017601008330,,,
JAMS & FRUIT SPREADS,SQUISHED,JS015,Rescue Blueberry Jam,,6 X 320G,23.14,,5.15,,,,,,V,792816670095,740111373005,,
VEGAN YOGHURT,SOJADE,CV486,Blueberry Yoghurt,Contains Bifidus Culture,6 X 400G,9.55,,2.10,,,G,O,S,V,3273227083324,13273227083321,,
DAIRY YOGHURTS,YEO VALLEY,CV366,Apricot & Peach Yoghurt,Bio Live,6 X 450G,12.38,,2.75,,,,O,S,,5014067153819,05014067653814,,
BODY CARE,ALTER/NATIVE BY SUMA,DY700,Hand Wash - Patchouli,Balancing with ylang ylang,6 X 400ML,22.45,1,5.99,,,,,,V,5017601051657,05017601051640,,
TABLE SAUCES,BIONA,KJ228,Balsamic Glaze Organic,,12 X 150ML,37.34,,4.15,,,,O,,V,5032722314047,05032722651401,,
SNACK BARS & FLAPJACKS,CLIF BAR,KB083,Crunchy Peanut Butter,,12 X 68G,18.22,1,2.45,,,,,S,V,722252387530,722252387547,N,
HOUSEHOLD PRODUCTS,DALIT GOODS,NF187,Tiffin Lunchbox - Red,stainless steel,EACH,23.00,1,36.99,,,,,,V,5017601051176,05017601051169,,
HOUSEHOLD CLEANING PRODUCTS,ECOZONE,HJ158,Multi Surface Wipes - Anti Bac,40 Wipes. 100% Biodegradable,8 X 40,16.91,1,3.61,,,,,,V,5060101530870,15060101530877,,
HERBS & SPICES - PREPACKED,SUMA,HE078,Five Spice Seasoning,Chinese flavouring,6 X 35G,6.71,,1.49,,,,,,V,5017601049517,05017601049500,N,
CRISPS & SNACKS,HULIGAN,ZX567,Pretzel Crush Jalapeno,,18 X 65G,11.31,,0.85,,,,,S,V,3800200452480,3800200452497,N,
SUPPLEMENTS & REMEDIES,LOVE CBD,VM286,Dutch CBD Oil - 500mg,,1 X 20ML,16.18,1,28.99,,,,,,V,5060469590066,,,
CEREALS & MUESLIS,SUMA BULK MUESLI - ORGANIC,MX160,Muesli - organic,,25 KG,91.30,,,,,,O,,V,5017601025184,05017601025177,,
NUTS & SEEDS,SUMA BAGGED DOWN - ORGANIC,NU084,Sunflower seeds - organic,,2.5 KG,8.65,,,,,,O,,V,5017601770848,,,
GRAINS,SUMA BAGGED DOWN,QS403,Rice - basmati; white,,10 KG,30.95,,,,,,,,V,5017601480037,,,
JAMS & FRUIT SPREADS,SQUISHED,JS014,Rescue Raspberry Jam,,6 X 320G,23.14,,5.15,,,,,,V,792816670101,740111372992,,
VEGAN YOGHURT,SOJADE,CV494,Mango & Peach Yoghurt,Contains Bifidus Culture,6 X 400G,9.55,,2.15,,,G,O,S,V,3273227083225,13273227083222,,
DESSERTS; DAIRY (FROZEN),YEO VALLEY,XL159,Blueberry Kefir Ice Cream,,6 X 480ML,22.65,1,6.09,,,,O,S,,5036589253358,5036589253341,,
BODY CARE,ALTER/NATIVE BY SUMA,DY122,Hand Wash - Patchouli,Balancing with ylang ylang,5L,28.50,1,45.99,,,,,,V,5017601044277,5017601044260,,
TABLE SAUCES,BIONA,KJ226,Sweet Chilli Sauce Organic,,6 X 250ML,15.93,,3.55,,,,O,S,V,5032722314054,05032722651418,,
SNACK BARS & FLAPJACKS,CLIF BAR,KB284,White Chocolate Macadamia Bar,,12 X 68G,18.22,1,2.45,,,,,S,V,722252387578,722252387585,N,
HOUSEHOLD PRODUCTS,DALIT GOODS,NF189,Tiffin Lunchbox - Yellow,stainless steel,EACH,23.00,1,36.99,,,,,,V,5017601051213,05017601051206,,
HOUSEHOLD CLEANING PRODUCTS,ECOZONE,HJ052,Laundry Capsules Non-Bio,20 Capsules,12 X 500G,75.77,1,10.80,,,,,,V,5060101530733,15060101530730,,
HERBS & SPICES - PREPACKED,SUMA,HE180,Garam Masala,,6 X 45G,6.71,,1.49,,,,,,V,5017601049531,05017601049524,N,
CRISPS & SNACKS,HULIGAN,ZX553,Pretzel Crush Sriracha Sauce,,18 X 65G,11.31,,0.85,,,,,S,V,3800200451759,3800200452138,N,
SUPPLEMENTS & REMEDIES,LOVE CBD,VM287,Dutch CBD Capsules,5mg Per Capsule,1 X 60 CAPS,10.25,1,18.99,,,,,,V,5060469590240,,,
CEREALS & MUESLIS,SUMA BULK MUESLI - ORGANIC,MX183,Muesli - organic,,3 KG,12.78,,,,,,O,,V,05017601025214,,,
NUTS & SEEDS,BULK COMMODITIES - ORGANIC,NU083,Sunflower seeds - organic,,25 KG,65.39,,,,,,O,,V,,,,
GRAINS,BULK COMMODITIES - ORGANIC,QS666,Rice - basmati; white organic,,25 KG,73.87,,,,,,O,,V,5017601048336,,,
READY MEALS (FROZEN),STRONG ROOTS,XL273,Crispy Veg Air Bites,,12 X 300G,28.25,,3.15,,,G,,,V,5391528181919,05391528182145,,
VEGAN & OAT MILK,SOJADE,SY017,Cuisine- Organic Soya Cream,now with screwtop,24 X 200ML,18.14,,1.05,,,,O,,V,3273227088213,23273227088217,,
DAIRY YOGHURTS,YEO VALLEY,CV709,Blueberry Yoghurt,Bio Live,6 X 450G,12.38,,2.75,,,,O,,,5036589202929,05036589903451,,
BODY CARE,ALTER/NATIVE BY SUMA,DY697,Hand Wash - Rose & Geranium,Calming & relaxing,6 X 400ML,22.45,1,5.99,,,,,,V,5017601051718,05017601051701,,
TABLE SAUCES,BIONA,KJ225,BBQ Sauce Organic,,6 X 250ML,15.93,,3.55,,,,O,S,V,5032722314061,05032722651425,,
TEAS,CLIPPER,TE448,Fairtrade Everyday One Cup Bag,,1120 BAGS,24.06,,32.09,,F,,,,V,5021991944185,,,
READY MEALS (FROZEN),DALOON,XL361,Vegetable Samosas,,60 X 70G,31.39,,,,,,,,V,,0871055551668,N,
HOUSEHOLD CLEANING PRODUCTS,ECOZONE,HJ196,Dishwasher Tablets Optimum 30s,All In One,8 X 30 TABS,45.89,1,9.99,,,,,,V,5060101534731,15060101534738,,
HERBS & SPICES - PREPACKED,SUMA,HE181,Allspice - ground,,6 X 35G,10.13,,2.25,,,,,,V,5017601049210,05017601049203,N,
TOOTH CARE,HUMBLE,DY648,Toothbrush Adult Medium Mixed,,10 X 1,25.00,1,3.99,,,,,,V,7350075693793,17350075693790,,
CHOCOLATE,LOVERAW,KB451,Loveraw M:lk Choc Wafer,,12 X 43G,14.58,1,1.99,,,,,S,V,5060462260539,5060462260546,N,
CEREALS & MUESLIS,SUMA BULK MUESLI - ORGANIC,MX130,Deluxe Muesli,,3 KG,12.46,,,,,,O,,V,5017601025245,,,
PASTA,ORGRAN,WT080,Vegetable Rice Spirals,,5 X 350G,14.96,,3.99,,,G,,,V,720516025778,20720516025772,,
GRAINS,BULK COMMODITIES - ORGANIC,QS667,Rice - basmati; brown organic,,25 KG,67.60,,,,,,O,,V,,,,
VEGETABLES (FROZEN),STRONG ROOTS,XL164,Cauliflower Hash Browns,,12 X 375G,31.47,,3.49,,,,,,V,5391528180271,05391528180288,,
SOFT DRINKS,TRIP,JU362,Elderflower & Mint CBD Drink,15mg of CBD,12 X 250ML,14.87,1,1.99,,,G,,,V,5070000120706,25060884851173,,
DAIRY BUTTER; CREAM & MILK,YEO VALLEY,CV726,Unsalted Organic Butter,,20 X 200G,56.85,,3.79,,,,O,,,5000246728794,15000246562012,,
BODY CARE,ALTER/NATIVE BY SUMA,DY129,Handwash - Rose & Geranium,Calming & relaxing,5L,28.50,1,45.99,,,,,,V,5017601044338,05017601044321,,
NUT & SEED BUTTERS,BIONA,GH102,Almond Butter Smooth Organic,,6 X 350G,54.73,,12.15,,,,O,,V,5032722314078,05032722651432,,
TEAS,CLIPPER,TE451,Speciality English Breakfast,Envelope; String & Tagged,250 BAGS,18.84,,25.15,,F,,O,,V,05021991974007,,,
CANDLES; INCENSE & HOLDERS,DALIT GOODS,NF308,White Bauble Set - 5 Pieces,White Gold hand painted,1 X 5,20.50,1,34.99,,,,,,V,5017601052418,05017601052401,,
HOUSEHOLD CLEANING PRODUCTS,ECOZONE,HJ198,Dishwasher Tablets Optimum 72s,All In One,4 X 72 TABS,50.57,1,21.79,,,,,,V,5060101534748,15060101534745,,
HERBS & SPICES - PREPACKED,SUMA,HE182,Arrowroot - ground,,6 X 50G,6.08,,1.35,,,,,,V,5017601034575,05017601034568,N,
TOOTH CARE,HUMBLE,DY651,Toothbrush Kids Ultra Soft Mix,,20 X 1,50.00,1,3.99,,,,,,V,7350075690082,17350075690089,,
CHOCOLATE,LOVERAW,KB127,M:lk Choc Peanut Butter Cups,,18 X 34G,19.43,1,1.79,,,G,,S,V,5060462261475,5060462261482,N,
BEANS & PULSES - DRIED,BULK COMMODITIES,PU033,Mung Beans,,25 KG,50.77,,,,,,,,V,,,,
NUTS & SEEDS,BULK COMMODITIES - ORGANIC,NU118,Walnuts Light Halves - organic,,10 KG,107.85,,,,,,O,,V,,,,08 OCT 25
GRAINS,SUMA BAGGED DOWN,QS064,Rice - basmati; brown,,3 KG,9.25,,,,,,,,V,5017601480648,,,
VEGETABLES (FROZEN),STRONG ROOTS,XL217,Crispy Crinkle Fries,,12 X 750G,31.48,,3.49,,,G,,,V,5391528181599,05391528181711,,
SOFT DRINKS,TRIP,JU374,Lemon & Basil CBD Drink,15mg of CBD,12 X 250ML,14.87,1,1.99,,,G,,,V,5070000120775,35070000120776,,
SOUPS (CHILLED),YEO VALLEY,CV607,Cream of Vegetable Soup,,6 X 400G,15.46,,3.45,,,,O,,,5036589257653,5036589255505,,08 SEP 25
BODY CARE,ALTER/NATIVE BY SUMA,DY699,Hand Wash - Tea Tree & Aloe,Refreshing with lemongrass,6 X 400ML,22.45,1,5.99,,,,,,V,5017601051633,05017601051626,,
VEGETABLES,BIONA,VF134,Apple Puree Organic,,6 X 700G,15.93,,3.55,,,,O,S,V,5032722302051,05032722645127,,
SOFT DRINKS,BRITE,JU193,Lemon Lime Nootropic Drink,,24 X 330ML,35.65,1,1.99,,,,,,V,5060538080306,5060538080399,,
TEAS,CLIPPER,TE150,Earl Grey,Envelope; String & Tagged,6 X 25BAGS,13.65,,3.05,,F,,O,,V,5021991625121,05021991635120,,
SWEET SNACKS,DANDIES,ZX654,Vegan Chocolate Marshmallows,Mini Marshmallows,2 X 10 X 105,31.76,,2.29,,,G,,S,V,21230000090067,31230000090064,,
HOUSEHOLD CLEANING PRODUCTS,ECOZONE,HJ197,Plughole Unblocker,,9 X 250ML,44.10,1,8.39,,,,,,V,5060101530740,1506010153075,,
HERBS & SPICES - PREPACKED,SUMA,HE189,Cloves - ground,,6 X 18G,6.71,,1.49,,,,,,V,5017601037972,05017601035909,N,
TOOTH CARE,HUMBLE,DY649,Toothbrush Adult Mixed Soft Pk,,10 X 1,25.00,1,3.99,,,,,,V,7350075693786,17350075693783,,
CHOCOLATE,LOVERAW,KB350,Peanut Butter Cups,,12 X 39G,15.26,1,1.99,,,,,S,V,5060462263516,15060462263513,N,16 SEP 25
BEANS & PULSES - DRIED,SUMA BAGGED DOWN,PU051,Mung Beans,,3 KG,8.39,,,,,,,,V,5017601009764,,,
NUTS & SEEDS,SUMA BAGGED DOWN - ORGANIC,NU049,Walnuts - Organic,,2.5 KG,31.79,,,,,,O,,V,5017601009382,,,
GRAINS,BULK COMMODITIES,QS004,Rice - basmati; brown,,25 KG,56.25,,,,,,,,V,,,,
MEAT ALTERNATIVES(FROZEN),STRONG ROOTS,XL214,Kale & Quinoa Burger,,12 X 300G,31.48,,3.49,,,,,,V,5391528181056,5391528181063,,
ESSENTIAL OILS,ABSOLUTE AROMAS,DY685,Eucalyptus Globulus,,1 X 10ML,2.90,1,5.20,,,,O,,V,800783005106,,,
DAIRY BUTTER; CREAM & MILK,YEO VALLEY,CV101,Double Cream,,6 X 220ML,11.07,,2.45,,,G,O,,,5036589256663,05036589256625,,
SOFT DRINKS,TRIP,JU083,Cucumber & Mint Drink,With botanical extracts,12 X 250ML,14.87,1,1.99,,,,,,V,5060884851381,5060884851384,,
BODY CARE,ALTER/NATIVE BY SUMA,DY121,Hand Wash - Tea Tree & Aloe,Refreshing with lemongrass,5L,28.50,1,45.99,,,,,,V,5017601044253,05017601044246,,
NUT & SEED BUTTERS,BIONA,GH210,Almond Butter Smooth Organic,,6 X 170G,28.71,,6.39,,,,O,,V,5032722305830,05032722642270,,
VEGAN & OAT MILK,THE BRIDGE,SY002,Oat Drink,organic,12 X 1L,19.70,,2.19,,,,O,,V,8019428000105,18019428000102,,
HERB & FRUIT TEA INFUSIONS,CLIPPER,TE148,Chamomile,Envelope; String & Tagged,6 X 25 BAGS,16.80,,3.75,,F,,O,,V,5021991625145,05021991635144,,
SWEET SNACKS,DANDIES,ZX668,Vegan Vanilla Jumbo Campers,Jumbo Marshmallow,10 X 280G,30.75,1,4.99,,,G,,S,V,1230000090070,31230000090071,,
HOUSEHOLD CLEANING PRODUCTS,ECOZONE,HJ020,Rinse Aid,,12 X 500ML,33.77,1,4.80,,,,,,V,5060101530450,15060101530457,,
HERBS & SPICES - PREPACKED,SUMA,HE131,Jalfrezi Mix,,6 X 30G,6.71,,1.49,,,,,,V,5017601051435,05017601051428,N,
BODY CARE,HUMBLE,NF536,Bamboo Cotton Swabs - White,,10 X 100,12.15,1,1.99,,,,,,V,7350075692567,17350075692564,N,
CHOCOLATE,LOVERAW,KB687,Peanut Caramel Bar M:lk Choc,,12 X 40G,14.58,1,1.99,,,,,S,V,5060462263288,5060462263295,N,
BEANS & PULSES - DRIED,SUMA BAGGED DOWN - ORGANIC,PU120,Mung Beans - organic,,1 KG,5.85,,,,,,O,,V,5017601061014,,,
NUTS & SEEDS,SUMA PREPACKS - ORGANIC,NU012,Walnuts - organic,,6 X 250G,20.21,,4.49,,,,O,,V,5017601028598,05017601028581,,
GRAINS,BULK COMMODITIES,QS139,Black Rice - Nerone,,25 KG,91.67,,,,,,,,V,,,,
READY MEALS (FROZEN),STRONG ROOTS,XL288,Creamy Mac,,9 X 350G,25.90,,3.85,,,,,,V,5391528181391,05391528181445,,
ESSENTIAL OILS,ABSOLUTE AROMAS,DY264,Noel Reed Diffuser,,1 X 100ML,12.00,1,21.00,,,,,,V,800783150011,,,
SOFT DRINKS,TRIP,JU091,Elderflower & Mint Drink,With botanical extracts,12 X 250ML,14.87,1,1.99,,,,,,V,5060884851483,15060884851480,,
DAIRY YOGHURTS,YEO VALLEY,CV603,Fruity Favourites,,4 X 4 X 110G,9.26,,2.05,,,,O,S,,5036589255659,05036589255642,,
BODY CARE,ALTER/NATIVE BY SUMA,DY438,Boxed Soap Lavender & Lime,Relax - with lavender flowers,6 X 95G,11.82,1,3.15,,,,,,V,5017601039150,05017601039143,,
CEREALS & MUESLIS,BIO & ME,MX077,Apple & Cinnamon Granola,,5 X 360G,14.42,,3.79,,,,,,V,5070000126562,25070000126566,,
VEGAN & OAT MILK,THE BRIDGE,SY187,Oat Cream - Organic,non dairy cream,10 X 200ML,10.12,,1.35,,,,O,,V,8019428005001,18019428005008,,
HERB & FRUIT TEA INFUSIONS,CLIPPER,TE166,Peppermint,Envelope; String & Tagged,6 X 25BAGS,16.80,,3.75,,F,,O,,V,5021991625152,05021991635151,,
SWEET SNACKS,DANDIES,ZX199,Vegan Vanilla Marshmallows,,12 X 200G,29.50,1,3.99,,,G,,S,V,0897581000419,30897581000410,,
HOUSEHOLD CLEANING PRODUCTS,ECOZONE,HJ290,Soap Nuts 300g,,1 X 300G,4.90,1,8.39,,,,,,V,5060101530825,15060101530822,,
HERBS & SPICES - PREPACKED,SUMA,HE144,Jerk Seasoning,,6 X 40G,6.71,,1.49,,,,,,V,5017601051534,05017601051527,N,
TOOTH CARE,HUMBLE,DY468,Dental Floss - Fresh Mint,plastic free,12 X 50M,22.68,1,2.99,,,,,,V,7350075692673,17350075692670,,
CHOCOLATE,LOVERAW,KB878,LoveRaw White Chocolate Wafer,,12 X 43G,14.58,1,1.99,,,,,S,V,5060462260683,5060462260690,N,
BEANS & PULSES - DRIED,SUMA BAGGED DOWN - ORGANIC,PU195,Mung Beans - organic,,3 KG,13.25,,0.00,,,,O,,V,5017601009771,,,
NUTS & SEEDS,SUMA PREPACKS - ORGANIC,NU289,Walnuts - organic,,6 X 375G,28.76,,6.39,,,,O,,V,5017601033837,05017601033820,,
GRAINS,SUMA BAGGED DOWN,QS141,Black Rice - Nerone,,3 KG,13.75,,,,,,,,V,05017601040569,,,
READY MEALS (FROZEN),STRONG ROOTS,XL287,Veggie Masala,,9 X 350G,25.90,,3.85,,,G,,,V,5391528181377,05391528181452,,
ESSENTIAL OILS,ABSOLUTE AROMAS,DY676,Focus Essential Oil Blend,,1 X 10ML,3.33,1,6.00,,,,,,V,800783968104,,,
DAIRY YOGHURTS,YEO VALLEY,CV746,Fat Free Natural Yoghurt,Bio Live,6 X 450G,12.28,,2.75,,,,O,S,,5036589255758,05036589255741,,
BODY CARE,ALTER/NATIVE BY SUMA,DY440,Boxed Soap L'grass & Chamomile,Refresh - toning & cleansing,6 X 95G,11.82,1,3.15,,,,,,V,5017601039174,05017601039167,,
HOUSEHOLD CLEANING PRODUCTS,BIO D,HJ312,All Purpose Sanitiser,Mandarin,5L,7.89,1,12.65,,,,,,V,5034938500146,5034938400095,,
VEGAN & OAT MILK,THE BRIDGE,SY112,Oat Drink - Barista,organic,12 X 1L,21.15,,2.35,,,,O,,V,8019428007579,18019428007576,,
TEAS,CLIPPER,TE161,Green Tea,Envelope; String & Tagged,6 X 25BAGS,14.28,,3.19,,F,,O,,V,5021991625176,05021991635175,,
SWEET SNACKS,DANDIES,ZX203,Vegan Vanilla Mini Marshmallow,,12 X 200G,30.28,,3.99,,,G,,S,V,1230000090018,31230000090019,,
HOUSEHOLD CLEANING PRODUCTS,ECOZONE,HJ038,Limescale Remover - Tough,,6 X 500ML,13.80,1,3.96,,,,,,V,5060101531570,15060101531577,,
HERBS & SPICES - PREPACKED,SUMA,HE334,Curry Powder - Madras,,6 X 45G,7.88,,1.75,,,,,,V,5017601049456,05017601049449,N,
TOOTH CARE,HUMBLE,DY178,Toothbrush Adult Medium Bamboo,flat bamboo toothbrush,20 X 1,24.85,1,1.99,,,,,,V,7330075691867,17350075691864,,
SOFT DRINKS,LIVING THINGS,JU466,Peach & Blood Orange Soda,High fibre; pre & pro biotic,12 X 330ML,15.60,1,2.29,,,,,,V,5070002633501,15070002633508,,03 SEP 25
BEANS & PULSES - DRIED,BULK COMMODITIES - ORGANIC,PU062,Mung Beans - organic,,25 KG,87.22,,,,,,O,,V,,,,
BODY CARE,ORGANII,DY460,ORGANii SPF 50 Sun Lotion Milk,Fragrance free,1 X 125ML,16.40,1,27.95,,,,O,,V,5060358111006,,,
GRAINS,SUMA PREPACKS,QS140,Black Rice - Nerone,,6 X 500G,14.63,,3.25,,,,,,V,5017601040552,05017601040545,,
VEGETABLES (FROZEN),STRONG ROOTS,XL166,Proper Potato Chips,,12 X 750G,31.47,,3.49,,,G,,,V,5391528181230,05391528181247,,
ESSENTIAL OILS,ABSOLUTE AROMAS,DY779,Face Oil - Balance,Jasmine and Juniperberry,1 X ITEM,12.50,1,25.00,,,,,,V,800783003010,,,
DAIRY YOGHURTS,YEO VALLEY,CV403,Greek Style Natural Yoghurt,Bio Live,6 X 450G,12.64,,2.80,,,,O,,,5036589200970,05036589254362,,
BAKING SUNDRIES,OGGS,LJ082,Aquafaba Egg Alternative,Liquid Egg Replacer,12 X 200ML,23.64,,2.59,,,,,,V,25060655450017,35060655450014,,
VEGETABLES (FROZEN),BIO INSIDE,XL278,Organic Asia Vegetable Mix,Ideal for Stir Frys,12 X 400G,26.58,,2.95,,,,O,,V,4026813000170,4026813001214,,
SOFT DRINKS,BRITE,JU174,Pineapple Mango Nootropic Drin,,24 X 330ML,35.65,1,1.99,,,,,,V,5060538080283,5060538080375,,
HERB & FRUIT TEA INFUSIONS,CLIPPER,TE454,Wild Berry,Envelope; String & Tagged,6 X 25 BAGS,19.51,,4.35,,,,O,,V,5021991625190,05021991635199,,
SWEET SNACKS,DANDIES,ZX650,Vegan Vanilla Mini Marshmallow,,2 X 10 X 105,31.76,,2.29,,,G,,S,V,21230000090029,31230000090026,,
HOUSEHOLD CLEANING PRODUCTS,ECOZONE,HJ114,Machine Cleaner - 6 Tablets,Washing Machine & Dishwasher,8 X 120G,24.48,1,5.25,,,,,,V,5060101530252,15060101530259,,
HERBS & SPICES - PREPACKED,SUMA,HE126,Massaman Curry,,6 X 40G,6.71,,1.49,,,,,,V,5017601051350,05017601051343,N,
TOOTH CARE,HUMBLE,DY470,Natural Floss Picks,Taste of Mint,12 X 50,37.50,1,4.99,,,,,,V,7350075692734,17350075692731,,
SOFT DRINKS,LIVING THINGS,JU464,Lemon & Ginger Soda,High fibre; pre & pro biotic,12 X 330ML,15.60,1,2.29,,,,,,V,5070002633525,15070002633522,,
BEANS & PULSES - DRIED,SUMA PREPACKS - ORGANIC,PU151,Mung Beans - organic,,6 X 500G,14.18,,3.15,,,,O,,V,5017601024385,05017601024378,,
HOUSEHOLD CLEANING PRODUCTS,OCEANSAVER,HJ384,Dishwasher Tabs 100 Bulk Pack,,5 X 100 PK,81.26,1,26.00,,,,,,V,5060727262476,05060727262605,,
GRAINS,SUMA BAGGED DOWN,QS005,Rice - basmati; brown,,10 KG,29.75,,,,,,,,V,5017601480051,,,
READY MEALS (FROZEN),STRONG ROOTS,XL276,Crispy Pea & Lemon Air Bites,,12 X 300G,28.25,,3.15,,,,,,V,5391528181872,05391528182152,,
ESSENTIAL OILS,ABSOLUTE AROMAS,DY780,Face Oil - Nourish,Jasmine; Rose & Sandalwood,1 X ITEM,12.50,1,25.00,,,,,,V,800783003119,,,
DRINKS (CHILLED),YEO VALLEY,CV539,Natural Kefir Drink,,6 X 500ML,12.33,,2.75,,,G,O,,,5036589254836,05036589254829,,
BODY CARE,ALTER/NATIVE BY SUMA,DY658,All-In-One - Far & Away Bar,With pina colada zing,6 X 95G,12.18,1,3.25,,,,,,V,5017601047810,05017601047803,,
FRUIT - CANNED & JARRED,BIONA,KJ184,Banana Blossom in Salted Water,,6 X 400G,10.44,,2.35,,,,O,,V,5032722317512,05032722654914,,
VEGAN & OAT MILK,THE BRIDGE,SY487,Rice Drink - Original,organic,6 X 1L,9.68,,2.15,,,G,O,,V,8019428000013,18019428007422,,
HERB & FRUIT TEA INFUSIONS,CLIPPER,TE455,Lemon & Ginger,Envelope; String & Tagged,6 X 25 BAGS,19.51,,4.35,,,,O,,V,5021991937187,05021991967269,,
SWEET SNACKS,DANDIES,ZX667,Vegan Maple Marshmallow,Mini Marshmallow,2 X 10 X 105,31.76,,2.29,,,G,,S,V,21230000090050,31230000090057,,
COFFEE,EQUAL EXCHANGE,TE138,Festive Blend Ground Coffee,100% Arabica,8 X 200G,43.17,,7.19,,,,O,,V,5018190002044,5018190002051,,
HERBS & SPICES - PREPACKED,SUMA,HE335,Curry Powder - Mild,,6 X 45G,7.88,,1.75,,,,,,V,5017601049470,05017601049463,N,
TOOTH CARE,HUMBLE,DY318,Interdental Brush Blue,Size 3,6 X 6 PACK,12.34,1,3.30,,,,,,V,7350075693069,17350075693066,,
SOFT DRINKS,LIVING THINGS,JU465,Raspberry & Pomegranate Soda,High fibre; pre & pro biotic,12 X 330ML,15.60,1,2.29,,,,,,V,5070002633518,15070002633515,,
MEAT ALTERNATIVES (CHILLED),VBITES,CV565,Mushroom Pate,,6 X 150G,15.08,,3.35,,,,,,V,5021821000807,,,
HOUSEHOLD CLEANING PRODUCTS,OCEANSAVER,HJ383,Dishwasher Tabs 30 Pack,,8 X 30 PK,42.50,1,6.80,,,,,,V,5060727262544,05060727263022,,24 SEP 25
FLAKES; BRANS & WHEATGERM,BULK COMMODITIES - ORGANIC,FX004,Rice Flakes - Brown - Organic,,25 KG,126.57,,,,,,O,,V,,,,
MEAT ALTERNATIVES(FROZEN),STRONG ROOTS,XL213,Pumpkin & Spinach Burgers,,12 X 300G,31.48,,3.49,,,G,,,V,5391528181070,5391528181087,,
ESSENTIAL OILS,ABSOLUTE AROMAS,DY781,Face Oil - Rejuvenate,Frankincense and Rosehip,1 X ITEM,12.50,1,25.00,,,,,,V,800783003218,,,
DAIRY YOGHURTS,YEO VALLEY,CV863,Mango & Passion. Kefir Yoghurt,,6 X 350G,9.88,,2.20,,,G,O,S,,5036589252597,05036589252580,,
ESSENTIAL OILS,ABSOLUTE AROMAS,DY782,Face Oil - Sensitive,Apricot Kernel and Vitamin E,1 X ITEM,12.50,1,25.00,,,,,,V,800783003317,,,
BODY CARE,ALTER/NATIVE BY SUMA,DY657,All-In-One - Earthbound Bar,With tea tree lime &lemongrass,6 X 95G,12.18,1,3.25,,,,,,V,5017601047797,05017601047780,,
HOUSEHOLD CLEANING PRODUCTS,BIO D,HJ032,Bathroom Cleaner,,5L,7.64,1,12.25,,,,,,V,5034938500115,,,
SOFT DRINKS,BRITE,JU190,Raspberry Mint Nootropic Drink,,24 X 330ML,35.65,1,1.99,,,,,,V,5060538080290,5060538080382,,
COCOA,CLIPPER,TE188,Instant Hot Chocolate,Fairtrade,6 X 350G,23.11,,5.15,,F,,,S,,5021991938771,05021991968389,,
JAMS & FRUIT SPREADS,MRS DARLINGTONS,KJ081,Apple & Sage Jelly With Cider,,6 X 212G,11.28,,2.55,,,,,S,V,5030563001614,15030563001611,,
HOUSEHOLD PRODUCTS,ECO GREEN LIVING,NF348,Air Fryer Papers 50 Pack,Compostable; Round 19cmx19cm,6 X 50 PACK,16.86,1,4.99,,,,,,V,,5060756362154,,
HERBS & SPICES - PREPACKED,SUMA,HE360,Mustard - ground,,6 X 40G,6.71,,1.49,,,,,,V,5017601049579,05017601049562,N,
TOOTH CARE,HUMBLE,DY323,Interdental Brush Pink,Size 0,6 X 6 PACK,12.34,1,3.30,,,,,,V,7350075693038,17350075693035,,
SOFT DRINKS,LIVING THINGS,JU121,Rhubarb & Apple Soda,High fibre; pre & pro biotic,12 X 330ML,15.60,1,2.29,,,G,,,V,507002633594,15070002633591,,
TOMATOES & TOMATO PRODUCTS,MUTTI,LJ142,Baby Roma Tomatoes,,12 X 400G,18.82,,2.09,,,,,,V,8005110550638,08005110550645,,
HOUSEHOLD CLEANING PRODUCTS,OCEANSAVER,HJ406,EcoDrop Refill - Anti Bac,Refill Pod - Ocean Mist,12 X 10ML,10.50,1,1.40,,,,,,V,5060727260069,05060727260151,,
VEGETABLES (FROZEN),STRONG ROOTS,XL165,Mixed Root Vegetable Fries,,12 X 500G,31.47,,3.49,,,G,,,V,5391528180127,05391528180172,,
DAIRY YOGHURTS,YEO VALLEY,CV864,Natural Kefir Yoghurt,,6 X 350G,9.88,,2.20,,,G,O,S,,5036589252450,05036589252443,,
ESSENTIAL OILS,ABSOLUTE AROMAS,DY320,Frankincense 5ml,,1 X 5ML,4.60,1,8.15,,,,,,V,800783111050,,,
BODY CARE,ALTER/NATIVE BY SUMA,DY560,Boxed Soap Patchouli & Hemp,Tone - with sandalwood,6 X 95G,11.82,1,3.15,,,,,,V,5017601039358,05017601039341,,
CEREALS & MUESLIS,BIO & ME,MX116,Burst Gluten Free Granola,,5 X 350G,14.91,,3.99,,,G,,,V,5060853640315,15060853640312,,
VEGAN & OAT MILK,THE BRIDGE,SY186,Soya Cream - Organic,non dairy cream,10 X 200ML,8.93,,1.19,,,G,O,,V,8019428005032,18019428005039,,
COCOA,CLIPPER,TE196,Instant Hot Chocolate,Fairtrade,4 X 1KG,49.91,,16.65,,F,,,S,,5021991938788,05021991968396,,
JAMS & FRUIT SPREADS,MRS DARLINGTONS,KJ072,Boozy Blood Orange Marmalade,,6 X 340G,16.03,,3.59,,,,,S,V,5030563001621,15030563001628,,
HOUSEHOLD PRODUCTS,ECO GREEN LIVING,NF340,Clingfilm 30cm x 30m,Compostable; perforated,6 X ROLLS,16.86,1,4.99,,,,,,V,5060756360334,5060756362109,,
HERBS & SPICES - PREPACKED,SUMA,HE148,Mixed Spice,,6 X 45G,6.71,,1.49,,,,,,V,5017601049593,05017601049586,N,
TOOTH CARE,HUMBLE,DY319,Interdental Brush Red,Size 2,6 X 6 PACKS,12.34,1,3.30,,,,,,V,7350075693052,17350075693059,,
SOFT DRINKS,LIVING THINGS,JU467,Watermelon & Lime Soda,High fibre; pre & pro biotic,12 X 330ML,15.60,1,2.29,,,,,,V,5070002633549,15070002633546,,
TOMATOES & TOMATO PRODUCTS,MUTTI,LJ140,Classic Pizza Sauce,,12 X 400G,20.62,,2.29,,,,,,V,8005110002052,08005110002069,,
HOUSEHOLD CLEANING PRODUCTS,OCEANSAVER,HJ405,EcoDrop Refill B\Room Cleaner,Refill Pod - Pomegranate Tide,12 X 15G,10.50,1,1.40,,,,,,V,5060727260014,05060727260106,,
READY MEALS (FROZEN),STRONG ROOTS,XL296,Crispy Spinach & Carrot Bites,,12 X 300G,28.25,,3.15,,,,,,V,5391528181865,05391528182091,,
DAIRY YOGHURTS,YEO VALLEY,CV862,Strawberry Kefir Yoghurt,,6 X 350G,9.88,,2.20,,,G,O,S,,5036589252412,05036589252405,,
ESSENTIAL OILS,ABSOLUTE AROMAS,DY336,Frosted Forest 10ml,,1 X 10ML,3.06,1,5.50,,,,,,V,800783937100,,,
BODY CARE,ALTER/NATIVE BY SUMA,DY446,Boxed Soap P'mint & Pine Oil,Exfoliate - with poppy seeds,6 X 95G,11.82,1,3.15,,,,,,V,5017601039235,05017601039228,,
BEANS & PULSES - CANNED,BIONA,VF222,Baked Beans - Organic,,12 X 400G,15.43,,1.69,,,,O,S,V,5032722318632,5032722656024,,
FLAKES; BRANS & WHEATGERM,BULK COMMODITIES,FX502,Wheat Bran,,10 KG,36.15,,,,,,,,V,,,,
COCOA,CLIPPER,TE205,Drinking Chocolate,Fairtrade,6 X 250G,21.44,,4.79,,F,,,S,V,5021991938795,05021991968402,,
PICKLES; CHUTNEYS & MUSTARDS,MRS DARLINGTONS,KJ195,Boxing Day Chutney,,6 X 330G,17.91,,3.99,,,,,S,V,5030563000976,15030563000973,,
HOUSEHOLD PRODUCTS,ECO GREEN LIVING,NF346,Freezer Bags 2L; 35 Pack,Compostable; 30cmx24cm,12 X 35 BAGS,27.13,1,3.99,,,,,,V,5060756360730,5060756362130,,
HERBS & SPICES - PREPACKED,SUMA,HE187,Nutmeg Whole,,6 X 15G,7.88,,1.75,,,,,,V,5017601049616,,N,
TOOTH CARE,HUMBLE,DY324,Interdental Brush Yellow,Size 4,6 X 6 PACK,12.34,1,3.30,,,,,,V,7350075693076,17350075693073,,
OILS & FATS,KTC,GT135,Almond Oil,,12 X 200ML,34.61,,3.85,,,,,,V,5013635482207,05013635482221,,
TOMATOES & TOMATO PRODUCTS,MUTTI,LJ129,Finely Chopped Tomatoes,,12 X 400G,11.70,,1.29,,,,,,V,80042556,08005110170201,,
HOUSEHOLD CLEANING PRODUCTS,OCEANSAVER,HJ404,EcoDrop Refill Kit. Degreaser,Refill Pod - Citrus Kelp,12 X 10ML,10.50,1,1.40,,,,,,V,5060727260021,05060727260113,,
VEGETABLES (FROZEN),STRONG ROOTS,XL230,Crispy Skinny Fries,,12 X 750G,31.48,,3.49,,,G,,,V,5391528181216,05391528181223,,
DAIRY YOGHURTS,YEO VALLEY,CV560,Rhubarb Kefir Yoghurt,,6 X 350G,9.88,,2.20,,,G,O,,,5036589255277,05036589255260,,
ESSENTIAL OILS,ABSOLUTE AROMAS,DY687,French Lavender Essential Oil,,1 X 10ML,4.40,1,7.90,,,,O,,V,800783023100,,,
BODY CARE,ALTER/NATIVE BY SUMA,BK019,Refill Point of Sale Kit,Banner;Poster & Window Sticker,1 KIT,0.00,,,,,,,,V,5017601046431,,,
SWEET SNACKS,BIONA,ZX002,Berry Burst Sweets - Organic,,10 X 75G,15.78,1,2.09,,,G,O,S,V,5032722318786,5032722656178,,
BODY CARE,DR BRONNER'S,DY117,Almond Pure Castile Bar Soap,,12 X 140G,47.75,1,6.49,,F,,O,,V,0018787231005,5018787231000,,
TEAS,CLIPPER,TE983,FT Organic Assam,,6 X 40 BAGS,11.74,,2.65,,F,,O,,V,5021991944345,5021991975141,,
JAMS & FRUIT SPREADS,MRS DARLINGTONS,JS023,Bucks Fizz Marmalade,,6 X 340G,13.43,,2.99,,,,,S,V,5030563000815,15030563000812,,
HOUSEHOLD PRODUCTS,ECO GREEN LIVING,NF347,Freezer Bags 4L 25 Pack,Compostable; 40cm x 24cm,12 X 25 PACK,27.93,1,3.99,,,,,,V,5060756360754,5060756362147,,
HERBS & SPICES - PREPACKED,SUMA ORGANIC,HE382,Mustard Seeds Black - organic,,6 X 50G,8.78,,1.95,,,,O,,V,5017601011514,05017601011828,N,
SUPERFOODS & SPORTS NUTRITION,HUNTER AND GATHER,VM165,Electrolytes v2 - Blood Orange,30 Day Supply,1 X 30,19.13,1,29.75,,,G,,,V,5060972181041,5060972181119,,
SOFT DRINKS,LUSCOMBE DRINKS,JU584,Cool Ginger Beer,,12 X 270ML,22.14,1,2.99,,,G,O,S,V,5029212001044,5029212002010,,
TOMATOES & TOMATO PRODUCTS,MUTTI,LJ134,Passata (Bottled),,12 X 400G,20.85,,2.29,,,,,,V,8005110630408,08005110634123,,
HOUSEHOLD CLEANING PRODUCTS,OCEANSAVER,HJ402,EcoDrop Refill - Disinfectant,Refill Pod - Pink Grapefruit,12 X 9ML,10.50,1,1.40,,,,,,V,5060727261332,05060727261349,,
VEGETABLES (FROZEN),STRONG ROOTS,XL162,Sweet Potato Fries,,12 X 500G,31.47,,3.49,,,G,,,V,5391528180073,05391528180080,,
DAIRY YOGHURTS,YEO VALLEY,CV604,Lemon Curd Yoghurt,Bio Live,6 X 450G,12.38,,2.75,,,,O,S,,5036589204121,05036589904656,,
ESSENTIAL OILS,ABSOLUTE AROMAS,DY688,Lemon Essential Oil,,1 X 10ML,3.50,1,6.30,,,,O,,V,800783011107,,,
BODY CARE,ALTER/NATIVE BY SUMA,DY153,Travel Soap Tin - Round Tin,Aluminium tin with no insert,1 X TIN,2.54,1,4.15,,,,,,V,5017601048831,05017601048824,,
HOUSEHOLD CLEANING PRODUCTS,BIO D,HJ296,Fabric Conditioner Concentrate,Lavender,12 X 1L,31.90,1,4.25,,,,,,V,5034938100308,05034938300142,,
BODY CARE,DR BRONNER'S,DY191,Almond All In One Magic Soap,,1 X 475ML,9.49,1,15.49,,F,,O,,V,0018787241158,5018787241153,,
COFFEE,CLIPPER,TE724,Instant - Fairtrade & Organic,Arabica / Robusta blend,4 X 500G,122.60,,40.89,,F,,O,,V,5021991245510,05021991245527,,
JAMS & FRUIT SPREADS,MRS DARLINGTONS,VF281,Christmas Preserve,,6 X 340G,15.13,,3.39,,,,,S,V,5030563000778,15030563000775,,
HOUSEHOLD PRODUCTS,ECO GREEN LIVING,NF341,Recycled Foil Extra Thick 10m,30CM X 10M With Cutter,6 X ROLLS,16.86,1,4.99,,,,,,V,5060756360372,5060756362116,,
HERBS & SPICES - PREPACKED,SUMA ORGANIC,HE073,Fennel Seeds - organic,,6 X 40G,7.61,,1.69,,,,O,,V,5017601048091,05017601048084,N,
SUPERFOODS & SPORTS NUTRITION,HUNTER AND GATHER,VM084,Electrolytes v2 - Variety Box,30 Day Supply,1 X 30,19.13,1,29.75,,,G,,,V,5060972181072,5060972181102,,
SOFT DRINKS,LUSCOMBE DRINKS,JU586,Hot Ginger Beer,,12 X 270ML,22.52,1,2.99,,,G,O,S,V,5029212001105,5029212002027,,
HOUSEHOLD CLEANING PRODUCTS,OCEANSAVER,HJ403,EcoDrop Refill - Daily Shower,Refill Pod - Tropcial Reef,12 X 9ML,10.50,1,1.40,,,,,,V,5060727262070,05060727262100,,
READY MEALS (FROZEN),STRONG ROOTS,XL301,Thai Green Vegetable Curry,,9 X 350G,25.90,,3.85,,,G,,,V,5391528181407,05391528181421,,
DESSERTS; DAIRY (FROZEN),YEO VALLEY,XL347,Mint Chocolate Chip Ice Cream,,6 X 500ML,22.65,1,6.09,,,,O,S,,5036589252399,5036589252382,,
ESSENTIAL OILS,ABSOLUTE AROMAS,DY326,Myrrh 5ml,,1 X 5ML,6.00,1,10.50,,,,,,V,800783119056,,,
BODY CARE,ALTER/NATIVE BY SUMA,DY502,Boxed Soap Rose & Geranium,Floral - with rose petals,6 X 95G,11.82,1,3.15,,,,,,V,5017601039334,05017601039327,,
DRINKS (CHILLED),BIOTIFUL DAIRY,CV677,Blossom Honey Kefir Drink,,6 X 500ML,13.02,,2.90,,,G,O,,,5060337223034,15060337223031,,
BODY CARE,DR BRONNER'S,DY198,Baby All In One Magic Soap,Mild,1 X 475ML,8.07,1,13.19,,F,,O,,V,0018787241509,,,
HERB & FRUIT TEA INFUSIONS,CLIPPER,TE423,Cleanse With Benefits,,4 X 20 BAGS,9.59,,3.19,,,,O,,V,5021991943324,5021991974120,,
PICKLES; CHUTNEYS & MUSTARDS,MRS DARLINGTONS,KJ032,Christmas Chutney,Cranberry;Apple;Onion;Sultana,6 X 312G,14.51,,3.25,,,,,S,V,5030563000754,15030563000751,,
HOUSEHOLD PRODUCTS,ECO GREEN LIVING,NF351,Parchment Paper 30cm x 20m,Compostable with cutter,6 X ROLLS,15.72,1,4.49,,,,,,V,5060756361409,5060756362161,,
HERBS & SPICES - PREPACKED,SUMA ORGANIC,HE371,Chilli powder - organic,Hot,6 X 25G,8.78,,1.95,,,,O,,V,5017601011408,05017601011712,N,
DAIRY CHEESE,HIGH WEALD DAIRY,CV838,Ashdown Forester Cheese,Mild Cow's Milk Cheese,4 X 150G,13.92,,4.65,,,,O,,,5019693000063,,,
SOFT DRINKS,LUSCOMBE DRINKS,JU145,Raspberry Crush,,12 X 270ML,24.31,1,2.99,,,G,O,S,V,5029212001167,5029212002096,,
HOUSEHOLD CLEANING PRODUCTS,OCEANSAVER,HJ137,Non-Bio Laundry EcoSheets,,10 X 30 SHEE,34.95,1,5.60,,,,,,V,5060727263091,05060727263107,,
BURGERS SAUSAGES & TVP MIXES,SHROPSHIRE SPICE,VF023,Apricot & Almond Stuffing,Wholemeal,6 X 150,7.86,,1.75,,,,,S,V,5026163000768,05026163001116,N,
SOFT DRINKS,TRIP,JU082,Blood Orange & Rosemary Drink,With botanical extracts,12 X 250ML,14.87,1,1.99,,,,,,V,5060884851404,5060884851407,,
DRINKS (CHILLED),YEO VALLEY,CV556,Mango & Passion Kefir Drink,,6 X 500ML,12.33,,2.75,,,G,O,,,5036589254874,05036589254867,,
ESSENTIAL OILS,ABSOLUTE AROMAS,DY340,Noel Essential Oil Blend,,1 X 10ML,3.30,1,6.00,,,,,,V,800783963109,,,
BODY CARE,ALTER/NATIVE BY SUMA,DY445,Boxed Soap Rosemary & Lavender,Revive - with rosemary leaves,6 X 95G,11.82,1,3.15,,,,,,V,5017601039211,05017601039204,,
BISCUITS CRACKERS & CRISPBREAD,BIONA,BT336,Blueberry Filled Cookies,,12 X 175G,30.03,,3.35,,,,O,S,,5032722300392,05032722643888,,
BODY CARE,DR BRONNER'S,DY209,Baby Castile Liquid Soap,Unscented,1 X 945ML,13.01,1,21.29,,F,,O,,V,0018787241608,5018787241603,,
TEAS,CLIPPER,TE151,Decaffeinated Tea,,6 X 40 BAGS,16.44,,3.65,,F,,O,,V,5021991942211,05021991972287,,
TABLE SAUCES,MRS DARLINGTONS,KJ035,Cranberry Sauce With Port,,6 X 200G,13.16,,2.95,,,,,S,V,5030563000877,15030563000874,,
HOUSEHOLD PRODUCTS,ECO GREEN LIVING,NF342,Zip Lock Bags Pack 15 25x25cm,2.5l; compostable,6 X BOXES,27.17,1,7.99,,,,,,V,5060756361140,5060756362123,,
HERBS & SPICES - PREPACKED,SUMA ORGANIC,HE370,Cinnamon - organic,,6 X 30G,8.78,,1.95,,,,O,,V,5017601011392,05017601011705,N,
SUPPLEMENTS & REMEDIES,HEMPWELL,VM415,Broad Spectrum CBD Oil 1000mg,Natural Flavour,1 X 30ML,26.42,1,49.99,,,,,,V,5060793540201,,,
SOFT DRINKS,LUSCOMBE DRINKS,JU439,Sicilian Citrus Crush,,12 X 270ML,22.63,1,2.99,,,G,O,S,V,5029212002065,5029212002065,,
,,,,,TS,,,,,,,,,,,,,
SALADS & SPROUTS (CHILLED),SKY SPROUTS,CV475,Alfalfa Sprouts,,100G,1.81,,2.45,,,,O,,V,5060031140026,,,
SOFT DRINKS,TRIP,JU378,Peach & Ginger CBD Drink,15mg of CBD,12 X 250ML,14.87,1,1.99,,,G,,,V,5070000120713,45010000120711,,
DAIRY BUTTER; CREAM & MILK,YEO VALLEY,CV304,Slightly Salted Organic Butter,,20 X 200G,56.85,,3.79,,,,O,,,5000246728787,15000246562005,,
ESSENTIAL OILS,ABSOLUTE AROMAS,DY252,Spicy Essential Oil Kit,Pack of 3,3 X 10ML,8.20,1,14.99,,,,,,V,800783002006,,,
BODY CARE,ALTER/NATIVE BY SUMA,DY998,Skincare-Ayurvedic Soap Bar,With chaulmoogra;neem & tulsi,6 X 95G,12.18,1,3.25,,,,,,V,5017601043232,05017601043225,,
BODY CARE,DR BRONNER'S,DY118,Baby Castile Bar Soap,Unscented,12 X 140G,40.59,1,5.55,,F,,O,,V,0018787231050,5018787231055,,
TEAS,CLIPPER,TE164,Decaffeinated Tea,,4 X 80 BAGS,18.84,,6.29,,F,,O,,V,5021991942051,05021991972003,,
BAKING SUNDRIES,MRS DARLINGTONS,VF002,Mincemeat with Brandy,,6 X 410G,20.96,,4.69,,,,,S,V,5030563000860,15030563000867,,
HERBS & SPICES - BULK,BULK WHOLE SPICES - ORGANIC,HE703,Whole Black Peppercorns - OG,,500G,12.77,,,,,,O,,V,5017601025832,,,
HERBS & SPICES - PREPACKED,SUMA ORGANIC,HE374,Coriander - organic,,6 X 40G,7.61,,1.69,,,,O,,V,5017601011439,05017601011743,N,
SUPPLEMENTS & REMEDIES,HEMPWELL,VM416,Broad Spectrum CBD Oil 1500mg,Natural Flavour,1 X 30ML,34.33,1,64.99,,,,,,V,5060793540218,,,
SNACK BARS & FLAPJACKS,LOVE VEGAN,KB014,Chocolate Cherry,,20 X 45G,18.79,1,1.49,,,G,,,V,5060623030490,5060623030513,N,
HOUSEHOLD CLEANING PRODUCTS,OCEANSAVER,HJ153,Non-Bio Laundry EcoCaps,,5 X 30 CAPS,24.97,1,7.99,,,,,,V,5060727263275,05060727263374,,
SALADS & SPROUTS (CHILLED),SKY SPROUTS,CV479,Alfalfa & Broccoli Sprouts,,100G,1.85,,2.50,,,,O,,V,5060031140033,,,
SOFT DRINKS,TRIP,JU392,Raspberry Orange CBD Drink,CBD infused,12 X 250ML,14.87,1,1.99,,,,,,V,5060884851223,45060884851221,,
DESSERTS; DAIRY (FROZEN),YEO VALLEY,XL158,Strawberry Kefir Ice Cream,,6 X 480ML,22.65,1,6.09,,,,O,S,,5036589253419,5036589253389,,
ESSENTIAL OILS,ABSOLUTE AROMAS,DY260,Festive Essential Oils Kit,Pack of 3,3 X 10ML,6.50,1,11.50,,,,,,V,800783600004,,,
BODY CARE,ALTER/NATIVE BY SUMA,DY990,Skincare-Detox Bar-Charcoal,With tea tree;lime &lemongrass,6 X 95G,12.18,1,3.25,,,,,,V,5017601043072,05017601043065,,
BODY CARE,DR BRONNER'S,DY717,Cherry Blossom Castile Soap,,1 X 475ML,9.49,1,15.59,,F,,O,,V,0018787831694,5018787831699,,
COFFEE,CLIPPER,TE526,Instant Decaf Organic,Pure Arabica - Freeze Dried,4 X 500G,138.94,,46.35,,F,,O,,V,5021991543234,05021991520235,,
JAMS & FRUIT SPREADS,MRS DARLINGTONS,KJ006,Redcurrant & Rosemary Jelly,With Gin,6 X 212G,11.28,,2.55,,,,,S,V,5030563001713,15030563001710,,
HERBS & SPICES - BULK,BULK MILLED SPICES - ORGANIC,HE707,Cassia Cinnamon Ground - OG,,500G,9.25,,,,,,O,,V,5017601025894,,,
HERBS & SPICES - PREPACKED,SUMA ORGANIC,HE376,Cumin Ground - organic,,6 X 25G,8.78,,1.95,,,,O,,V,5017601011453,05017601011767,N,
SNACK BARS & FLAPJACKS,LOVE VEGAN,KB011,Chocolate orange,,20 X 45G,18.79,1,,,,G,,,V,5060623030484,5060623030506,N,
CHOCOLATE,ORGANIC SEED & BEAN COMPANY,KB733,37% Milk Chocolate,,10 X 75G,21.01,1,3.39,,F,,O,S,,5060137140180,15060137140187,N,
SALADS & SPROUTS (CHILLED),SKY SPROUTS,CV481,Alfalfa & Fenugreek Sprouts,,100G,1.85,,2.50,,,,O,,V,5060031140057,5060031140118,,
SNACK BARS & FLAPJACKS,TROPICAL WHOLEFOODS,KB590,Organic F/T Date & Cocoa,,18 X 40G,16.28,,1.25,,F,,O,,V,5030131006355,05030131906358,N,
DAIRY BUTTER; CREAM & MILK,YEO VALLEY,CV292,Spreadable Butter,,8 X 400G,40.80,,6.80,,,,O,,,5000246728800,15000246562029,,
ESSENTIAL OILS,ABSOLUTE AROMAS,DY261,The Essentials Box - Organic,Pack of 3,3 X 10ML,10.60,1,18.99,,,,O,,V,800783201003,,,
BODY CARE,ALTER/NATIVE BY SUMA,DY991,Shampoo Bar-Lavender&Geranium,With tea tree,6 X 95G,13.00,1,3.75,,,,,,V,5017601043096,05017601043089,,
BODY CARE,DR BRONNER'S,DY123,Lavender Castile Bar Soap,,12 X 140G,47.75,1,6.49,,F,,O,,V,0018787231302,,,
TEAS,CLIPPER,TE053,Earl Grey,,6 X 80BAGS,18.90,,4.25,,F,,O,,V,5021991938542,05021991967979,,
JAMS & FRUIT SPREADS,MRS DARLINGTONS,JS005,Tangerine & Vodka Marmalade,with silver stars,6 X 340G,13.85,,2.59,,,,,S,V,5030563001539,15030563001536,,
HERBS & SPICES - BULK,BULK MILLED SPICES - ORGANIC,HE735,Ginger Powder  Organic,,500G,9.95,,,,,,O,,V,5017601025863,,,
HERBS & SPICES - PREPACKED,SUMA ORGANIC,HE378,Garlic Granules - organic,,6 X 20G,8.78,,1.95,,,,O,,V,5017601011477,05017601011781,N,
BODY CARE,LAVERA,DY583,Lip Balm Sensitive,Jojoba and Almond oil,6 X 4.5G,13.99,1,4.05,,,G,O,,V,4021457655984,4021457731268,N,
CHOCOLATE,ORGANIC SEED & BEAN COMPANY,KB743,72% Dark Dominican,,10 X 75G,21.01,1,3.39,,F,,O,S,V,5060137140142,16060137140149,N,
GRAINS,BULK COMMODITIES,QS091,Rice - Jasmine White,Fragrant long grain white rice,10 KG,17.50,,,,,,,,V,,,,
SALADS & SPROUTS (CHILLED),SKY SPROUTS,CV476,Alfalfa & Radish Sprouts,,100G,1.85,,2.50,,,,O,,V,5060031140095,,,
SWEET SNACKS,TROPICKS,ZX008,Fruit Balls Mango,,8 X 50G,12.60,,2.09,,,G,O,,V,7640130034952,7640130035041,,
DAIRY YOGHURTS,YEO VALLEY,CV614,Greek 5% Fat Natural Yogurt,,6 X 450G,14.15,,3.15,,,,O,,,5036589253532,05036589253525,,
ESSENTIAL OILS,ABSOLUTE AROMAS,DY691,Patchouli Essential Oil,,1 X 10ML,4.70,1,8.35,,,,O,,V,800783014108,,,
BODY CARE,ALTER/NATIVE BY SUMA,DY992,Shampoo Bar - Rose & Geranium,,6 X 95G,13.00,1,3.75,,,,,,V,5017601043119,05017601043102,,
BODY CARE,DR BRONNER'S,DY338,Lavender Castile Liquid Soap,Bulk size 3.8 litres,1 X 3.8L,48.99,1,79.99,B,F,G,O,,V,18787764657,,,
TEAS,CLIPPER,TE158,Earl Grey Decaff,,6 X 40 BAGS,16.44,,3.65,,F,,O,,V,5021991942600,05021991972690,,
JAMS & FRUIT SPREADS,MRS DARLINGTONS,VF009,Winter Berry Preserve,,6 X 340G,15.13,,3.39,,,,,S,V,5030563001584,15030563001581,,
HERBS & SPICES - BULK,BULK WHOLE SPICES - ORGANIC,HE076,Coriander Seeds - OG,,1 KG,8.38,,,,,,O,,V,5017601042075,,,
HERBS & SPICES - PREPACKED,SUMA ORGANIC,HE379,Ginger - organic,,6 X 30G,8.78,,1.95,,,,O,,V,5017601011484,05017601011798,N,
BODY CARE,LAVERA,DY963,All-Round Cream,Shea Butter; Almond Oil; Aloe,4 X 150ML,22.69,1,9.85,,,,O,,V,4021457637690,4021457722488,,
CHOCOLATE,ORGANIC SEED & BEAN COMPANY,KB970,58% Dark Espresso,,10 X 75G,21.01,1,3.39,,F,,O,S,V,5060137140272,15060137140279,N,
GRAINS,SUMA BAGGED DOWN,QS103,Rice - Jasmine White,Fragrant long grain white rice,3 KG,16.59,,,,,,,,V,5017601051091,,,
BURGERS SAUSAGES & TVP MIXES,SHROPSHIRE SPICE,VF307,Bread Sauce,Gluten-Free,6 X 100G,10.63,,2.36,,,G,,S,V,5026163000935,5026163001215,N,
SWEET SNACKS,TROPICKS,ZX023,Fruit Balls Pineapple,& Passion Fruit,8 X 50G,12.60,,2.09,,,G,,,V,7640130034648,7640130035058,,
DAIRY YOGHURTS,YEO VALLEY,CV363,Strawberry Yoghurt,Bio Live,6 X 450G,12.38,,2.75,,,,O,S,,5014067153833,05014067653838,,
ESSENTIAL OILS,ABSOLUTE AROMAS,DY327,Scotch Pine 10ml,,1 X 10ML,3.30,1,6.00,,,,,,V,800783122100,,,
BODY CARE,ALTER/NATIVE BY SUMA,DY708,@Bambuu Soap Dish & Soap Bag,Rectangle dish & storage bag,EACH,3.00,1,4.80,,,,,,V,5017601051978,05017601051961,,
BODY CARE,DR BRONNER'S,DY183,Lavender All In One Magic Soap,,1 X 240ML,6.15,1,9.99,,F,,O,,V,0018787242957,5018787242952,,
HERB & FRUIT TEA INFUSIONS,CLIPPER,TE694,Fennel,,6 X 20BAGS,12.76,,2.85,,,,O,,V,5021991200113,05021991664519,,
PICKLES; CHUTNEYS & MUSTARDS,MRS DARLINGTONS,KJ003,Warming Winter Chutney,,6 X 312G,15.13,,3.39,,,,,S,V,5030563001706,15030563001703,,
HERBS & SPICES - BULK,BULK MILLED SPICES - ORGANIC,HE083,Smoked Paprika - OG,,1 KG,26.09,,,,,,O,,V,5017601042150,,,
HERBS & SPICES - PREPACKED,SUMA ORGANIC,HE381,Mixed Spice - organic,,6 X 25G,8.78,,1.95,,,,O,,V,5017601011507,05017601011507,N,
BODY CARE,LAVERA,DY202,Deodorant - Roll On,Sensitive; Alcohol Free,4 X 50ML,22.49,1,9.75,,,,O,,V,4021457638871,4021457723461,,
CHOCOLATE,ORGANIC SEED & BEAN COMPANY,KB767,72% Dark Lavender,,10 X 75G,21.01,1,3.39,,F,,O,S,V,5060137140227,15060137140224,N,
GRAINS,SUMA PREPACKS,QS094,Rice - Jasmine White,Fragrant long grain white rice,6 X 500G,8.33,,1.85,,,,,,V,5017601051053,05017601051046,,
BURGERS SAUSAGES & TVP MIXES,SHROPSHIRE SPICE,VF158,Gourmet Bread Sauce Mix,White Bread,6 X 140G,7.86,,1.75,,,,,S,V,5026163000829,05026163001178,N,
SWEET SNACKS,TROPICKS,ZX003,Fruit Roll Mango,,30 X 27G,27.00,,1.19,,,G,O,,V,7640130036086,7640130036444,,
DAIRY YOGHURTS,YEO VALLEY,CV610,Greek 0% Natural Yoghurt,,6 X 450G,14.15,,3.15,,,,O,,,5036589253471,05036589253464,,
ESSENTIAL OILS,ABSOLUTE AROMAS,DY692,Peppermint Essential Oil,,1 X 10ML,4.10,1,7.35,,,,O,,V,800783015105,,,
BODY CARE,ALTER/NATIVE BY SUMA,DY709,@Bambuu Soap Dish & Soap Bag,Round Soap Dish & Soap Storage,EACH,2.92,1,4.69,,,,,,V,5017601051992,05017601051985,,
BODY CARE,DR BRONNER'S,DY205,Lavender All In One Magic Soap,,1 X 475ML,9.49,1,15.49,,F,,O,,V,,5018787243003,,
TEAS,CLIPPER,TE635,Everyday Decaffeinated Tea,Envelope; String & Tagged,6 X 25 BAGS,16.58,,3.69,,,,O,,V,5021991943188,05021991973987,,
SOFT DRINKS,DASH WATER,JU817,Sparkling Blackcurrant,,12 X 330ML,9.67,1,1.29,,,,,,V,5060489730053,65060489730000,,
HERBS & SPICES - PREPACKED,SUMA ORGANIC,HE386,Paprika - organic,,6 X 25G,8.78,,1.95,,,,O,,V,5017601011866,05017601011873,N,
BODY CARE,LAVERA,DY453,Sensitive Deodorant Spray,Aloe Vera and natural minerals,4 X 75ML,27.30,1,11.85,,,,O,,V,4021457638994,4021457723584,,
CHOCOLATE,ORGANIC SEED & BEAN COMPANY,KB979,58% Dark Lemon & Cardamom,,10 X 75G,21.01,1,3.39,,F,,O,S,V,5060137140289,15060137140286,N,
GRAINS,BULK COMMODITIES,QS006,Rice - long grain brown,,25 KG,42.31,,,,,,,,V,,,,
BURGERS SAUSAGES & TVP MIXES,SHROPSHIRE SPICE,VF095,Cider Apple and Sage Stuffing,Wholemeal Bread,6 X 150G,7.86,,1.75,,,,,S,V,5026163000812,5026163001161,N,
SWEET SNACKS,TROPICKS,ZX006,Fruit Roll Pineapple,,30 X 27G,27.00,,1.19,,,G,O,,V,7640130036079,7640130036437,,
DESSERTS; DAIRY (FROZEN),YEO VALLEY,XL246,Vanilla Ice Cream,,6 X 500ML,22.65,1,6.09,,,,O,S,,5036589250838,5036589250821,,
ESSENTIAL OILS,ABSOLUTE AROMAS,DY693,Rosemary Essential Oil,,1 X 10ML,3.50,1,6.30,,,,O,,V,800783016102,,,
BODY CARE,ALTER/NATIVE BY SUMA,DY989,Skincare-Shaving Bar Cedarwood,With coffee;orange & tea tree,6 X 95G,12.18,1,3.25,,,,,,V,5017601043058,05017601043041,,
BODY CARE,DR BRONNER'S,DY213,Lavender Castile Liquid Soap,,1 X 945ML,15.30,1,24.99,,F,,O,,V,0018787243107,5018787243102,,
HERB & FRUIT TEA INFUSIONS,CLIPPER,TE264,Groovy Ginger,Hemp; Lemongrass and Ginger,4 X 20 BAGS,11.56,,3.89,,,,O,,V,5021991942990,05021991973826,,
SOFT DRINKS,DASH WATER,JU101,Sparkling Cherry,,12 X 330ML,9.67,1,1.29,,,,,,V,5060489730978,15060489730975,,
HERBS & SPICES - PREPACKED,SUMA ORGANIC,HE394,Turmeric - organic,,6 X 30G,7.61,,1.69,,,,O,,V,5017601011637,05017601011644,N,
BODY CARE,LAVERA,DY589,Hand Cream,Aloe Vera and Shea Butter,4 X 75ML,13.99,1,4.05,,,,O,,V,4021457645046,4021457726134,,
TOMATOES & TOMATO PRODUCTS,MUTTI,LJ127,Tomato Puree in Tubes,Double Concentrated,24 X 130G,30.28,,1.69,,,,,,V,80042532,08005110121241,,
CHOCOLATE,ORGANIC SEED & BEAN COMPANY,KB772,72% Dark Mandarin & Ginger,,10 X 75G,21.01,1,3.39,,F,,O,S,V,5060137140234,16060137140231,N,
GRAINS,SUMA BAGGED DOWN,QS007,Rice - long grain brown,,5 KG,11.75,,,,,,,,V,5017601008347,,,
BURGERS SAUSAGES & TVP MIXES,SHROPSHIRE SPICE,VF217,Roasted Chestnut Stuffing,Wholemeal Bread,6 X 150G,7.86,,1.75,,,,,S,V,5026163000751,05026163001109,N,
SNACK BARS & FLAPJACKS,TROPICAL WHOLEFOODS,KB769,Organic F/T Apricot & Almond,,18 X 40G,16.28,,1.25,,F,,O,,V,5030131006300,05030131106703,N,
HERB & FRUIT TEA INFUSIONS,YOGI TEA,TE593,Alkaline Herbs,Dandelion; Nettle; Lavender,6 X 17 BAGS,12.45,,2.75,,,,O,,V,4012824404281,04012824434288,,
ESSENTIAL OILS,ABSOLUTE AROMAS,DY690,Sweet Orange Essential Oil,,1 X 10ML,2.80,1,5.00,,,,O,,V,800783013101,,,
BODY CARE,ALTER/NATIVE BY SUMA,DY017,Shampoo - Coconut & Argan Oil,Normal/dry hair,6 X 400ML,24.00,1,7.49,,,,,,V,5017601043430,5017601043423,,
BODY CARE,DR BRONNER'S,DY119,Orange Castile Bar Soap,Citrus orange,12 X 140G,47.75,1,6.49,,F,,O,,V,,0018787231159,,
TEAS,CLIPPER,TE990,Green Tea with Lemon Organic,,6 X 20 BAGS,13.17,,2.75,,F,,O,,V,5021991941030,05021991971051,,
SOFT DRINKS,DASH WATER,JU445,Sparkling Cucumber & Mint,,12 X 330ML,9.67,1,1.29,,,G,,,V,25060489730002,5060489730015,,
HERBS & SPICES - PREPACKED,SUMA ORGANIC,HE365,Basil - organic,,6 X 20G,7.61,,1.69,,,,O,,V,5017601011347,05017601011651,N,
BODY CARE,LAVERA,DY581,Moisturising Face Cream,Jojoba and Aloe Vera,4 X 50ML,35.59,1,15.45,,,,O,,V,4021457649969,4021457728992,,
TOMATOES & TOMATO PRODUCTS,MUTTI,LJ128,Flavoured Pizza Sauce,,12 X 400G,20.62,,2.29,,,,,,V,8005110551215,08005110551246,,
CHOCOLATE,ORGANIC SEED & BEAN COMPANY,WS117,58% Dark Salted Caramel,,10 X 75G,21.01,1,3.39,,,,O,S,V,5060137140692,15060137140685,N,
GRAINS,SUMA BAGGED DOWN - ORGANIC,QS035,Rice- long grain brown organic,,10 KG,37.19,,,,,,O,,V,5017601480358,,,
BURGERS SAUSAGES & TVP MIXES,SHROPSHIRE SPICE,VF151,Cranberry & Orange Stuffing,With Chestnut- Wholemeal Bread,6 X 150G,7.86,,1.75,,,,,S,V,5026163000782,05026163001130,N,
SNACK BARS & FLAPJACKS,TROPICAL WHOLEFOODS,KB710,Organic F/T Mango & Brazil,,18 X 40G,16.28,,1.25,,F,,O,,V,5030131006317,05030131106710,N,
HERB & FRUIT TEA INFUSIONS,YOGI TEA,TE167,Ashwagandha Balance Tea,Acerola Cherry; Passionflower,6 X 17 BAGS,12.45,,2.75,,,G,O,,V,4012824406018,04012824436015,,
ESSENTIAL OILS,ABSOLUTE AROMAS,DY330,Spiced Citrus 10ml,,1 X 10ML,3.06,1,5.50,,,,,,V,800783936103,,,
BODY CARE,ALTER/NATIVE BY SUMA,DY369,Shampoo - Coconut & Argan Oil,Normal/dry hair,20L,110.00,1,0.00,,,,,,V,5017601044871,05017601044864,,
BODY CARE,DR BRONNER'S,DY201,Orange All In One Magic Soap,Citrus Orange,1 X 475ML,9.49,1,15.49,,F,,O,,V,0018787242100,5018787242105,,
TEAS,CLIPPER,TE154,Decaffeinated Green,,6 X 40 BAGS,17.16,,3.85,,F,,O,,V,5021991942594,05021991972683,,
SOFT DRINKS,DASH WATER,JU447,Sparkling Grapefruit,,12 X 330ML,9.67,1,1.29,,,G,,,V,5060489730732,15060489730739,,
HERBS & SPICES - PREPACKED,SUMA ORGANIC,HE380,Mixed Herbs - organic,,6 X 20G,7.61,,1.69,,,,O,,V,5017601011491,05017601011804,N,
BODY CARE,LAVERA,DY449,Sensitive Cleansing Gel,Jojoba and Aloe Vera,4 X 125ML,22.50,1,9.75,,,,O,,V,4021457650057,4021457729081,,
TOMATOES & TOMATO PRODUCTS,MUTTI,LJ093,Triple Conc' Tomato Puree,triple concentrate,24 X 200G,37.26,,2.09,,,,,,V,8005110140013,8005110170102,,
CHOCOLATE,ORGANIC SEED & BEAN COMPANY,KB736,70% Dark Chocolate & Sea Salt,,10 X 75G,21.01,1,3.39,,F,,O,S,V,5060137140166,15060137140163,N,
GRAINS,BULK COMMODITIES - ORGANIC,QS034,Rice-long grain brown organic,,25 KG,68.00,,,,,,O,,V,,,,
BURGERS SAUSAGES & TVP MIXES,SHROPSHIRE SPICE,VF308,Cranberry & Apple Stuffing,With Chestnut - Gluten-Free,6 X 120G,10.63,,2.36,,,G,,S,V,5026163000928,5026163001208,N,
SNACK BARS & FLAPJACKS,Tropical Wholefoods,KB174,Pineapple & Cashew Bar,,18 X 40G,16.28,,1.25,,,,O,,V,5030131006324,5030131106727,,
HERB & FRUIT TEA INFUSIONS,YOGI TEA,TE346,Breathe Deep,Eucalyptus; Basil; Thyme,6 X 17 BAGS,12.45,,2.75,,,G,O,,V,4012824431034,4012824401037,,
ESSENTIAL OILS,ABSOLUTE AROMAS,DY277,Epsom Salt Revital,Pack of 3,3 X 300G,7.22,1,13.00,,,,,,V,800783445032,,,
BODY CARE,ALTER/NATIVE BY SUMA,DY028,Shampoo - Coconut & Argan Oil,Normal/dry hair,5L,31.00,1,51.99,,,,,,V,5017601043591,05017601043584,,
FRUIT & VEGETABLE JUICES,BIONA,JU028,Blueberry Juice,Pure Juice,6 X 330ML,32.30,1,8.65,,,,O,,V,5032722307322,05032722643932,,
BODY CARE,DR BRONNER'S,DY207,Peppermint AllInOne Magic Soap,,1 X 475ML,9.49,1,15.49,,F,,O,,V,0018787243350,5018787243355,,
SOFT DRINKS,DASH WATER,JU716,Sparkling Lemon,Infused with wonky lemons,12 X 330ML,9.67,1,1.29,,,,,,V,5060489730008,15060489730005,,
HERBS & SPICES - PREPACKED,SUMA ORGANIC,HE385,Oregano - organic,,6 X 20G,7.61,,1.69,,,,O,,V,5017601011545,05107601011859,N,
BODY CARE,LAVERA,DY450,Sensitive Cleansing Milk,Aloe Vera and Shea Butter,4 X 125ML,25.00,1,10.85,,,,O,,V,4021457650088,4021457729111,,
TOMATOES & TOMATO PRODUCTS,MUTTI,LJ133,Whole Peeled Tomatoes,,12 X 400G,11.82,,1.39,,,,,,V,8005110060007,08005110060045,,
CHOCOLATE,ORGANIC SEED & BEAN COMPANY,KB152,37% Milk Choc Hazel & Almond,,10 X 75G,21.01,1,3.39,,F,,O,S,,5060137140401,15060137140408,N,
GRAINS,SUMA BAGGED DOWN - ORGANIC,QS036,Rice- long grain brown organic,,3 KG,10.75,,0.00,,,,O,,V,5017601480365,,,
SALADS & SPROUTS (CHILLED),SKY SPROUTS,CV504,Mixed Bean Sprouts,,227G,1.95,,2.60,,,,O,,V,5060031140019,,,
SNACK BARS & FLAPJACKS,TROPICKS,KB171,Fruit Bar Mango,,20 X 20G,15.71,,1.05,,,G,,,V,7640130034471,7640131034822,N,
HERB & FRUIT TEA INFUSIONS,YOGI TEA,TE250,Bedtime Rooibos Vanilla,Rooibos; Chamomile; Vanilla,6 X 17 BAGS,12.45,,2.75,,,G,O,,V,4012824402263,4012824432260,,
ESSENTIAL OILS,ABSOLUTE AROMAS,DY694,Tea Tree Essential Oil,,1 X 10ML,3.70,1,6.50,,,,O,,V,800783018106,,,
BODY CARE,ALTER/NATIVE BY SUMA,DY001,Shampoo - Clear & Simple,Sensitive/for all hair types,6 X 400ML,24.00,1,7.49,,,,,,V,5017601043331,05017601043324,,
OLIVES,BIONA,KJ349,Black Olives in Brine,Peranzana Black Olives,5 X 280G,12.89,,3.45,,,G,O,S,V,5032722319462,5032722656864,,
BODY CARE,DR BRONNER'S,DY214,Peppermint Castile Liquid Soap,,1 X 945ML,15.30,1,24.99,,F,,O,,V,0018787243459,,,
SOFT DRINKS,DASH WATER,JU156,Sparkling Lime,infused with wonky limes,12 X 330ML,9.67,1,1.29,,,,,,V,5060489730657,15060489730654,,
HERBS & SPICES - PREPACKED,SUMA ORGANIC,HE390,Rosemary - organic,,6 X 20G,7.61,,1.69,,,,O,,V,5017601011590,05017601011583,N,
SUPPLEMENTS & REMEDIES,HEMPWELL,VM418,Deep Relief CBD Cream - 1000mg,,1 X 100ML,26.42,1,49.99,,,,,,V,5060793540072,,,
BODY CARE,LAVERA,DY230,Body Lotion,With aloe vera and shea butter,4 X 250ML,26.49,1,11.35,,,,O,,V,4021457637706,4021457722495,,
TABLE SAUCES,MUTTI,KJ056,Tomato Ketchup,,6 X 300G,14.06,,3.09,,,,,S,V,8005110004674,08005110004681,,
CHOCOLATE,ORGANIC SEED & BEAN COMPANY,ZX126,Sea Salt & Tropical Lime,37% Milk,10 X 75G,21.01,1,3.39,,F,,O,S,,5060137140494,15060137140491,N,
GRAINS,SUMA PREPACKS - ORGANIC,QS100,Rice -long grain brown organic,,6 X 750G,16.61,,3.69,,,,O,,V,5017601035473,05017601035466,,
SALADS & SPROUTS (CHILLED),SKY SPROUTS,CV510,Organic Sprouts Multi Pack,Mixed Beans; Alf/Broc; Sango R,160G,2.67,,3.55,,,,O,,V,5060031142433,,,
SNACK BARS & FLAPJACKS,TROPICKS,KB173,Fruit Bar Pineapple-Passionfrt,,20 X 20G,15.71,,1.05,,,G,,,V,7640130034693,7640130034754,N,
HERB & FRUIT TEA INFUSIONS,YOGI TEA,TE553,Bedtime,Fennel; Chamomile; Valerian,6 X 17 BAGS,12.45,,2.75,,,G,O,,V,4012824402485,4012824432482,,
ESSENTIAL OILS,ABSOLUTE AROMAS,DY695,Ylang Ylang Essential Oil,,1 X 10ML,5.60,1,10.00,,,,O,,V,800783019103,,,
BODY CARE,ALTER/NATIVE BY SUMA,DY370,Shampoo - Clear & Simple,Sensitive/for all hair types,20L,110.00,1,0.00,,,,,,V,5017601044772,05017601044765,,
SWEET SNACKS,BIONA,ZX662,Cola Bottle Sweets - Organic,,10 X 75G,15.78,1,2.09,,,,O,S,V,5032722306356,05032722642782,,
BODY CARE,DR BRONNER'S,DY715,Rose All In One Magic Soap,,1 X 475ML,9.49,1,15.49,,F,,O,,V,0018787243701,5018787243706,,
SOFT DRINKS,DASH WATER,JU410,Sparkling Orange,,12 X 330ML,9.67,1,1.29,,,G,,,V,5060489730824,15060489730821,,
HERBS & SPICES - PREPACKED,SUMA ORGANIC,HE391,Sage - organic,,6 X 25G,7.61,,1.69,,,,O,,V,5017601011606,05017601011910,N,
SUPPLEMENTS & REMEDIES,HEMPWELL,VM417,Deep Relief CBD Cream - 500mg,,1 X 100ML,15.84,1,29.99,,,,,,V,5060793540089,,,
BODY CARE,WELEDA,DY305,Wild Rose Spray Deodorant,light floral fragrance,100ML,8.29,1,12.99,,,,,,V,4001638088084,4001638088084,,
SALT & SEASONINGS,MYSTIC NATURE,LJ215,Celtic Sea Salt - Coarse,,500G,7.27,,9.99,,,,,,V,5061007061123,5061007061451,,
CHOCOLATE,ORGANIC SEED & BEAN COMPANY,KB200,72% Dark Mint,,10 X 75G,21.01,1,3.39,,F,,O,S,V,5060137140241,15060137140248,N,
GRAINS,BULK COMMODITIES - ORGANIC,QS825,Rice - arborio organic,,25 KG,118.16,,,,,,O,,V,,,,
HERBS & SPICES - PREPACKED,SHROPSHIRE SPICE,HE025,Mulled Wine,,20 X 8G,20.09,,1.35,,,,,S,V,5026163000010,5026163000225,N,
WINES,ORANGE WINE,WN024,El Troyano Verdejo,Fermented with skin contact,6 X 75CL,58.53,1,15.65,B,,,O,,V,8437001679041,8437001679607,,
HERB & FRUIT TEA INFUSIONS,YOGI TEA,TE344,Berry Vanilla Organic,,6 X 17 BAGS,12.45,,2.75,,,G,O,,V,4012824406322,4012824436329,,
